Updated at 16:17:53,,,,,,,,,,,,,,,,,,,,,
,Sc1,Sc1,Sc1,Sc1,Sc1,Sc1,Sc1,SMc1,SMc1,SMc1,SMc1,SMc1,SMc1,SMc1,Cc1,Cc1,Cc1,Cc1,Cc1,Cc1,Cc1
,Timestamp,OPEN,CLOSE,LOW,HIGH,VOLUME,OPEN INTEREST,Timestamp,OPEN,CLOSE,LOW,HIGH,VOLUME,OPINT_1,OPEN INTEREST,OPEN,CLOSE,LOW,HIGH,VOLUME,OPEN INTEREST
,5/1/2025,1034.5,1040.25,1027,1043,2080,1691,5/1/2025,289.7,286.5,286.3,289.7,911,1051,5/1/2025,467.25,464.25,463,472.25,3008,3513
,4/30/2025,1040.5,1034.75,1028.25,1042.5,3242,3016,4/30/2025,290.5,290,287.9,291.9,1877,2116,4/30/2025,461,467.25,460.5,470,10991,5076
,4/29/2025,1051.5,1041,1034.75,1052.75,38351,4852,4/29/2025,287,290.5,285.5,291.3,47395,3291,4/29/2025,475.5,460.5,460.25,477.25,100359,10534
,4/28/2025,1049.5,1052,1041.5,1054,69123,26897,4/28/2025,290,287,285.5,290.4,67506,17121,4/28/2025,477,475.5,469.5,478.75,176588,55681
,4/25/2025,1053,1049.75,1046.75,1058,80595,59559,4/25/2025,288.7,290,286.3,290.5,52126,40179,4/25/2025,477,478.75,476.75,480.75,129454,120641
,4/24/2025,1042,1053,1039,1055,95258,92877,4/24/2025,290.9,288.7,288.1,291.5,41519,66135,4/24/2025,472.25,477.25,472.25,478.5,146915,176861
,4/23/2025,1037.5,1040.25,1034.25,1046,105262,113485,4/23/2025,292.5,290.8,290.6,294.4,56881,74821,4/23/2025,476.25,472,470.25,477,147853,213016
,4/22/2025,1030.75,1035,1030,1039.5,78848,127964,4/22/2025,292.9,291.9,291.4,294.9,51793,89771,4/22/2025,481.75,475.75,475,483,152079,240636
,4/21/2025,1039.75,1029.5,1029,1043.75,56324,145365,4/21/2025,296.7,292.9,292.6,297.9,36026,104199,4/21/2025,483.25,481.75,481.25,487.25,128840,261497
,4/17/2025,1038,1036.5,1032,1045.25,88269,153408,4/17/2025,296.7,295.6,294.6,299,44118,112246,4/17/2025,483.25,482.25,481.5,486.5,117566,279832
,4/16/2025,1035.25,1038.75,1028,1045.75,113594,160082,4/16/2025,294.2,296.7,292.7,297.2,58370,122630,4/16/2025,481.25,484.25,479.25,487,136221,293755
,4/15/2025,1040.5,1036,1030.75,1041.25,126985,178546,4/15/2025,297.1,294.2,291.9,297.1,74611,130303,4/15/2025,485,481.25,479,488.75,178411,313243
,4/14/2025,1040.75,1041.75,1036.75,1049.5,117322,190661,4/14/2025,299.6,297.1,295.7,299.7,71490,138468,4/14/2025,489,485,484.25,490.25,201393,338513
,4/11/2025,1026.5,1042.75,1021.75,1044.5,191945,196209,4/11/2025,297.9,299.6,294.5,302,98646,146550,4/11/2025,482,490.25,481.75,490.75,284335,355026
,4/10/2025,1015.25,1029,1010.75,1029.5,192962,231794,4/10/2025,294.5,297.9,293.1,298.3,82476,163008,4/10/2025,473.25,483,473,484,326270,405090
,4/9/2025,989,1012.75,987.5,1015.5,205523,251821,4/9/2025,289.8,294.5,289.5,297,106580,177836,4/9/2025,468,474,465.75,475.5,257173,446751
,4/8/2025,983.25,992.75,982.5,1002.25,216115,282050,4/8/2025,288,291,288,293.8,103058,202148,4/8/2025,464.5,469,462.75,469.75,255177,475642
,4/7/2025,971.75,983,969.5,993.5,272593,305569,4/7/2025,283.1,288.4,283.1,288.8,94267,216789,4/7/2025,456,464.5,454.25,467.5,216782,523893
,4/4/2025,1011,977,970.25,1012.75,269757,335041,4/4/2025,287.8,283.1,282.1,290.3,85169,226606,4/4/2025,457.75,460.25,449.25,462.5,212888,562971
,4/3/2025,1011,1011.5,1005.25,1020.25,169499,329222,4/3/2025,287.3,288,283.5,291.4,89919,226324,4/3/2025,450,457.5,447.5,462.25,203152,579860
,4/2/2025,1032,1029.5,1024.5,1033,129992,331666,4/2/2025,291.8,287.2,287.1,292.7,71969,227702,4/2/2025,460.25,457.75,454,460.75,159591,601505
,4/1/2025,1014.75,1034.25,1010.5,1034.75,167012,337966,4/1/2025,293,292.3,290.9,294.3,77895,226401,4/1/2025,457.75,461.75,454,465,179571,607630
,3/31/2025,1023,1014.75,1013.25,1031.5,160036,348223,3/31/2025,293.9,292.7,292.1,296.9,79900,227119,3/31/2025,453,457.25,444,459.25,282804,619538
,3/28/2025,1015,1023,1009,1023.5,120885,357602,3/28/2025,294.1,293.5,289.7,294.7,73377,229127,3/28/2025,450.25,453.25,442,454,206960,622914
,3/27/2025,1001,1016.75,999.75,1017.75,111192,363463,3/27/2025,293.8,294.5,292.1,295.3,68409,226194,3/27/2025,451.75,450,447.25,452.75,170192,646262
,3/26/2025,1002.75,1001,997.5,1008.75,103851,365789,3/26/2025,295.5,293.6,293.4,296.7,62097,228778,3/26/2025,458.75,451.25,450.75,461,154487,645623
,3/25/2025,1007,1001.75,998.25,1007.75,99523,375352,3/25/2025,297.3,295.1,294.3,298.1,68941,229683,3/25/2025,464.5,457.75,457,464.75,148189,652322
,3/24/2025,1010,1007.25,1003.25,1011.5,88648,378001,3/24/2025,300.9,297.6,296.8,300.9,55653,233270,3/24/2025,465,464.5,459.5,466.25,125182,650835
,3/21/2025,1013.5,1009.75,1004.25,1016.75,101376,378716,3/21/2025,297.2,300.3,296.8,301,67187,229706,3/21/2025,467.25,464.25,461.25,469.75,182427,656332
,3/20/2025,1009,1013,1004,1014.5,117385,388367,3/20/2025,298.9,297.1,296.2,300.5,65099,228797,3/20/2025,462,469,462,470.25,219751,658785
,3/19/2025,1012,1008.25,1006.5,1016,124450,380565,3/19/2025,300,297.7,296.8,301.9,77808,230873,3/19/2025,458.25,462,455.75,463,185225,663462
,3/18/2025,1015,1012.75,1011.25,1021.75,100675,375706,3/18/2025,304.3,299.9,299.5,304.7,75924,239161,3/18/2025,461,458.75,455.25,462.5,177170,673772
,3/17/2025,1016.25,1015.5,1010.25,1021.75,80925,373220,3/17/2025,305.9,304.3,303.4,307.7,52942,246074,3/17/2025,460,461,457.25,465.5,180875,684690
,3/14/2025,,999.25,,,3,3,3/14/2025,296.6,298.9,296.6,298.6,455,455,3/14/2025,443.25,445.5,443.25,443.25,32,68
,3/13/2025,999.25,996.75,999.25,999.25,33,31,3/13/2025,293.6,300.3,293.6,302,180,125,3/13/2025,450,453.5,450,459.25,101,70
,3/12/2025,997.5,987.5,982.75,997.5,39,109,3/12/2025,,292.4,,,218,247,3/12/2025,455,448.75,444,455,233,132
,3/11/2025,998,997.75,997,1006.25,66,180,3/11/2025,295,294.1,295,295,70,189,3/11/2025,458,456.5,458,464,76,297
,3/10/2025,1013,999.75,999.75,1013,89,192,3/10/2025,296.2,294.4,294.2,299,98,231,3/10/2025,458,458.75,454,459.5,479,335
,3/7/2025,1011,1010.25,1010,1015,112,358,3/7/2025,296.8,296.5,295.4,297.6,137,282,3/7/2025,450.25,455.25,448,456.75,311,682
,3/6/2025,999,1014,999,1019.25,416,394,3/6/2025,295.4,297.1,294.7,299.3,425,563,3/6/2025,443.5,449.5,439.75,452.75,668,885
,3/5/2025,991,997.75,983.25,998.75,276,832,3/5/2025,288,293,288,293.2,624,828,3/5/2025,436.75,440.25,433.25,442,1169,1460
,3/4/2025,995.25,984,978,1000.25,928,996,3/4/2025,288.4,285.9,284.3,288.4,754,849,3/4/2025,440.5,436,426.5,440.5,2273,1901
,3/3/2025,1012,998.25,995.25,1014.5,2052,1536,3/3/2025,293.3,290.1,289.3,293.5,1556,2063,3/3/2025,455.25,440.25,439,456.75,3364,2787
,2/28/2025,1023.25,1011.5,1011,1031.5,1982,2674,2/28/2025,291.5,291.7,288.5,292.4,1368,2446,2/28/2025,465.5,453.5,453,468,8178,4482
,2/27/2025,1024,1022.75,1021,1034,37040,3647,2/27/2025,293.2,290.9,290.7,295.6,19148,3581,2/27/2025,478.25,464.75,463.75,481.25,86413,8313
,2/26/2025,1030,1024.5,1021.25,1032.75,74754,25092,2/26/2025,293.7,293.4,291.5,295.6,43931,12497,2/26/2025,480.25,478.25,477,485,101750,46457
,2/25/2025,1029,1031.25,1019.5,1035,117588,52654,2/25/2025,291.9,293.8,289.1,294.4,53122,28268,2/25/2025,483.25,479.75,474.25,484.5,116438,77419
,2/24/2025,1038.25,1029,1027,1043,101531,86743,2/24/2025,294.5,291.8,291.5,296.4,56619,46650,2/24/2025,490,482.5,481.5,491,189315,119591
,2/21/2025,1043.75,1039.5,1036.5,1049.25,115932,115893,2/21/2025,296,294.8,293.3,297,54197,65072,2/21/2025,498,491.25,490,499.5,209485,166183
,2/20/2025,1032.25,1045.5,1031.75,1046,112590,149910,2/20/2025,294.7,296,293.4,297.4,55850,81974,2/20/2025,497.75,498,497.5,503.25,163804,265543
,2/19/2025,1037,1031.75,1029.25,1047.75,133961,159234,2/19/2025,293.8,294.7,292.1,298,62944,92951,2/19/2025,502,497.5,496.25,504.5,210080,297547
,2/18/2025,1033,1038.5,1026,1041.75,123334,184314,2/18/2025,295.3,293.8,293.2,298,82124,105341,2/18/2025,496.25,502,493.25,504.25,238775,345971
,2/14/2025,1030,1036,1029.5,1046.75,120772,196155,2/14/2025,292.7,295.9,292.1,300.5,78046,116453,2/14/2025,493,496.25,492.5,499.75,195600,369697
,2/13/2025,1028.5,1030,1024,1032.5,147392,209887,2/13/2025,294,292.7,291.6,296.2,74032,130324,2/13/2025,489.75,493.5,485.25,494.25,269316,384127
,2/12/2025,1043.5,1027.75,1024.5,1047,171577,228252,2/12/2025,296.9,294.1,293.4,298,81740,142712,2/12/2025,483.75,490.25,481.5,492.25,271391,420862
,2/11/2025,1049,1043.5,1041.5,1057,149758,255936,2/11/2025,300.5,296.6,296.4,302.9,79898,157895,2/11/2025,491.75,484,483.25,497,311257,467202
,2/10/2025,1046.5,1049.5,1043,1052.25,128319,272524,2/10/2025,301,300.5,299.2,302.8,66327,171354,2/10/2025,485.75,491.5,482.25,492.75,250904,519665
,2/7/2025,1060.5,1049.5,1047.5,1063.75,154226,283825,2/7/2025,306,301.4,300.5,307,69848,184300,2/7/2025,495.5,487.5,485.5,496.5,287303,553885
,2/6/2025,1057.25,1060.5,1049.75,1066.5,129164,301839,2/6/2025,308.3,306.4,303.3,310.5,72838,193507,2/6/2025,493.25,495.25,486,496.5,299134,607712
,2/5/2025,1073.5,1057,1053,1079.75,166300,303782,2/5/2025,313.8,308.3,306.9,314.7,66920,192305,2/5/2025,494,493.25,489.75,498.5,226004,640625
,2/4/2025,1057.5,1075,1048.25,1077.25,182908,318340,2/4/2025,304,314,304,314.9,88954,194845,2/4/2025,488,494.5,487.25,497.25,279780,654135
,2/3/2025,1032,1058.25,1031.75,1060.25,164396,316850,2/3/2025,298.6,303.7,295.3,304.2,85345,198873,2/3/2025,476.75,488.75,472.5,491,322166,666145
,1/31/2025,1042.75,1042,1034,1052,154522,318925,1/31/2025,304,301.1,299,306.5,81292,200768,1/31/2025,488.25,482,479.25,488.75,318483,680248
,1/30/2025,1060,1044,1042,1060.5,135406,322238,1/30/2025,310.1,304.7,303.7,310.3,60099,202006,1/30/2025,496.25,490.25,490,497,218110,696397
,1/29/2025,1045,1060.5,1044.5,1061.75,128051,329617,1/29/2025,302,309.8,301.6,310.8,73019,204816,1/29/2025,485,497,485,497.5,277207,699507
,1/28/2025,1042.75,1045,1041,1050.75,129003,330417,1/28/2025,301,301.6,298.6,303.9,72043,206424,1/28/2025,482.25,485.25,481,489.25,225855,688017
,1/27/2025,1050,1045,1040,1051,127356,336044,1/27/2025,302.5,300.8,298.9,303.5,64219,214527,1/27/2025,484.5,482,477.75,484.75,216234,693686
,1/24/2025,1051,1055.75,1046.75,1063,177241,341256,1/24/2025,309.5,304.9,303.5,311.1,105768,218002,1/24/2025,487,486.5,483.5,489.5,208959,704672
,1/23/2025,1055,1065.5,1047.75,1076.25,148819,353290,1/23/2025,315.7,315.3,313,319,75885,222148,1/23/2025,484.25,489.75,480.5,494.5,250550,739097
,1/22/2025,1066,1056,1051.75,1073.5,214743,349754,1/22/2025,311,315.8,307.5,318.5,101641,224113,1/22/2025,489.5,484.25,482.5,492.25,264538,730560
,1/21/2025,1045,1067.25,1039,1068,215089,361410,1/21/2025,299,311,299,311.4,96833,225208,1/21/2025,484.25,490,482.5,490.5,295105,731108
,1/17/2025,1019,1034,1019,1039,189419,358757,1/17/2025,295.5,297.2,294.1,299.3,64775,232011,1/17/2025,474,484.25,474,485,305007,734986
,1/16/2025,1042,1019,1018.5,1042.75,162099,356859,1/16/2025,301.8,294.4,293.5,302,86235,233546,1/16/2025,478.75,474.5,473.25,479,209824,723691
,1/15/2025,1046,1042.75,1039.75,1054,139448,366814,1/15/2025,305.5,302,301.4,309.3,60603,234825,1/15/2025,474.25,478.75,474,479.5,218140,722959
,1/14/2025,1043,1043,1035,1049,43,17,1/14/2025,,298.4,,,24,35,1/14/2025,475.5,474.5,473.5,479.75,278017,717966
,1/13/2025,1022,1041.5,1021.5,1044,202,149,1/13/2025,296.7,300.2,296.7,298.4,63,38,1/13/2025,469.75,476.5,469.25,477,376883,724076
,1/10/2025,992,1013.5,992,1018.5,435,209,1/10/2025,290.1,290.6,287.8,293,127,97,1/10/2025,456,470.5,455.75,472.5,467086,725603
,1/9/2025,982.75,992.25,980.5,991,168,287,1/9/2025,291,291.8,290.8,293.1,214,187,1/9/2025,454,456,453.5,457.25,157712,696482
,1/8/2025,994,987.5,985.75,994,308,389,1/8/2025,291.1,292.6,290.8,292.9,188,305,1/8/2025,457.75,454,453.5,459.25,192588,706036
,1/7/2025,991,992.25,982.5,993.25,265,516,1/7/2025,295.7,295.3,293.5,295.7,407,417,1/7/2025,456,458,453,458.5,211629,718953
,1/6/2025,982.75,992.5,982.75,997.5,598,647,1/6/2025,303.3,298.6,297.8,304.7,600,650,1/6/2025,451.5,457.75,451.5,460.25,227403,720713
,1/3/2025,1002.25,981,978.75,1002.25,912,919,1/3/2025,310.9,299.9,299.1,310.9,1120,991,1/3/2025,459.5,450.75,449.25,459.75,199340,726805
,1/2/2025,996.5,999.5,990.75,1004,1299,1743,1/2/2025,307.2,310.9,305.9,312.4,1317,1203,1/2/2025,457.25,459.5,456.25,459.75,163449,743840
,12/31/2024,980.5,998.25,980,999.5,5238,2388,12/31/2024,303.9,307.6,303.7,308.4,3171,2001,12/31/2024,452.25,458.5,452,459,172882,746247
,12/30/2024,983.5,982,974.75,994.75,39468,4523,12/30/2024,302.4,302.6,301,308.3,18219,2768,12/30/2024,453.75,452.25,449.75,458.5,217069,743912
,12/27/2024,986.5,980,979.25,989.25,56059,31384,12/27/2024,305.8,300.9,300.6,306.6,39456,11144,12/27/2024,453.25,454,452.25,455,162024,749899
,12/26/2024,979,988,975,989.75,70637,54165,12/26/2024,295,305.7,294.6,306.5,59883,32192,12/26/2024,448.5,453.75,448.5,454.25,176165,765265
,12/24/2024,968.25,975.25,966,975.75,28802,76465,12/24/2024,289.7,292.9,289,293.7,24809,54440,12/24/2024,447.25,448.5,446.75,448.75,88153,765553
,12/23/2024,974.5,969.5,968,979.25,73622,85804,12/23/2024,295.4,289.5,289.2,298.9,49187,61520,12/23/2024,446,447.75,445.25,448.25,132878,773308
,12/20/2024,962.5,974.5,960,977.5,110119,111975,12/20/2024,284.1,294.5,283.3,295.5,59651,77027,12/20/2024,439.75,446.25,439.5,447.5,191422,773714
,12/19/2024,950.25,963,945.25,964.75,170407,127227,12/19/2024,279.9,284.1,278.5,285,52453,90635,12/19/2024,437,440.75,435.75,441,182519,775208
,12/18/2024,976.75,951.75,950.25,977.5,171410,152094,12/18/2024,287.2,279.5,279.3,287.5,55609,98412,12/18/2024,443.75,437.25,437,446.5,176178,773388
,12/17/2024,982.5,976.75,970.5,986.25,170736,169017,12/17/2024,286.9,287.2,284.2,288.7,53617,107881,12/17/2024,445,443.5,441.25,446.75,164416,778582
,12/16/2024,987.5,982,981,993.5,126195,192846,12/16/2024,286.2,286.9,286.1,291.2,68701,116875,12/16/2024,441.25,445,441.25,445.75,157167,789079
,12/13/2024,994.25,988.25,986,995,97052,209365,12/13/2024,284.5,284.1,284.5,284.5,107,141,12/13/2024,434.25,430,426.25,434.25,17,43
,12/12/2024,995,995.75,988.5,998.25,178084,214960,12/12/2024,287.7,286.5,285.5,288.1,356,220,12/12/2024,436.5,431.75,431.75,439,334,189
,12/11/2024,994,995.5,988,1001,177510,236863,12/11/2024,289.6,288,287.5,289.6,696,647,12/11/2024,440,438,437.75,443.25,570,319
,12/10/2024,990,994.75,988.5,1000,162231,263435,12/10/2024,287.4,288.8,287.4,289,466,1107,12/10/2024,433.5,440.5,433.25,440.75,1685,657
,12/9/2024,992.25,990,985.75,1003.5,155123,290550,12/9/2024,287.9,286.1,285.3,287.9,489,1343,12/9/2024,431.25,434,431,434.75,1586,1603
,12/6/2024,993,993.75,987.75,997.5,150604,308231,12/6/2024,286,283.8,282.6,286.1,1111,1241,12/6/2024,426.5,430.75,425.25,431.5,1372,2669
,12/5/2024,983.5,993.75,982.25,994.75,109222,326616,12/5/2024,288.4,287.4,286.4,288.8,722,1751,12/5/2024,421.5,426.5,420.25,427,2566,3579
,12/4/2024,991.5,983.75,980.5,992,113543,329113,12/4/2024,286,288,286,287.6,555,2266,12/4/2024,423.25,422,421,424.5,1723,4913
,12/3/2024,985,991.75,983.5,999,135065,332285,12/3/2024,283.8,286,283.8,287.4,489,2560,12/3/2024,425,423.25,422.75,428,4091,6416
,12/2/2024,989.5,985.25,977.5,990.5,124010,330595,12/2/2024,288.4,283.4,283.2,289,1940,2734,12/2/2024,423,424.5,420.75,425.5,3895,9402
,11/29/2024,993.25,989.5,982.75,998,77392,335146,11/29/2024,289.8,287.1,286.1,289.8,3976,3532,11/29/2024,416,423,415,423.5,7903,12409
,11/27/2024,984,988.75,983.25,994.25,134095,335633,11/27/2024,288.1,290.5,287.7,294,23420,5107,11/27/2024,420,415.75,414.75,422.25,145009,17675
,11/26/2024,980,983.5,976.75,991.25,131739,342349,11/26/2024,292.7,288.1,287.5,293.6,57141,13531,11/26/2024,424.25,420,417.75,425.75,210241,89422
,11/25/2024,987.5,985.75,983,993.25,100522,350173,11/25/2024,289.5,293.7,289.5,296.9,64211,35679,11/25/2024,425.25,424.75,422.25,426.25,226269,174062
,11/22/2024,980.75,983.5,975.25,985.25,113875,352834,11/22/2024,288.3,289.2,286.6,290.1,63416,57660,11/22/2024,426.75,425.5,425,429.5,159873,267939
,11/21/2024,991,977.75,976.25,998.75,145233,353896,11/21/2024,290,287.7,287.2,290.9,40655,82322,11/21/2024,430,426.75,426.25,432,187445,326876
,11/20/2024,998.5,990.5,985.25,1001.5,110520,353132,11/20/2024,289.3,289.4,287.1,290.9,53897,90448,11/20/2024,427,430.25,424.75,432,224875,361594
,11/19/2024,1009.75,998.5,995.25,1012.75,114559,355094,11/19/2024,290.5,288.6,287.7,293,60938,103990,11/19/2024,428.75,427.25,426.5,431.5,215160,385585
,11/18/2024,1002.5,1009.75,989.5,1011.5,107221,356160,11/18/2024,290,290.3,287.7,291.9,63563,116055,11/18/2024,423.75,429.25,422.25,429.5,190964,413176
,11/15/2024,988,998.5,987.25,1005.25,140153,356660,11/15/2024,287.5,289.6,285.3,290.1,71263,129223,11/15/2024,418.75,424,417,425,218570,438710
,11/14/2024,990.25,985.75,990.25,990.25,75,9,11/14/2024,291.6,287,285.9,291.8,74031,141150,11/14/2024,426,419,418.25,428,292267,455774
,11/13/2024,1001.25,1004.25,999,1003,86,120,11/13/2024,293,291.6,289.8,293.9,69180,148886,11/13/2024,428.5,426.5,424.25,429.75,235165,478864
,11/12/2024,1011.75,1003.5,998.75,1011.75,209,159,11/12/2024,295.3,292.9,291.3,296.9,66688,161612,11/12/2024,429.75,428.5,426.75,433.5,250503,518244
,11/11/2024,1020.75,1011.75,1011,1025.75,212,288,11/11/2024,297.4,295.1,294.5,302.2,67168,169704,11/11/2024,430,430,426.5,432,250205,543747
,11/8/2024,1015,1016.75,1006,1030,427,335,11/8/2024,298.6,296.2,295,302.6,81426,179259,11/8/2024,427.5,431,426.75,434.75,347310,590371
,11/7/2024,997,1015.5,989.75,1015.5,545,551,11/7/2024,298.4,298.5,295,303,65661,186841,11/7/2024,425.75,427.5,422.25,428.5,310584,611209
,11/6/2024,991.75,994.5,973,997.5,391,837,11/6/2024,299,298.4,293.1,299.1,56021,190185,11/6/2024,418,426.25,414.25,426.75,283193,644100
,11/5/2024,992.25,993.75,991,996.75,629,1042,11/5/2024,299.6,299.5,297,300.5,52668,189995,11/5/2024,416.25,418.5,415.25,419.75,167928,654158
,11/4/2024,990,987.25,982.5,995,1524,1436,11/4/2024,295.3,299.6,294.9,302.5,86379,197385,11/4/2024,414,416.5,413,420,219138,671250
,11/1/2024,984.25,982.5,978.25,997.25,3051,2675,11/1/2024,299.6,295.3,293.8,301,74270,194943,11/1/2024,410.75,414.5,410.5,415.75,197406,687247
,10/31/2024,977.5,982.5,975.5,985.5,7820,3904,10/31/2024,301.5,299.5,298.9,302.7,74402,195407,10/31/2024,411.5,410.75,409.25,412.75,238814,690634
,10/30/2024,965,976.5,963.75,979,57700,5967,10/30/2024,301.7,301.6,300.5,304,57793,201924,10/30/2024,413.25,411.5,411,414.25,170092,706835
,10/29/2024,974.75,965.25,965,980.5,82001,33702,10/29/2024,305.4,301.8,301,306.6,56388,205931,10/29/2024,410,413.75,410,414.75,197431,712894
,10/28/2024,984,974,973.5,985.5,109011,74080,10/28/2024,305.8,304.8,302.7,307.4,65656,208426,10/28/2024,413.25,410.75,410,414.75,251359,724007
,10/25/2024,996.25,987.75,984,996.25,143812,114956,10/25/2024,311.4,305.8,305,311.4,86949,208576,10/25/2024,420.5,415.25,414.5,421,247609,729535
,10/24/2024,997.5,996.25,994.25,1012.25,190684,183748,10/24/2024,314.5,310.4,310.1,317.4,80180,212956,10/24/2024,418.75,421.5,418.25,424,287987,736366
,10/23/2024,992,997.5,985,999.75,157963,208789,10/23/2024,318,315,314.1,320.1,68453,213248,10/23/2024,416,419,414,420,246005,747184
,10/22/2024,980.5,991.75,976.75,997,185249,229931,10/22/2024,318.4,317.7,315.3,320.2,53047,216587,10/22/2024,409,416.5,408.25,417,267224,747736
,10/21/2024,970,981,969,983.75,184725,250668,10/21/2024,315.6,318.3,315.4,319.6,45665,219405,10/21/2024,403.75,409.5,403,411.75,241760,750384
,10/18/2024,989.5,970,969.25,995.5,229536,273766,10/18/2024,318.5,315.6,315.2,323.3,73906,221054,10/18/2024,406.75,404.75,403.75,409.5,193538,749701
,10/17/2024,978.75,988.75,968.25,991.25,236377,288618,10/17/2024,313.7,318.1,311.8,318.8,97089,225804,10/17/2024,404.5,406.75,399,407.5,255482,755132
,10/16/2024,991,980,978.25,1001.5,247535,307414,10/16/2024,312.1,313.7,311.7,316,69432,225706,10/16/2024,401.25,404.75,401,406.75,214285,756853
,10/15/2024,995,991,981,996,239187,318930,10/15/2024,315.6,311.8,308.8,316.4,73183,224233,10/15/2024,408,401.25,400.5,408,305403,754065
,10/14/2024,1002,996,995.5,1008.5,165943,315440,10/14/2024,,316.5,,,50,50,10/14/2024,415,408.25,407.5,415.25,257782,741732
,10/11/2024,1014.5,1005.5,1004,1023.75,213825,317048,10/11/2024,318.7,316.5,318.7,321.5,79,100,10/11/2024,418.5,415.75,415.25,422.75,224069,731177
,10/10/2024,1019.75,1014.75,1011.75,1025.5,158953,324442,10/10/2024,321.4,317.5,314,321.6,90,195,10/10/2024,421,418.5,418,424,171360,731988
,10/9/2024,1015,1020.25,1011.5,1027.25,185293,338579,10/9/2024,323.5,322.5,322.6,324.6,131,214,10/9/2024,420.25,421,420,423.5,148815,729095
,10/8/2024,1032.5,1016.25,1011.5,1039.5,215735,353574,10/8/2024,324,323.6,322.8,324.7,42,320,10/8/2024,426,420.75,419.25,428,229659,731486
,10/7/2024,1033.5,1034,1026.5,1039,170260,374017,10/7/2024,330,324.8,324.6,330,107,361,10/7/2024,424,426,421.25,427,161439,735558
,10/4/2024,1045,1037.75,1036.25,1055.25,136658,388818,10/4/2024,332.9,330.5,331.6,336,163,465,10/4/2024,427.5,424.75,423,427.5,165354,745402
,10/3/2024,1053.75,1046,1041.75,1056.25,126126,385087,10/3/2024,341,332.8,332.5,341,200,622,10/3/2024,431.5,428.25,427.5,433.25,181331,766116
,10/2/2024,1055,1056,1042.5,1063.75,158797,381838,10/2/2024,352.2,341.4,335,352.2,1006,781,10/2/2024,428.5,432.5,428.5,434.25,239747,768074
,10/1/2024,1055.75,1057.25,1045,1065.5,165015,383722,10/1/2024,344.1,350,343,354,2728,1534,10/1/2024,423.5,429,421.75,432.5,262757,763499
,9/30/2024,1060.25,1057,1052,1069.75,167653,387833,9/30/2024,339.1,344.3,339.1,348.4,1819,3304,9/30/2024,416.5,424.75,415.5,427.75,272926,770713
,9/27/2024,1039.75,1065.75,1034.25,1069.5,237043,391190,9/27/2024,324.4,343.7,322.7,345.6,18511,4602,9/27/2024,413,418,410.75,419.75,218578,769606
,9/26/2024,1051.75,1041,1039.75,1064.75,191090,392577,9/26/2024,326,324.2,322.8,329.5,38494,13500,9/26/2024,414.75,413.25,412.5,419.25,204872,780378
,9/25/2024,1042,1053.25,1031.25,1054.5,175631,395116,9/25/2024,323.5,326.1,320,326.7,39454,23468,9/25/2024,411.75,415.25,408.5,415.5,158957,774105
,9/24/2024,1037,1042.25,1032.75,1058.25,206134,399393,9/24/2024,326.5,323.6,322.5,332.5,37564,34011,9/24/2024,413,411.75,410,418.25,210496,787020
,9/23/2024,1012,1039.25,1012,1041.75,220319,406338,9/23/2024,317.4,326.5,317.4,327.6,35054,45588,9/23/2024,401.5,413.5,401.25,414.25,228072,783858
,9/20/2024,1012.5,1012,1001.25,1019,128091,407605,9/20/2024,320,317.4,314.1,322.6,33587,52053,9/20/2024,406,401.75,401.5,407.25,178231,789437
,9/19/2024,1015,1013.25,1006.75,1018.25,116585,409122,9/19/2024,318,319.9,316.9,321.8,34764,58764,9/19/2024,412.25,405.75,405.25,413,166204,791138
,9/18/2024,1007,1014,1006.25,1022,147447,406386,9/18/2024,318.6,317.9,315.3,323.4,30150,63647,9/18/2024,412,412.75,411,415,134644,794764
,9/17/2024,1003.75,1006,1002,1011,80303,409280,9/17/2024,319.3,318,316.4,320.5,23262,63699,9/17/2024,410,412.5,408.5,413,123973,788859
,9/16/2024,1005,1004.5,999,1012,79098,408435,9/16/2024,318.5,320.1,316.1,322.2,25927,64837,9/16/2024,413,410.75,408.5,413,150818,790622
,9/13/2024,,986.75,,,50,49,9/13/2024,,315.4,,,64,43,9/13/2024,381.25,390.75,381,394,40,9
,9/12/2024,987.5,991.5,987.5,987.5,4,6,9/12/2024,317,316.5,316.1,317.1,18,159,9/12/2024,380.5,386.25,380.5,387.5,123,65
,9/11/2024,978.25,979.75,978.25,978.25,25,31,9/11/2024,310.6,313.3,310.6,313,163,165,9/11/2024,379.75,380.5,377,381.25,117,168
,9/10/2024,980.25,977.5,980.25,981.75,59,80,9/10/2024,318.4,310.6,310.4,318.4,147,172,9/10/2024,382.75,379.5,380,382.75,296,197
,9/9/2024,1000.25,1000,1000,1000.25,69,113,9/9/2024,320.3,317.8,318.1,321.4,359,266,9/9/2024,383.75,384.25,381,385.25,381,310
,9/6/2024,1008,989.25,1002.25,1008,122,170,9/6/2024,320.4,318.4,318.4,325.2,619,403,9/6/2024,389.75,383.75,383,395.25,504,475
,9/5/2024,999.5,1008.25,999.5,999.5,309,244,9/5/2024,318,320.7,315.6,320.6,598,711,9/5/2024,389,390,386.75,390,485,737
,9/4/2024,987.5,1006,987.5,1001.5,382,435,9/4/2024,319.7,323.8,315,324.1,945,1221,9/4/2024,385.5,390.5,383,391.25,1519,1231
,9/3/2024,978.75,997,978.75,1007.5,518,969,9/3/2024,311.8,319.7,310.1,322,1096,1935,9/3/2024,378,386.5,376.5,386.75,3017,1901
,8/30/2024,974.5,982,971.5,987.5,2055,1825,8/30/2024,309.1,311.6,305.6,313.2,3083,2500,8/30/2024,371.25,378,371,378.75,6393,3702
,8/29/2024,957.25,973.75,957,975,10556,1921,8/29/2024,310.5,308.6,308,316.1,22165,4476,8/29/2024,364.25,371.75,363.75,372.75,100531,7178
,8/28/2024,968.25,958.5,953.5,969.5,10273,7166,8/28/2024,317.3,310.8,309.9,317.3,28983,13474,8/28/2024,367,365.25,362.25,367.75,160784,53327
,8/27/2024,959,967.5,957,971.75,13636,11450,8/27/2024,311.5,317.3,311.2,318.1,45325,23191,8/27/2024,361.5,367.25,360.75,369.25,161618,114395
,8/26/2024,943.5,959.75,939.25,961.25,18427,17696,8/26/2024,304.7,312.1,302.7,312.3,36429,35300,8/26/2024,367.25,362,360.5,367.5,143588,162944
,8/23/2024,941.75,952,941.25,954,16814,24697,8/23/2024,306.4,306.3,303.7,307.8,25752,43564,8/23/2024,371,367.75,367.25,374,138358,198825
,8/22/2024,962,941.25,940,963,17660,38406,8/22/2024,312.5,306.4,305.9,313,25567,51001,8/22/2024,375.5,371.5,370.75,376.5,131932,250684
,8/21/2024,957,963,955.5,966,12788,43340,8/21/2024,312.5,312.5,310.5,315.8,24352,58050,8/21/2024,374.75,375.5,374,378,96191,277239
,8/20/2024,955.25,957.25,950.75,966.25,13630,46192,8/20/2024,312.4,312.3,309.7,317.7,31803,59736,8/20/2024,377.75,375,374.75,378.5,122507,288016
,8/19/2024,938,956.25,938,957.5,15833,48238,8/19/2024,302.8,311.7,302.8,312,17375,62303,8/19/2024,370.25,378,370,378.5,151084,303880
,8/16/2024,950.5,938.75,936.25,952.5,17420,49948,8/16/2024,308,303.4,302.1,309.5,18071,65394,8/16/2024,374.5,370.5,367.75,375.75,137465,330222
,8/15/2024,951.75,951.5,950.5,961,15039,51801,8/15/2024,305.6,307.9,305.2,310.4,26332,66122,8/15/2024,380.75,375,374.5,383.5,151990,344356
,8/14/2024,989.5,979.75,989.5,989.75,4,3,8/14/2024,321.1,320.6,320.6,321.1,8,1,8/14/2024,377.25,381,376,382,125031,368456
,8/13/2024,1003,989,1002,1003,19,3,8/13/2024,314.9,306.6,306,314.9,73,7,8/13/2024,382.75,377.75,376.25,385,172577,389937
,8/12/2024,1020.5,1012,1020.5,1038.25,12,12,8/12/2024,327.7,318.3,316.8,328.9,79,75,8/12/2024,376.25,383.25,372.5,385.25,203695,408939
,8/9/2024,1018,1028,1014.5,1027.75,24,44,8/9/2024,331.2,326.3,326.1,331.2,122,126,8/9/2024,379,376.75,375.25,381.25,157231,440799
,8/8/2024,1023.25,1009.75,1010,1023.25,172,51,8/8/2024,342.2,335.3,334.9,342.3,229,235,8/8/2024,383,379.25,378.5,386.5,157714,462358
,8/7/2024,1020.75,1020.25,1017.25,1023.25,195,143,8/7/2024,351.2,340.8,339.4,351.2,367,412,8/7/2024,387.75,383.25,381.75,388,199142,481320
,8/6/2024,1033,1028.5,1028.75,1038.25,694,204,8/6/2024,362.7,347.7,345.8,362.7,758,736,8/6/2024,390.75,388.75,385.75,393,107227,510290
,8/5/2024,1040,1044.25,1021.5,1045,64,754,8/5/2024,356.3,360.7,352.4,362,1038,1400,8/5/2024,385.75,390.75,378.75,391.75,157029,517731
,8/2/2024,1022,1029.25,1019,1031.5,633,802,8/2/2024,355.5,361.5,354.5,362.2,899,2270,8/2/2024,383,386.5,381.75,387.75,113751,535497
,8/1/2024,1030,1022,1019.5,1034,1384,1098,8/1/2024,354.2,355.9,351.6,356.6,1690,3101,8/1/2024,382.5,382,378,384,116742,539069
,7/31/2024,1027.25,1028.5,1020.5,1048.5,2651,1765,7/31/2024,351,354.1,349.2,355.6,3530,4264,7/31/2024,387.75,382.75,381,390.5,156261,545904
,7/30/2024,1054.75,1027.25,1023.75,1059,16709,2727,7/30/2024,356,352,349.3,357,18847,6828,7/30/2024,396,388.75,387.25,396.75,123321,560382
,7/29/2024,1073.75,1054.75,1030.75,1073.75,37618,10281,7/29/2024,350.9,355.5,347.2,357,45241,15351,7/29/2024,392.75,396.25,390,397,142225,563259
,7/26/2024,1113.25,1077.5,1071.5,1117.25,61437,28037,7/26/2024,352.4,353.3,349.3,354.8,37258,29748,7/26/2024,405.75,394.5,394,406.5,154397,570595
,7/25/2024,1111,1116,1103.5,1120.5,38157,52613,7/25/2024,343.9,352.4,341.9,353.2,39555,39413,7/25/2024,403,406,402,408.75,119013,577434
,7/24/2024,1115.25,1111,1104.5,1123.25,34547,60768,7/24/2024,342.7,343.4,340.4,347.9,35613,44493,7/24/2024,401.5,403.75,399,409.5,149625,582594
,7/23/2024,1116.5,1117.5,1111,1129,51623,64760,7/23/2024,343.6,342.7,340.1,346,34695,50731,7/23/2024,399,402.5,397.25,407,143835,585918
,7/22/2024,1100.5,1117.75,1100.5,1119.75,40798,70213,7/22/2024,336.8,343.6,336.8,344,34083,55510,7/22/2024,391,400.25,391,401,150907,588706
,7/19/2024,1098,1097.25,1095,1107.75,25658,73796,7/19/2024,337.2,336.8,336.3,340.4,22557,61038,7/19/2024,391,390.5,390,396.25,111883,591097
,7/18/2024,1097.5,1098.5,1089,1101,35569,75328,7/18/2024,339.6,337.2,336,341.4,24104,61604,7/18/2024,398,391.25,390,399,114790,591826
,7/17/2024,1090,1097.25,1090,1102.5,41677,81380,7/17/2024,335.6,339.1,333,339.5,30576,62895,7/17/2024,395.75,398,395,400,115086,596891
,7/16/2024,1076.75,1090.5,1076.75,1096.5,37408,82899,7/16/2024,333.8,335.4,332.2,338.3,25272,63761,7/16/2024,390,395.75,390,398,133849,600450
,7/15/2024,1100,1078,1075.75,1101,35655,86839,7/15/2024,338,333.8,332.8,338,33435,65889,7/15/2024,403,390.5,389.5,403,140155,601725
,7/12/2024,,1134.5,,,107,32,7/12/2024,373.1,368.5,373.1,373.1,34,40,7/12/2024,395.75,400,395.25,400,125,111
,7/11/2024,1145,1142.75,1137,1145,108,276,7/11/2024,377.4,378.4,375,380.5,241,45,7/11/2024,411,406.75,407.75,411,65,78
,7/10/2024,1165.25,1141.25,1135.75,1165.25,698,354,7/10/2024,379,376.3,374.5,379,559,265,7/10/2024,399.75,403.25,399.75,405.75,214,168
,7/9/2024,1177,1161.5,1160,1185,839,426,7/9/2024,378.5,376.2,375.9,381.8,443,793,7/9/2024,400.25,400.25,397,406.75,585,438
,7/8/2024,1181.75,1174.25,1167.25,1181.75,985,903,7/8/2024,386.5,379.5,377.3,386.5,1129,1180,7/8/2024,411.75,395.75,394.5,411.75,666,732
,7/5/2024,1172.25,1188.5,1172.25,1191.5,812,1596,7/5/2024,378.8,387,377.5,388.9,983,2067,7/5/2024,406,411.25,405.5,412,398,1235
,7/3/2024,1162.25,1176.5,1162,1180.25,924,2151,7/3/2024,369,370.5,367.1,372.2,1711,2893,7/3/2024,402.25,403.5,399,405,584,1474
,7/2/2024,1159.25,1165,1159.25,1175,1375,2705,7/2/2024,366.2,368.9,366.2,370.8,957,4088,7/2/2024,398.25,402,398.25,403.75,764,1755
,7/1/2024,1148.25,1159.5,1148.25,1161.75,1313,3154,7/1/2024,360.5,365.7,359,366.1,1574,4558,7/1/2024,397.25,398.25,391.75,401.25,1731,2404
,6/28/2024,1152,1150.5,1146.25,1167,4183,3932,6/28/2024,362,360.5,359,363.7,4078,5041,6/28/2024,414,397.25,390.5,419,15899,3944
,6/27/2024,1161.5,1152.25,1150.75,1169.5,32512,6230,6/27/2024,361.5,361.1,357.3,365.7,30426,6770,6/27/2024,420,413.75,413.5,421.25,142693,11636
,6/26/2024,1163,1162.75,1160,1177.5,67870,23013,6/26/2024,365.3,360.9,360,372.9,45895,19810,6/26/2024,425,420,418.75,430,161453,68198
,6/25/2024,1175,1163.25,1157.75,1180,83116,45486,6/25/2024,372.8,365.3,362.1,374.2,78273,35542,6/25/2024,433.5,425.5,423.5,434.5,172164,119349
,6/24/2024,1160.5,1175.25,1156.25,1179.5,88889,65387,6/24/2024,362,372.8,361.3,375.2,61821,60763,6/24/2024,435,433.5,425,436,203582,177061
,6/21/2024,1156,1160.5,1156,1168.75,111374,88578,6/21/2024,358.8,361.8,358.5,364.9,56254,74742,6/21/2024,440,435,434.25,442.5,217553,230150
,6/20/2024,1173,1155.25,1155,1175.75,146080,129084,6/20/2024,365,357.6,357.2,367.1,71545,91284,6/20/2024,448.25,439.75,439.25,449.5,229750,276679
,6/18/2024,1158.25,1174,1156.5,1175.75,148950,150873,6/18/2024,360.8,364.6,360.8,366.6,57212,102643,6/18/2024,444.25,450,443.75,452,191652,302203
,6/17/2024,1179,1157.75,1157.5,1179,138815,173530,6/17/2024,367.4,360.3,359.6,367.4,60939,109636,6/17/2024,448,443.75,443.25,450,172134,340196
,6/14/2024,1188.75,1179.75,1178,1189,132144,186256,6/14/2024,368.1,368.4,365.3,372.6,75236,117091,6/14/2024,458,450,448,459.5,228388,365424
,6/13/2024,1177,1189.5,1171,1191.25,149824,212320,6/13/2024,360.2,368.3,359,369.4,93207,120918,6/13/2024,453.5,458.5,453.5,460.5,296248,396211
,6/12/2024,1177.25,1177.25,1171,1186.5,161099,226309,6/12/2024,358.6,360.2,358,365,93953,125704,6/12/2024,449,454.25,448.5,455,276468,442671
,6/11/2024,1188.25,1178,1177,1193,160774,248806,6/11/2024,368.2,359.3,358.2,371.4,107061,139575,6/11/2024,450.75,449.5,449,456.25,271960,492869
,6/10/2024,1179.25,1188.25,1175.5,1190.75,139377,275580,6/10/2024,360.5,368,360.1,369.2,103703,157052,6/10/2024,448.75,451.75,447.75,452.75,230930,543756
,6/7/2024,1200.5,1179.25,1174.25,1202.5,175688,294656,6/7/2024,362.8,360.7,354.7,364,94886,159535,6/7/2024,452,448.75,444.25,454.25,238072,596354
,6/6/2024,1176.5,1200,1176,1204.5,162161,316110,6/6/2024,359.3,362.8,358.9,365.1,67277,174293,6/6/2024,439.25,452,438.75,453.25,261537,630884
,6/5/2024,1180.25,1177.25,1175.25,1191.75,154196,324395,6/5/2024,355.5,359.5,355,365.5,96160,178163,6/5/2024,442.5,439.25,438.25,444.25,183305,645323
,6/4/2024,1184,1179,1176,1189.5,145530,322485,6/4/2024,359.8,355.1,354.7,360.3,87947,185010,6/4/2024,442.5,442.5,440,448.25,221274,644932
,6/3/2024,1204.25,1184.5,1182.5,1205.5,119994,322988,6/3/2024,364.7,359.5,358.4,364.7,67681,194799,6/3/2024,445.75,443.5,439,449,262804,656873
,5/31/2024,1209.75,1205,1202.75,1223.75,106393,323027,5/31/2024,365.4,364.7,362.3,370.1,74521,197930,5/31/2024,449,446.25,445.5,453.75,174860,645643
,5/30/2024,1213,1209.75,1207.25,1220,107751,324895,5/30/2024,369.1,363.6,362.3,374.1,88917,200467,5/30/2024,455.25,448.75,447.5,457,225176,644302
,5/29/2024,1229,1214,1212.5,1231.25,123723,329868,5/29/2024,377.5,369.1,368.2,378.9,73298,205368,5/29/2024,462.5,455.25,454.25,463,166319,639809
,5/28/2024,1250.25,1229.5,1226.25,1254.75,140138,334644,5/28/2024,387,376.6,374.2,391.3,107747,207527,5/28/2024,467,462.5,460,471,166128,637874
,5/24/2024,1239,1248,1236,1251,107257,346561,5/24/2024,377,386.5,376.1,387.9,81045,214588,5/24/2024,464.5,464.75,460.75,466.75,169182,636180
,5/23/2024,1245.75,1239.25,1236,1258.25,136099,351782,5/23/2024,378.2,376.7,374.6,382,64850,213211,5/23/2024,461.25,464,458.5,467.25,166864,644173
,5/22/2024,1235,1246.25,1233.25,1249.75,125072,358194,5/22/2024,371.9,378.2,369.5,379.1,77014,214511,5/22/2024,458.5,461.25,458,463.25,175899,649055
,5/21/2024,1246.5,1236.25,1230,1249.25,126275,356220,5/21/2024,373.9,372.3,367.8,375.3,70634,217114,5/21/2024,460,458,455,461.25,168069,658600
,5/20/2024,1227.25,1248,1224,1250.75,171388,369515,5/20/2024,368.6,374.1,365.6,375.6,60731,219698,5/20/2024,452.75,460.5,452.25,463.5,185086,664185
,5/17/2024,1216.5,1228,1215.25,1231.25,133101,359915,5/17/2024,368.5,368.8,366,372.4,51317,222058,5/17/2024,457.25,452.5,451,460.5,217848,663442
,5/16/2024,1214,1216.25,1210,1219.75,99241,348789,5/16/2024,371.7,367.7,366.7,372.6,52679,222130,5/16/2024,462.25,457,456,465.25,200532,666229
,5/15/2024,1215,1213.5,1209.5,1232.25,124938,348098,5/15/2024,373.2,371.7,370.8,381.7,89760,225391,5/15/2024,467.75,462.5,461.5,473.25,222335,656302
,5/14/2024,,1199,,,7,6,5/14/2024,362.8,363.6,362.8,362.8,16,13,5/14/2024,461,453.75,453.25,461,27,56
,5/13/2024,,1205.5,,,6,1,5/13/2024,369.2,361.6,362.6,369.9,173,15,5/13/2024,453.5,458.5,453.5,461.5,317,152
,5/10/2024,1196.75,1205,1195,1204.75,82,48,5/10/2024,368.2,367,364.2,371.9,43,83,5/10/2024,443.25,455.75,443.25,455.5,316,384
,5/9/2024,1216.5,1192.75,1192.5,1218,66,125,5/9/2024,376,368,367.6,376,273,215,5/9/2024,447.25,442.75,441,447.5,573,539
,5/8/2024,1233.5,1212.75,1211.25,1233.5,87,175,5/8/2024,375.2,374.8,374.9,376.9,226,424,5/8/2024,452.75,445.5,444.25,452.75,634,1222
,5/7/2024,1234.5,1232.25,1230,1240.5,51,180,5/7/2024,381.7,377.4,377.6,381.9,326,366,5/7/2024,457,453.75,453.75,459.5,1021,1544
,5/6/2024,1197,1234.75,1197,1236.5,486,193,5/6/2024,366,381.2,365.9,381.9,180,387,5/6/2024,447,457,444.5,458.5,1907,2361
,5/3/2024,1193,1201.75,1193,1202,711,603,5/3/2024,360.3,366.5,360.3,367.5,314,491,5/3/2024,451.25,447,446.75,458.5,2540,3520
,5/2/2024,1155.75,1190,1155.75,1200,2408,996,5/2/2024,343.8,357.1,343.1,358.7,1020,849,5/2/2024,442.75,452,442.5,452.25,2944,5072
,5/1/2024,1145,1155.75,1141,1156.25,3404,1651,5/1/2024,342.9,342.6,339.1,343.2,1802,1362,5/1/2024,440,443.25,437.25,444.25,4184,6064
,4/30/2024,1158.75,1145.5,1141,1163,5743,3199,4/30/2024,348.2,346.3,341.3,353.7,3164,2775,4/30/2024,439.25,439.5,437,441.25,14833,8257
,4/29/2024,1158.5,1160.75,1157,1171.75,58269,7139,4/29/2024,339.1,348.3,336.9,350.2,24612,5125,4/29/2024,440,439.25,435,441.5,117196,17713
,4/26/2024,1162.25,1159.5,1155,1164,78879,40350,4/26/2024,343.6,340,339.5,343.6,39227,17235,4/26/2024,441,440,439,442.75,165048,74450
,4/25/2024,1164.75,1162.75,1150.5,1166.5,106684,78428,4/25/2024,346.5,343.9,340.6,346.6,48146,34534,4/25/2024,437.75,441,436,442,168023,140606
,4/24/2024,1166.5,1166,1164,1177.5,92302,100123,4/24/2024,345.2,346,344.9,351,58147,45341,4/24/2024,442.75,437.75,437.25,444.5,161654,165819
,4/23/2024,1161,1167.5,1158,1169,112266,119758,4/23/2024,344,345.2,342.5,348.3,44477,58798,4/23/2024,439.25,443,438.5,443.75,144096,197296
,4/22/2024,1147.75,1161,1144.5,1167,107395,146013,4/22/2024,342.5,344.3,338.9,346.7,45147,72376,4/22/2024,432.25,439.75,431,441,192556,229395
,4/19/2024,1134,1150.5,1131.75,1153,124590,164514,4/19/2024,337.8,343.7,337.6,345.8,51288,83922,4/19/2024,427.25,433.5,426.75,434,163574,259237
,4/18/2024,1149,1134.25,1133,1149.75,109349,181974,4/18/2024,338.7,338,336.2,340.1,52227,87194,4/18/2024,429.5,426.75,426.25,431,180777,272580
,4/17/2024,1145,1149.5,1141.75,1155.25,104230,199361,4/17/2024,335.7,338.7,335.3,340.7,62508,94262,4/17/2024,431,430.25,429.5,433,139235,288539
,4/16/2024,1157.25,1145,1143.25,1163,148376,214649,4/16/2024,338.6,335.3,335.2,341.5,52131,104646,4/16/2024,431.25,431,428.5,432.25,148116,304759
,4/15/2024,1173.25,1158.25,1155.5,1176,134465,226026,4/15/2024,343.9,338.5,336.6,344.6,76055,112593,4/15/2024,434.5,431.5,430.25,435,152252,332425
,4/12/2024,1158.5,1174,1154,1179.75,160130,236195,4/12/2024,335.2,344.4,334.8,345.1,120929,128279,4/12/2024,428.25,435.5,427,437.5,202052,352924
,4/11/2024,1163.75,1159.25,1151,1166.25,163734,246200,4/11/2024,330.9,335.6,330.2,336.3,118489,131733,4/11/2024,434,428.75,427.5,437.5,250695,374891
,4/10/2024,1174.75,1164.75,1163,1180.75,156535,263607,4/10/2024,335.6,330.9,330.6,336.9,75219,142165,4/10/2024,431,434.25,430.75,435.75,210255,420453
,4/9/2024,1181.5,1174.5,1172,1184.25,167029,272287,4/9/2024,335.6,335.6,332.3,338.5,87474,154064,4/9/2024,435,431.25,429.75,435.75,219304,448890
,4/8/2024,1187.75,1181.5,1180.5,1193.25,159389,287416,4/8/2024,333.1,336,332.3,338.3,82325,168819,4/8/2024,433.75,435.5,431.5,437.5,215991,473882
,4/5/2024,1178,1185,1173,1190.75,162613,301305,4/5/2024,331.5,333.1,329.6,335.6,82321,179230,4/5/2024,435,434.25,432.25,438.5,192940,515692
,4/4/2024,1182.25,1180,1170.25,1186.75,119935,311432,4/4/2024,330,333.5,327.8,333.9,69291,190190,4/4/2024,432.25,435.25,429.75,436,153811,546430
,4/3/2024,1175.5,1182.25,1168.5,1186.75,160346,312148,4/3/2024,328.5,330,325.1,331.4,61117,192766,4/3/2024,428.25,431.75,425.75,433,187684,557257
,4/2/2024,1185.5,1174,1171,1199.75,173481,321488,4/2/2024,333.3,328.3,327,334.5,83693,196515,4/2/2024,435.75,426.5,424.5,436.75,235504,579270
,4/1/2024,1196.25,1185.75,1181.5,1201.75,104397,320353,4/1/2024,338.3,333.4,331.3,338.7,59813,194592,4/1/2024,441.75,435.5,432.25,442,200474,593347
,3/28/2024,1191.75,1191.5,1177,1199.5,160360,326585,3/28/2024,338.8,337.7,332.8,339.3,77542,192010,3/28/2024,426.75,442,426,448,360086,606556
,3/27/2024,1196.75,1192.5,1189.5,1198,104399,329008,3/27/2024,339.2,339,338.2,341.9,55772,194678,3/27/2024,432,426.75,426.25,432.25,165189,599541
,3/26/2024,1207.5,1199,1197.75,1208,119009,333133,3/26/2024,341.5,339.8,338.5,341.7,57394,196870,3/26/2024,437.25,432.5,432,440.75,155311,606384
,3/25/2024,1194,1209.25,1188.5,1210,106767,332029,3/25/2024,338.9,341.7,336.6,342.8,52885,204840,3/25/2024,439,437.75,437,441.25,118606,609148
,3/22/2024,1211,1192.5,1189.25,1211.25,121895,336008,3/22/2024,344.5,339.1,337.3,345.5,62071,207453,3/22/2024,440.25,439.25,436,441.5,132898,610133
,3/21/2024,1209,1212,1204,1226.75,150049,337721,3/21/2024,342.5,344.3,338.8,347.6,87674,210215,3/21/2024,439,440.75,437.5,445.75,158789,615881
,3/20/2024,1185.5,1209.5,1183.5,1211.75,161255,339774,3/20/2024,334.1,342.5,333.5,343,83371,210239,3/20/2024,439,439,435.5,439.5,131971,618267
,3/19/2024,1188,1185.5,1181,1192.25,103620,341141,3/19/2024,331.8,333.9,329.3,334.7,64879,209778,3/19/2024,436.5,439.5,435,440,115115,617656
,3/18/2024,1198.5,1187.75,1186.75,1206,97550,341101,3/18/2024,334.9,331.9,331.3,338.1,61265,214012,3/18/2024,437,436,434,440.5,121822,616651
,3/15/2024,1194.5,1198.25,1183.5,1200,117888,345700,3/15/2024,337.8,334.7,332.9,339.6,62300,214415,3/15/2024,433.75,436.75,431.75,440,140242,612241
,3/14/2024,1182,1180.75,1182,1198.5,66,38,3/14/2024,,333.2,,,6,5,3/14/2024,426,422.5,423,426,50,30
,3/13/2024,1178.25,1181.75,1173.75,1182.75,24,46,3/13/2024,328.5,331,326.9,328.5,79,60,3/13/2024,430,426.5,430,432.5,75,58
,3/12/2024,1167,1182,1167,1176,73,52,3/12/2024,333.3,333.8,333.3,333.3,13,69,3/12/2024,425,429,424.75,435,527,77
,3/11/2024,1170,1165,1169,1170.75,42,67,3/11/2024,335.9,337.1,331.1,343.3,118,150,3/11/2024,421.75,428.25,419.75,428.5,615,444
,3/8/2024,1157,1170.5,1145.5,1158.5,199,139,3/8/2024,334.3,341.3,332,341.4,418,233,3/8/2024,424.25,426.25,420.5,426.5,755,905
,3/7/2024,1155,1157,1151,1157,443,289,3/7/2024,338.3,339.9,334,339.4,340,386,3/7/2024,418.25,426,418.25,427.5,1645,1406
,3/6/2024,1138.5,1140.25,1132.25,1140,287,484,3/6/2024,328.2,334.9,327.9,335.3,260,546,3/6/2024,413.25,418,412,416.25,2542,2459
,3/5/2024,1147,1140.75,1138.75,1147,1080,781,3/5/2024,335.5,331.2,329.3,335.5,755,720,3/5/2024,417.25,413.5,412.5,418,1544,3174
,3/4/2024,1152,1147,1145,1158,404,1137,3/4/2024,337.9,335.2,334,339.6,302,1149,3/4/2024,412,417.5,412,420.75,2214,4063
,3/1/2024,1128.25,1143,1126.75,1143.5,763,1617,3/1/2024,334.4,334,333,336.9,1179,1330,3/1/2024,415.5,412.25,409.25,418,3475,5292
,2/29/2024,1132,1128.25,1115,1136,4459,2203,2/29/2024,330.8,333.3,328,335.6,2531,2203,2/29/2024,415,415.75,409.75,418.75,8781,6564
,2/28/2024,1132.25,1134,1124.75,1144.5,37481,3667,2/28/2024,328.5,331.3,328,333.6,14655,4050,2/28/2024,408.25,413.25,406.5,414.75,118959,10073
,2/27/2024,1136,1131.25,1128.75,1152.25,79533,21446,2/27/2024,334.5,327.8,326.7,339.8,40233,12142,2/27/2024,406.5,408.25,406.25,411.5,139596,61735
,2/26/2024,1137,1136,1124.75,1142.25,98731,51561,2/26/2024,332.5,334.4,330.5,335.4,45232,30657,2/26/2024,399.75,407,394.5,407.75,227175,115990
,2/23/2024,1148,1133,1130.25,1154,125088,88340,2/23/2024,334.9,331.5,328,336.6,52440,45582,2/23/2024,406,399.75,398.5,409.25,218218,180751
,2/22/2024,1161,1147.75,1146.75,1167.25,136672,133403,2/22/2024,342.3,334.9,334.4,344.1,46772,64808,2/22/2024,410,406,404.25,415.5,199941,235652
,2/21/2024,1179,1160.75,1157.5,1179.25,113652,153975,2/21/2024,348,342,341.5,348.2,48994,74932,2/21/2024,418.5,411,410,419.5,180048,274027
,2/20/2024,1177.75,1179,1174,1188.5,145020,169009,2/20/2024,346.6,347.6,346.4,352.4,45357,86747,2/20/2024,416.25,418.75,414.75,421.5,217838,300044
,2/16/2024,1163.75,1172.25,1162.25,1173.75,99941,178758,2/16/2024,339.7,345.6,339.3,347.8,44088,96077,2/16/2024,417.5,416.5,415,421.5,176972,331070
,2/15/2024,1168,1162.25,1160.25,1174.75,135571,183945,2/15/2024,343.4,339.5,339,346.4,57724,99632,2/15/2024,424,417.75,417.25,425,217729,358997
,2/14/2024,1186.25,1170.5,1168.25,1190,128628,191646,2/14/2024,344.8,343.3,342.3,348.5,60388,108985,2/14/2024,430.75,424.25,422.25,431,230224,390325
,2/13/2024,1191.75,1186.25,1183,1197.5,132884,200440,2/13/2024,348.9,344.8,343.5,350.3,74958,117239,2/13/2024,430.25,430.75,428.75,434.75,182682,429166
,2/12/2024,1183.75,1193,1182.5,1196.75,114463,224884,2/12/2024,347.1,348.9,346.5,355.9,88785,126997,2/12/2024,430.25,430.5,427.75,432.75,198795,451019
,2/9/2024,1195,1183.5,1181.5,1198,120117,240205,2/9/2024,347.1,346.8,341,349.4,89726,141932,2/9/2024,433,429,428.25,437,206271,494428
,2/8/2024,1187,1193.5,1180.5,1204.75,165204,253964,2/8/2024,351,347.1,343.5,354.6,96609,156017,2/8/2024,434.5,433.25,429.75,437,222878,525360
,2/7/2024,1199,1189,1179.25,1202,137235,269491,2/7/2024,358.8,351.2,350,359.8,77876,163120,2/7/2024,438.5,434.25,432.75,439.25,245418,557750
,2/6/2024,1196,1199.5,1193.75,1205.5,104104,288473,2/6/2024,361,358.8,355.9,362.6,59064,173940,2/6/2024,442.75,438.75,438.25,445.5,193360,594080
,2/5/2024,1190,1196.25,1179.5,1198.5,133159,296638,2/5/2024,356.8,361.1,353.2,361.5,71513,181487,2/5/2024,442.75,442.75,439.5,445,137664,621685
,2/2/2024,1203.25,1188.5,1186.75,1208.25,101687,297694,2/2/2024,361.7,356.8,356.1,365.5,60179,173560,2/2/2024,446.5,442.75,442,448.75,129450,628058
,2/1/2024,1221.25,1203.25,1199.5,1221.75,117651,301774,2/1/2024,368.3,361.7,358.8,370.4,87733,176407,2/1/2024,448,447.25,443.5,448,153724,639995
,1/31/2024,1218.75,1222.25,1206.75,1223,131031,301792,1/31/2024,363,368.3,359,369.7,76464,182771,1/31/2024,447.25,448.25,443.25,448.75,135485,652302
,1/30/2024,1193.75,1218.75,1187.75,1221.25,133600,307744,1/30/2024,354.3,363,352.5,364,63732,187634,1/30/2024,439.75,447.75,436.5,448.25,194898,647869
,1/29/2024,1210.75,1194.25,1191.5,1212.5,160776,306698,1/29/2024,349.9,354.3,346.2,359,89243,187958,1/29/2024,446.25,440.25,437.5,447.5,203565,653937
,1/26/2024,1223.5,1209.25,1208.5,1230.75,112232,305640,1/26/2024,357.9,349,348.6,360.1,71438,189046,1/26/2024,451,446.25,445.5,451.75,135726,655972
,1/25/2024,1240,1223,1215.5,1247.5,138526,306288,1/25/2024,363.3,358.2,357,366.8,64425,188555,1/25/2024,451.5,451.75,447.5,453.25,169289,662702
,1/24/2024,1239,1240.25,1235.25,1246,130579,309536,1/24/2024,361,363.3,360.4,366.1,53567,191023,1/24/2024,446.5,452.25,446.25,452.75,156004,665707
,1/23/2024,1224.25,1239.5,1221.5,1240.5,107718,309416,1/23/2024,356.2,361.1,355.2,361.7,55962,193164,1/23/2024,445.75,446.5,444,450.5,152301,662400
,1/22/2024,1216.75,1224.25,1209.5,1225.75,94437,307884,1/22/2024,356.5,355.8,351.4,358,65697,191892,1/22/2024,445.5,445.75,444,448,112771,659790
,1/19/2024,1213,1213.25,1210.75,1227,96455,302323,1/19/2024,361.9,356.5,356,365.7,77885,191935,1/19/2024,443.5,445.5,443,449.5,148101,658556
,1/18/2024,1206,1213.5,1201,1216,112771,298811,1/18/2024,358.7,361.3,355.5,362.4,79071,196519,1/18/2024,442,444,436.75,445,180948,652459
,1/17/2024,1227.25,1205.75,1205,1231,138322,301985,1/17/2024,371.5,358.7,357.1,373.6,106001,191951,1/17/2024,443.5,442.25,440,448.25,205711,658109
,1/16/2024,1227,1227.25,1220.75,1237.75,140122,297053,1/16/2024,363.2,371.1,363.2,371.7,101814,194350,1/16/2024,447.75,443.5,442,451.25,175650,654605
,1/12/2024,1239.75,1205.75,1230.5,1240.25,91,79,1/12/2024,361.8,351.3,351.3,361.8,20,20,1/12/2024,457,447,441,460,314095,651194
,1/11/2024,1234,1231.25,1231.5,1235.5,220,99,1/11/2024,366.1,361.4,363.5,367,43,34,1/11/2024,459,457.75,455.75,461.5,165189,647650
,1/10/2024,1241.5,1228.75,1230.5,1241.5,307,470,1/10/2024,363.8,361.3,362.8,364.4,150,137,1/10/2024,459,459.5,454.5,461.75,193507,651044
,1/9/2024,1238.5,1241.5,1228.75,1243,158,575,1/9/2024,365,366,364,367,151,73,1/9/2024,454.75,459.25,451.75,460.5,215153,653038
,1/8/2024,1252.75,1239.5,1233.25,1252.75,255,745,1/8/2024,369,368.1,366.1,369.2,165,171,1/8/2024,461,455,452,462.5,214324,657079
,1/5/2024,1261.25,1249.75,1250.25,1261.25,1000,920,1/5/2024,380.4,368.6,369.7,380.4,417,299,1/5/2024,466.5,460.75,460,467.75,151589,651949
,1/4/2024,1274.25,1262,1260.25,1274.25,353,1512,1/4/2024,380.9,381.2,379,383,374,718,1/4/2024,465,466.5,463.5,469,127034,648146
,1/3/2024,1271.5,1269.5,1268,1275.25,2363,1857,1/3/2024,379.6,381,375.2,381.6,906,996,1/3/2024,464.75,465.25,461.75,466,147913,641667
,1/2/2024,1289.5,1274,1266,1289.5,2675,2738,1/2/2024,386,378.9,378.4,386,1855,1535,1/2/2024,470.5,463.75,462.5,470.75,187193,636886
,12/29/2023,1304.75,1293.5,1292.25,1311.75,6682,4526,12/29/2023,390.8,386,384.3,392,2534,2796,12/29/2023,473.75,471.25,470.5,475,109649,632023
,12/28/2023,1315.75,1305.25,1303,1324.25,23869,8231,12/28/2023,399.8,393,387.9,401.3,16890,4585,12/28/2023,476,474.25,474,478.75,99398,627543
,12/27/2023,1310.5,1316.75,1303,1318.75,37407,24271,12/27/2023,402.8,398.9,397.1,403.2,22940,13984,12/27/2023,479.75,476.5,474.5,480.25,107950,629538
,12/26/2023,1299.75,1313.25,1296,1314.5,34317,40303,12/26/2023,400.5,403.2,394.1,403.9,25942,22260,12/26/2023,473,480.25,471.5,481,114198,627507
,12/22/2023,1296.75,1299.75,1294,1308,52365,57399,12/22/2023,396,399.6,394.2,401,32281,33437,12/22/2023,472.5,473,471.5,474,80484,630668
,12/21/2023,1309.5,1297.25,1295,1310,71637,73416,12/21/2023,399.9,395.4,394.3,400,36406,41214,12/21/2023,470,472.5,469.25,474,108597,633390
,12/20/2023,1312.5,1308.25,1305.5,1321.75,101196,85132,12/20/2023,403.6,399.9,396.3,405.5,49115,54672,12/20/2023,472.75,469.75,468.25,475.5,131027,635146
,12/19/2023,1326.5,1312.5,1309.5,1328.75,136922,110260,12/19/2023,413,403.2,402.8,413.2,47961,67308,12/19/2023,477.25,472.75,471.5,478.25,130033,636285
,12/18/2023,1318,1327,1307,1328,105952,131827,12/18/2023,406,412.8,401.9,413.5,49742,78226,12/18/2023,482.5,477,475.5,482.75,129446,632060
,12/15/2023,1317,1315.75,1304,1320.5,104871,145123,12/15/2023,403.7,405.6,400.5,406.5,44620,85121,12/15/2023,479.25,483,477.75,484,108554,636711
,12/14/2023,1311,1314,1304,1319.25,92835,158748,12/14/2023,,421.1,,,,,12/14/2023,459,456.75,456.75,460,10,8
,12/13/2023,1323,1307.5,1302.5,1323.5,134421,167877,12/13/2023,425.1,421.1,420.9,429.8,130,0,12/13/2023,462.5,456.75,455,462.5,256,322
,12/12/2023,1337.25,1323.75,1320.5,1344,151132,180487,12/12/2023,432.5,429.2,427.8,434,147,128,12/12/2023,459.25,462.5,459.25,467,265,290
,12/11/2023,1309.5,1336,1307,1338.5,156810,194131,12/11/2023,427.8,430.7,425.5,432.3,66,274,12/11/2023,465.5,460.5,461,466.25,379,591
,12/8/2023,1312.5,1304,1299,1330.75,143886,201394,12/8/2023,431.6,424.2,421.7,431.6,186,314,12/8/2023,468,465.75,466.25,472,319,670
,12/7/2023,1296,1311.75,1292,1318.25,142340,212913,12/7/2023,425,424.5,419.5,425.4,408,491,12/7/2023,465,468.25,465,469.25,322,690
,12/6/2023,1309.25,1295.5,1293.75,1313.5,114902,220648,12/6/2023,436.7,424.4,423,437.3,494,813,12/6/2023,467.75,464.75,463.75,473,347,711
,12/5/2023,1307.25,1305.5,1294,1315.25,127531,226272,12/5/2023,422.2,433.7,421,434.5,1050,1106,12/5/2023,460.25,468.5,460.25,468.5,639,938
,12/4/2023,1322.5,1306.25,1303.5,1329.25,145541,233319,12/4/2023,423.5,422.3,419,432.3,767,1612,12/4/2023,461.25,460.25,457,463.75,1925,1691
,12/1/2023,1342,1325,1323.5,1343.5,133231,244293,12/1/2023,440.7,425.3,423.5,440.7,2449,2031,12/1/2023,460.25,464.5,458.25,469.5,3312,2573
,11/30/2023,1347,1342.75,1339.25,1351.5,106352,253912,11/30/2023,449.6,442.2,440,449.6,3200,3884,11/30/2023,449.75,461.75,449.75,462.75,14188,4098
,11/29/2023,1346.5,1347,1337,1352,110829,253485,11/29/2023,449.8,444.3,442,454.1,27740,5754,11/29/2023,451,449.75,447,453.5,139560,10547
,11/28/2023,1330.25,1346.5,1329.5,1350,122211,257716,11/28/2023,459.6,450.3,450,465,46856,17359,11/28/2023,455.5,451.5,450.25,456.75,181371,81497
,11/27/2023,1329.5,1329.75,1323.5,1339,108127,263389,11/27/2023,458.1,458.7,455.1,466.4,53179,35207,11/27/2023,464.25,455.5,453.75,465.75,180939,155173
,11/24/2023,1354.5,1330.75,1329.5,1355,79518,271851,11/24/2023,458.1,457.4,456.7,463.8,29612,55763,11/24/2023,468,463.25,462.5,470.5,113555,214856
,11/22/2023,1377,1356.5,1354.25,1378.5,123978,279666,11/22/2023,459.6,458.1,454.2,466.8,44368,70453,11/22/2023,468.75,468.75,467.75,473.75,126935,286657
,11/21/2023,1365.5,1377.25,1364,1389.25,131504,281127,11/21/2023,460.3,459.2,454.5,467.5,42793,79990,11/21/2023,469.25,470,468,475,173228,316296
,11/20/2023,1339.25,1367.25,1327,1368,126688,274937,11/20/2023,453.1,460.2,440.8,461.7,38006,86842,11/20/2023,467,469.5,464.5,470.25,139825,347630
,11/17/2023,1360,1340.25,1336.75,1361.5,125658,279927,11/17/2023,465.4,453.3,451.9,467.8,44780,90550,11/17/2023,474.5,467,466.75,475,132235,368084
,11/16/2023,1385,1360.25,1353.75,1387.75,139084,287555,11/16/2023,469.3,466.8,453.4,471.6,52153,96046,11/16/2023,471,474.75,465.25,476.25,182325,389947
,11/15/2023,1389,1385,1379.5,1398.5,112125,290405,11/15/2023,473.7,469.2,464.2,479,46579,103159,11/15/2023,477.75,470.75,467.25,480.5,245509,419346
,11/14/2023,1372,1368.75,1358.5,1372,55,73,11/14/2023,469.1,473.6,455.3,475.1,60126,110406,11/14/2023,477,478.25,473,480,183143,448042
,11/13/2023,1335,1368,1333.75,1369,284,190,11/13/2023,450,469.1,448.7,474.4,62210,117205,11/13/2023,463.25,477.25,461,477.75,249727,466121
,11/10/2023,1328,1333.5,1325.25,1335,163,255,11/10/2023,450.5,449.4,445,451.1,47549,122550,11/10/2023,468,464,461.75,469,230543,494163
,11/9/2023,1351,1327.75,1326.5,1353.5,92,347,11/9/2023,450.8,449.9,443,453.1,72304,126969,11/9/2023,475,468,466.5,476,257163,509630
,11/8/2023,1352,1349,1348,1368.75,217,552,11/8/2023,448.7,449.8,448,464.2,83807,131956,11/8/2023,469,476,468.5,480.5,322782,525297
,11/7/2023,1339.5,1348.75,1336.5,1366,2165,941,11/7/2023,438.5,447.4,436.5,456.3,76646,141111,11/7/2023,477,468.5,468,477.5,215810,555808
,11/6/2023,1327.5,1340.5,1327.5,1345.25,1020,835,11/6/2023,442.8,437.5,433,446,58341,148862,11/6/2023,477.25,477.25,476.75,480.75,131646,579149
,11/3/2023,1303.5,1327.5,1302.25,1330,2203,1013,11/3/2023,427.3,442.1,424.4,445,61200,155215,11/3/2023,470,477.25,468,481.25,200217,587381
,11/2/2023,1290.25,1304,1290.25,1306.25,1729,1246,11/2/2023,430.4,426.3,422.5,434.5,58786,153769,11/2/2023,475,470,469.5,477,202193,592749
,11/1/2023,1290,1291.25,1283.25,1296.75,2816,1755,11/1/2023,431,430.4,424,432.6,47198,154657,11/1/2023,478.75,475,472.5,480,180119,604646
,10/31/2023,1283,1287,1276,1300,7814,2853,10/31/2023,426.6,431,423,435.3,57325,156964,10/31/2023,478.25,478.75,477.5,483,136045,604103
,10/30/2023,1297,1282.75,1281,1308.75,77497,7048,10/30/2023,441.4,426.5,424.4,442.1,69894,157274,10/30/2023,480,478.25,477.5,484.25,136565,610452
,10/27/2023,1279.25,1297.25,1277.75,1303.5,108290,51432,10/27/2023,429.5,442.4,428.1,448.4,81020,161758,10/27/2023,479.25,480.75,478.25,484,126300,617030
,10/26/2023,1287.5,1279.5,1277.5,1297.75,105810,110501,10/26/2023,427.4,429.5,422.1,433.2,88262,159280,10/26/2023,480,479.25,477.5,484.25,190730,613603
,10/25/2023,1293,1288.25,1278,1301.25,111043,132553,10/25/2023,433.6,429.2,424.8,439.4,80809,156471,10/25/2023,483.5,480,476.75,486,177281,627519
,10/24/2023,1287,1295.25,1280.5,1297.75,125254,152035,10/24/2023,421,434.2,413.4,434.8,109978,161782,10/24/2023,490.75,484,482.75,491.5,161081,627459
,10/23/2023,1302,1286.75,1286,1304,119491,170736,10/23/2023,424.6,420.5,417,429,85093,165008,10/23/2023,494.25,490.25,490.25,497,126442,631771
,10/20/2023,1315,1302.25,1301,1318.5,143729,186491,10/20/2023,423,423.9,416.9,425.7,107177,165769,10/20/2023,504,495.5,495,509.5,264540,639801
,10/19/2023,1311,1315.5,1300.25,1317.75,182300,207462,10/19/2023,413.7,423,412,424.3,107862,170907,10/19/2023,492,505,490.25,505.5,279440,660223
,10/18/2023,1297,1311,1293.25,1313,163209,229789,10/18/2023,399.8,413.8,398.9,415.1,107929,174072,10/18/2023,488.5,492,488.5,494,119274,645649
,10/17/2023,1286,1296.75,1285.5,1303.5,135410,243235,10/17/2023,390.5,399.8,390.1,401.1,77941,177700,10/17/2023,490,489,487.75,492.75,102031,652884
,10/16/2023,1280,1286.25,1279.5,1289,111494,247217,10/16/2023,390,390.2,386.9,392.9,58625,173957,10/16/2023,493.5,490,489.5,496.75,113486,655706
,10/13/2023,1286.75,1280.25,1273.5,1298.5,139748,254591,10/13/2023,,387.6,,,12,152,10/13/2023,495,493.25,490.5,498.75,138232,665444
,10/12/2023,1252.5,1290,1250.5,1299.75,235474,262728,10/12/2023,,387.6,,,34,152,10/12/2023,487.75,496,482.25,498.75,208365,671450
,10/11/2023,1271.5,1252.5,1251,1274.25,185252,275731,10/11/2023,377.5,374.3,369,377.5,41,152,10/11/2023,485.5,488,483.5,488.5,102590,692075
,10/10/2023,1263,1271.5,1254.25,1273.25,161646,282989,10/10/2023,372.1,372,370.3,377.3,166,169,10/10/2023,488,485.5,484.25,488.25,110081,696227
,10/9/2023,1267,1264.25,1258.25,1277.5,162794,294878,10/9/2023,370,370.9,368,375.8,161,173,10/9/2023,492,488.25,487.25,497,115532,701982
,10/6/2023,1279.5,1266,1263.5,1287.25,156382,309932,10/6/2023,371.4,367.6,367.5,374.2,219,137,10/6/2023,496,492,491.5,499,125225,711413
,10/5/2023,1271.75,1280.75,1262,1283.75,143482,318266,10/5/2023,368.8,373.6,362.6,373.5,170,243,10/5/2023,486,497.5,482.5,498.5,186342,719175
,10/4/2023,1272,1273,1268.75,1285,126709,322048,10/4/2023,366,368.7,362.5,368.8,428,337,10/4/2023,487.5,486,482.5,489.75,129880,731143
,10/3/2023,1276.5,1272.75,1256.75,1278.75,191994,320118,10/3/2023,364,363.2,360,364,722,571,10/3/2023,488,487.5,484.25,489.25,138101,736568
,10/2/2023,1272.5,1277,1265.75,1279.5,156106,326354,10/2/2023,377.3,367.6,367.3,381.4,1202,1004,10/2/2023,477,488.75,476,489.75,159224,743517
,9/29/2023,1300.5,1275,1272.5,1305.5,169945,326892,9/29/2023,392.4,375.9,374.3,392.4,4765,1628,9/29/2023,487.5,476.75,475.5,490,209423,737107
,9/28/2023,1303,1300.5,1287,1307,151183,323141,9/28/2023,390.2,392.4,388.7,394.5,13529,4812,9/28/2023,483.75,488.5,481,489.25,114318,735785
,9/27/2023,1302.75,1303.25,1297.5,1317,146484,325056,9/27/2023,395,390.1,389.2,398.1,27532,9731,9/27/2023,479.75,483.25,479,486.75,125713,737302
,9/26/2023,1299.25,1302.75,1289,1307.75,135125,326020,9/26/2023,392,394,388.2,395.5,29239,20527,9/26/2023,481,479.75,476.5,483.5,117585,736270
,9/25/2023,1295.25,1297.75,1284.5,1300,101011,327638,9/25/2023,388.4,392,386.8,393.4,30242,28863,9/25/2023,475.25,481.25,473.75,482.5,101591,735512
,9/22/2023,1294,1296.25,1292.5,1303,121669,327788,9/22/2023,390.3,388.2,387.7,393.6,23702,36651,9/22/2023,475,477.25,474.25,478.5,88610,732497
,9/21/2023,1319.75,1293.75,1293,1322,140563,330055,9/21/2023,397.3,390.3,390.1,397.8,22515,40538,9/21/2023,481,475.25,474,482.5,115196,730978
,9/20/2023,1315.25,1320,1310.25,1322.75,112121,327673,9/20/2023,391.7,397.2,391.4,399.5,18784,43505,9/20/2023,476,482.25,474.5,483,162298,726529
,9/19/2023,1315,1315.5,1308,1319.75,138842,329769,9/19/2023,390.4,391.5,389,393.1,25849,44862,9/19/2023,471.25,476.25,467.75,477,139647,718227
,9/18/2023,1340,1316.75,1315.5,1344.5,137195,328158,9/18/2023,393.2,390.4,390.1,394.6,21553,48583,9/18/2023,475.25,471.5,469,478.75,143316,712080
,9/15/2023,1360.5,1340.25,1338.25,1367.75,114647,329841,9/15/2023,400.4,393.6,393.3,403.2,22804,51015,9/15/2023,480,476.25,475,483.5,110377,702175
,9/14/2023,,1343.75,,,387,220,9/14/2023,,401.9,,,,,9/14/2023,455.75,462.5,455.75,459.25,94,4
,9/13/2023,1325.5,1336,1325.5,1335.5,201,502,9/13/2023,401.5,401.9,401.5,404,11,1,9/13/2023,466.75,464,462.5,467.75,120,83
,9/12/2023,1348.75,1331.75,1343.5,1348.75,274,696,9/12/2023,408,405.2,406.4,409,29,8,9/12/2023,473.5,463.25,462.75,473.5,174,169
,9/11/2023,1352.5,1352.5,1352,1352.5,36,941,9/11/2023,414.6,412,408.6,415,143,66,9/11/2023,470.25,471.25,468,471.5,430,319
,9/8/2023,1339,1349.5,1339,1339,198,965,9/8/2023,403.1,411.9,403,411.6,423,173,9/8/2023,471.25,468.5,467,472.25,233,705
,9/7/2023,1349.5,1345,1347,1350,310,1130,9/7/2023,407.1,403.4,403.9,407.1,202,442,9/7/2023,471.25,470.75,468.5,474,741,915
,9/6/2023,1365.5,1360.25,1359.5,1365.5,102,1178,9/6/2023,409.2,408.1,406,411.5,575,566,9/6/2023,473.5,471.5,471.25,476.25,841,1306
,9/5/2023,1359.5,1349,1348,1359.5,85,1240,9/5/2023,413,406.3,403.1,413,1338,1045,9/5/2023,466,471,462.5,473.75,1553,1971
,9/1/2023,1362,1356.25,1355,1374,422,1290,9/1/2023,418.7,412.7,412,423.8,647,1845,9/1/2023,461,464.75,460.25,468.25,3311,3161
,8/31/2023,1381,1360,1361,1381,853,1550,8/31/2023,424,418.7,418,424,2657,2251,8/31/2023,461.75,461,459,468,12073,4839
,8/30/2023,1378.5,1381.25,1366.75,1391.75,9727,2210,8/30/2023,420,423,411.8,423.4,13036,4071,8/30/2023,469,461.75,460.25,474.75,74605,10395
,8/29/2023,1382.75,1382,1380.5,1394,9140,7837,8/29/2023,425.1,419.3,418.5,426,20517,9549,8/29/2023,476.5,469.5,468.5,483,98795,47015
,8/28/2023,1388.25,1395.25,1383.75,1400.75,10112,12808,8/28/2023,424.6,425.7,421.5,428,25422,16795,8/28/2023,476.25,478.5,472.25,480,87576,81836
,8/25/2023,1364,1381,1361.25,1382,14320,16765,8/25/2023,423,422.8,420.6,426.8,23417,23089,8/25/2023,471.25,470.75,469,477,84408,109984
,8/24/2023,1359.5,1365.75,1352,1370.75,8107,23352,8/24/2023,414.5,422.7,414,424.3,22347,29314,8/24/2023,476.25,472.25,468.5,480.5,85162,160426
,8/23/2023,1350.25,1359.5,1333.75,1362.25,16285,23290,8/23/2023,405.9,413,403.4,413.9,27356,33806,8/23/2023,467,476.25,465.5,478.25,84523,179898
,8/22/2023,1369.5,1351.5,1341.75,1381,8855,25549,8/22/2023,410,406.3,401.3,416.8,29972,42981,8/22/2023,469.25,466.5,461,472.5,72976,195844
,8/21/2023,1369,1370,1364.5,1386.75,13759,26612,8/21/2023,405,409.8,403.2,412.4,25432,49793,8/21/2023,486,469.25,468,493,74711,203659
,8/18/2023,1338,1362.75,1337.75,1365.5,11335,26973,8/18/2023,400.4,403.9,399,405,30229,56051,8/18/2023,473.75,479.5,472.5,482.5,66477,214865
,8/17/2023,1337,1336.75,1332.5,1347.75,12549,28171,8/17/2023,406.4,399.6,397.2,406.4,32569,60422,8/17/2023,470,473,464.75,475,69172,222480
,8/16/2023,1323.75,1334.75,1321.25,1344.25,9256,30112,8/16/2023,404.1,404.5,403.8,408.7,20992,64513,8/16/2023,463,469.5,462,473,70843,231858
,8/15/2023,1344.25,1323.25,1319.5,1348.75,15884,30977,8/15/2023,413.5,403.8,403.1,416.1,28953,68077,8/15/2023,474,464,462,474,89967,229833
,8/14/2023,1422,1391,1422,1422,121,41,8/14/2023,445,462.3,445,462.3,61,0,8/14/2023,476.25,475.75,468.75,479.75,73606,239969
,8/11/2023,1353.25,1401.25,1353.25,1409,25,162,8/11/2023,431.1,436.9,428.7,436.9,83,61,8/11/2023,483,474.5,470.5,494.75,174425,241506
,8/10/2023,1431.75,1412,1410,1438.5,82,182,8/10/2023,433.9,429.6,432.3,435.6,64,141,8/10/2023,481.5,483.25,480,485.5,93318,269016
,8/9/2023,1436,1431.5,1430.75,1438,104,226,8/9/2023,436.3,426.3,429,443.9,150,202,8/9/2023,485.75,481,479,490,120224,285520
,8/8/2023,1400.25,1430,1395,1431.25,382,311,8/8/2023,448.4,433.2,434.6,451.1,237,322,8/8/2023,482,485.75,477.25,488.75,124554,304574
,8/7/2023,1430,1414.5,1405,1430,212,503,8/7/2023,448.1,446.2,430,448.1,542,474,8/7/2023,484.75,482.25,476,488.5,164880,323834
,8/4/2023,1446,1444,1434,1446,323,585,8/4/2023,452,444.1,443.2,457,360,776,8/4/2023,482.5,484.25,480.25,493.5,96911,357545
,8/3/2023,1431,1428.75,1424.75,1445,1505,735,8/3/2023,451.8,451.2,449,461.7,379,1060,8/3/2023,486.25,480.75,480.25,489.75,101378,362535
,8/2/2023,1447.25,1429.75,1420.25,1447.25,744,1603,8/2/2023,456.1,451.8,447.5,458.4,690,1317,8/2/2023,497.25,488.25,485.75,512.25,158406,368394
,8/1/2023,1446.5,1446.75,1433.75,1465,2092,2021,8/1/2023,451.2,456.1,451.2,460.9,1102,1770,8/1/2023,504,497,496.5,508,116230,377090
,7/31/2023,1486.5,1445.75,1430.25,1486.5,2352,2579,7/31/2023,455.2,451.2,447.6,455.4,4042,2433,7/31/2023,516.25,504,498.5,516.25,111158,375770
,7/28/2023,1530.5,1486.75,1483.5,1531.5,13888,4034,7/28/2023,463.9,455.2,451.8,463.9,13887,5262,7/28/2023,533,521,516.75,538.5,90547,375478
,7/27/2023,1549,1532,1529.25,1580.75,25445,9852,7/27/2023,465.4,464.5,463,472.5,33252,11947,7/27/2023,540.25,533.25,532.25,547,95908,381658
,7/26/2023,1513.75,1546.25,1506,1558,30605,21026,7/26/2023,453.8,464.7,452.6,464.8,38250,22703,7/26/2023,557,540.25,536.75,557.25,106980,379972
,7/25/2023,1521.75,1515.5,1502.75,1527.25,25259,29559,7/25/2023,448.1,453.8,446.3,454.4,29629,32608,7/25/2023,559.75,557.5,545.5,563.75,104803,378385
,7/24/2023,1507.5,1523.25,1500,1537,29203,36177,7/24/2023,445.3,447.3,443,451.8,31049,40045,7/24/2023,534,560.5,531.5,564.5,115440,384009
,7/21/2023,1491.75,1501,1485,1504,28372,44220,7/21/2023,440,442.8,434.3,444,32146,45370,7/21/2023,536.5,527,522.5,538.75,121026,390162
,7/20/2023,1489,1495,1480.75,1501.5,28198,53254,7/20/2023,443,440.5,439.1,449,22301,51095,7/20/2023,545,537.25,533,554.5,123962,398589
,7/19/2023,1492,1491.5,1485,1518.25,33338,56074,7/19/2023,442.7,443.8,439,451.7,32951,54125,7/19/2023,526.75,545.5,525.75,557.5,193393,402527
,7/18/2023,1476.5,1492,1474.25,1501,26908,60137,7/18/2023,433.8,442.7,431.7,446.9,30985,59706,7/18/2023,497.75,528.75,495.25,534.75,132495,409424
,7/17/2023,1490.75,1484,1477.75,1497,25571,62332,7/17/2023,426.6,434.4,424.9,435,26237,64565,7/17/2023,512,499.25,496.25,519.75,87969,413015
,7/14/2023,1507,1495.75,1495.75,1511.5,134,11,7/14/2023,426.8,430,426.8,426.8,1,0,7/14/2023,609.75,599.75,604.75,614.75,83,39
,7/13/2023,1489,1518,1489,1516.75,72,134,7/13/2023,428.7,430.9,428.7,432.4,173,0,7/13/2023,547.5,593.5,547.5,593.75,129,56
,7/12/2023,1545.5,1488.5,1477,1545.5,132,201,7/12/2023,426.6,421.4,425.3,435.2,156,172,7/12/2023,573,549.75,547.25,574.5,713,143
,7/11/2023,1515.75,1520.5,1515.75,1533.5,209,253,7/11/2023,422.9,422.3,422,422.9,58,261,7/11/2023,567.5,571.75,567.5,585.5,789,565
,7/10/2023,1484,1508,1484,1524.75,94,345,7/10/2023,414,412.3,411.3,415.3,76,305,7/10/2023,561,570.75,561,572,518,1007
,7/7/2023,1523.5,1485.5,1480,1523.5,417,391,7/7/2023,411.6,409.6,409,412.9,201,377,7/7/2023,567,560.5,560,571.75,1322,1241
,7/6/2023,1538.25,1525.75,1519.25,1544,507,644,7/6/2023,417.9,415.6,414,418.5,528,556,7/6/2023,547.25,566.75,547.25,569.25,1410,2181
,7/5/2023,1562.25,1547.25,1544,1589,1034,960,7/5/2023,421.4,417.9,413.5,425.4,769,959,7/5/2023,558,548.25,545.5,564.25,1921,2882
,7/3/2023,1557.25,1562,1556,1616.5,1870,1434,7/3/2023,433.4,418.6,417.4,433.4,842,1431,7/3/2023,558.5,557.25,553.25,568.25,1610,4241
,6/30/2023,1482,1557.25,1480.25,1568,5228,2332,6/30/2023,404.2,419.2,403.8,424,2797,1844,6/30/2023,585,554.5,552,595,6458,5233
,6/29/2023,1447.75,1483,1445.25,1485.5,23201,6044,6/29/2023,402.2,403,399.3,404.6,11138,2889,6/29/2023,591.75,581,574,603.5,42588,9069
,6/28/2023,1486.75,1451,1435.75,1499.75,34817,14878,6/28/2023,408.2,401.8,396,408.2,29970,9011,6/28/2023,625,590,582,630.75,89617,27220
,6/27/2023,1523,1495,1490,1524.75,50206,28313,6/27/2023,415.5,407.3,406,415.5,32577,20008,6/27/2023,643,623,622.25,644.5,93042,67870
,6/26/2023,1486.25,1521,1477.75,1525,51073,45376,6/26/2023,411,414.6,409,421,33483,26109,6/26/2023,634.5,637.25,621,649.75,117529,95709
,6/23/2023,1500,1494.5,1470.25,1501.5,83289,54332,6/23/2023,423.6,410.7,408.5,424.4,43138,36407,6/23/2023,655.75,630.75,629,657.5,142972,118769
,6/22/2023,1513.25,1500.5,1468.5,1519.5,100736,84484,6/22/2023,438,424.7,423.8,439.4,43247,45297,6/22/2023,668.25,660.5,653,670.25,117760,167124
,6/21/2023,1489,1514.75,1479,1521.25,105944,104750,6/21/2023,418.1,439.2,417.4,441.2,65674,54730,6/21/2023,650,671,647.25,672.5,150762,180382
,6/20/2023,1472.75,1477.25,1459.75,1489.25,126378,120808,6/20/2023,418.9,412.8,411.1,423.6,59798,62967,6/20/2023,640.75,643.75,635.5,647,151986,197590
,6/16/2023,1426,1466.5,1426,1468.25,158732,134917,6/16/2023,393.7,416.4,392.4,417,80048,74245,6/16/2023,623,640.25,622.25,641,223694,220592
,6/15/2023,1389.75,1428.25,1387.5,1432,144129,152640,6/15/2023,390.9,394.2,386.5,394.5,64742,84448,6/15/2023,608,623.25,607.25,626.5,194030,241605
,6/14/2023,1398.75,1388.25,1380,1399,124157,165908,6/14/2023,398,389.7,388.7,398.8,68208,94298,6/14/2023,610.25,607.75,601.5,618.75,187535,266227
,6/13/2023,1373.25,1399.25,1371.75,1415.5,161567,184131,6/13/2023,397.4,397.5,396,404,69066,104146,6/13/2023,617,612.5,610.75,625,202991,292224
,6/12/2023,1390,1372.75,1368.5,1392.75,122300,197411,6/12/2023,398.2,397.4,395.6,403.9,67492,113563,6/12/2023,609,617.25,608.75,623.75,208159,324757
,6/9/2023,1360.5,1386.5,1356.25,1388,142158,211129,6/9/2023,403.6,397.2,396.8,407.1,73679,124355,6/9/2023,608.25,604.25,597.5,609,174688,350762
,6/8/2023,1358,1363.25,1352,1371.75,152587,224621,6/8/2023,404.7,404,401,408.4,78535,136066,6/8/2023,600,610.25,595.25,613.25,178765,374973
,6/7/2023,1353.25,1360.75,1350,1370.75,143477,243861,6/7/2023,396.7,405.2,396.1,405.8,87731,145375,6/7/2023,605,604.25,601.75,612.5,174301,395424
,6/6/2023,1352,1353.25,1340.25,1364,129813,248062,6/6/2023,401.5,396.7,395.8,405.9,57446,145079,6/6/2023,599.75,608,599.75,610.75,185929,422317
,6/5/2023,1353.25,1350,1343.5,1361.5,98182,251412,6/5/2023,398.5,401.2,397.2,402.3,51503,146293,6/5/2023,609,597.5,595,614,168376,436455
,6/2/2023,1329,1352.5,1322,1355.25,120303,258189,6/2/2023,401.1,397.8,396.7,404.2,58169,144772,6/2/2023,592.5,609,581.25,610.5,199864,455755
,6/1/2023,1299.75,1329.5,1299.25,1335.25,132076,259626,6/1/2023,393.3,401.4,392.8,404.4,74496,147339,6/1/2023,594,592.5,591.75,606,153589,461380
,5/31/2023,1298,1299.75,1270.75,1302.75,137386,265715,5/31/2023,393.5,393.4,386.3,394.5,70652,150372,5/31/2023,594.25,594,577.5,594.75,170159,477075
,5/30/2023,1337.25,1296.5,1294.25,1337.25,128256,264691,5/30/2023,402.2,392.6,391.7,402.9,63787,153379,5/30/2023,603.75,594,591.5,605,176207,478674
,5/26/2023,1323.75,1337.25,1322,1343.5,104197,268344,5/26/2023,398.4,402.2,397,407,70205,160189,5/26/2023,590.25,604,588.25,606.75,178644,481348
,5/25/2023,1324.25,1324,1305,1333.5,131878,270275,5/25/2023,402.2,397.2,395.6,405.5,72300,167259,5/25/2023,587.5,590.75,583.5,593,145545,494567
,5/24/2023,1322.5,1324.5,1316,1337.75,95312,268056,5/24/2023,406.4,402.2,400.7,410.6,65058,172264,5/24/2023,577,587.25,574,589.75,152816,495187
,5/23/2023,1341,1322.5,1315.5,1341.25,111359,266549,5/23/2023,412.2,406.4,405.9,413.3,65237,175267,5/23/2023,570.25,577.5,564,580.75,133375,496433
,5/22/2023,1308.25,1341.25,1304.75,1344.25,143213,273247,5/22/2023,409.1,412.2,407.5,416.9,62799,178199,5/22/2023,554.75,571,553.25,575.5,148542,501555
,5/19/2023,1333.25,1307.25,1304.75,1345,135856,270240,5/19/2023,414,409.1,408.6,417.5,62526,181257,5/19/2023,555,554.5,551.5,571.75,183019,501144
,5/18/2023,1336.5,1333.25,1323.25,1348,124325,271101,5/18/2023,424.8,414.1,413.7,425.3,71991,182298,5/18/2023,561.25,555.25,547,561.75,181018,502981
,5/17/2023,1365,1337,1332.75,1365.75,145517,268504,5/17/2023,426.9,425.3,423.9,429.9,67724,182330,5/17/2023,581.75,561.5,554.25,582.75,265000,516282
,5/16/2023,1400,1364,1358.75,1401.75,149242,274632,5/16/2023,430.7,426.9,424.5,430.9,61709,180032,5/16/2023,592,581.25,578.25,593,133849,522405
,5/15/2023,1388.75,1400.75,1386.25,1411.5,111854,277446,5/15/2023,433.4,430.9,430.5,442.3,69568,182434,5/15/2023,581.5,592.5,581.5,598.75,164174,520472
,5/12/2023,1435,1435,1435,1435,3,66,5/12/2023,426.7,428.1,426.7,426.7,69,53,5/12/2023,634.75,633.25,623.5,638.75,237,45
,5/11/2023,1437.75,1443.25,1420,1446,137,68,5/11/2023,415,426.6,415,427.2,81,39,5/11/2023,641.75,632.5,632,648,987,240
,5/10/2023,1459.75,1436.5,1436,1459.75,106,160,5/10/2023,415,417.9,415,415,127,48,5/10/2023,642,645.5,637.25,649.75,1067,875
,5/9/2023,1467.75,1451.75,1448.75,1467.75,327,235,5/9/2023,420.4,416.4,417.8,420.4,219,165,5/9/2023,654.75,642.25,639.5,654.75,1588,1390
,5/8/2023,1477,1468.75,1464.5,1477,267,482,5/8/2023,428,425.5,425.2,428.9,329,328,5/8/2023,652.75,656.5,651.5,658.5,677,2361
,5/5/2023,1452,1469,1452,1470,242,657,5/5/2023,428,428.9,427.9,429.8,291,613,5/5/2023,644,653.25,644,656.25,1223,2894
,5/4/2023,1448,1448.5,1438.75,1454,424,880,5/4/2023,425,427.3,420.5,428.1,457,866,5/4/2023,642.25,646.5,637.5,649.5,2272,3759
,5/3/2023,1435,1448,1422,1449,733,1129,5/3/2023,429.8,427.8,423.9,429.8,453,1359,5/3/2023,636.5,645.25,626.5,646,2081,5041
,5/2/2023,1460,1439.5,1437.5,1467,634,1516,5/2/2023,435.3,429.8,430.6,437.3,406,1590,5/2/2023,641.75,638,635.5,652,5508,6620
,5/1/2023,1444.5,1454.75,1441,1455.25,601,2024,5/1/2023,433.8,435.3,433.7,436.2,804,1642,5/1/2023,632.5,639.5,628,641,2753,9675
,4/28/2023,1432.75,1444.25,1425,1449,3373,2405,4/28/2023,429,435.3,425,436.7,1659,1943,4/28/2023,628.25,636,622,639,13722,11302
,4/27/2023,1435,1426.75,1420.75,1443,22194,4736,4/27/2023,427,427.9,422,428.5,11211,2961,4/27/2023,642,627,621.75,644.25,59707,19964
,4/26/2023,1445.25,1436,1434,1456.5,51187,16053,4/26/2023,436,426,425.5,437,26824,9431,4/26/2023,648,641.5,641,652.25,65293,49429
,4/25/2023,1463.5,1445.25,1437.75,1471.25,62592,36516,4/25/2023,438.7,434.8,433,441.2,43580,20238,4/25/2023,651.25,646.5,641.5,653,100633,77812
,4/24/2023,1483.5,1465.25,1463.25,1500,87803,59957,4/24/2023,445.8,439.5,439.2,449,34129,33895,4/24/2023,663.25,651.25,648.5,667.5,134977,102694
,4/21/2023,1497,1483.5,1480,1500,89795,83799,4/21/2023,451.3,445.7,444.5,452.3,33124,46133,4/21/2023,664.25,663.25,656.5,665.5,127468,146101
,4/20/2023,1505,1497.5,1488.25,1506,95685,112468,4/20/2023,454.6,451.3,448.2,455.1,33500,55269,4/20/2023,672,663.75,661.5,674,120915,188846
,4/19/2023,1517.25,1506.5,1506,1521.5,95853,119290,4/19/2023,460.7,454.4,453.5,462.2,33063,60671,4/19/2023,675.75,672.25,671,680,114514,209140
,4/18/2023,1515.75,1519.25,1511,1531.5,99155,131719,4/18/2023,465.7,461.1,458.2,471.1,49012,66299,4/18/2023,676,677.5,669.75,682.5,130891,230387
,4/17/2023,1500.5,1517,1496.25,1519,85451,146406,4/17/2023,459.7,465.7,457.3,466.2,40254,77244,4/17/2023,666,676.5,662.25,677,146895,244287
,4/14/2023,1502,1500.5,1490,1503.75,118382,157773,4/14/2023,463.4,459.7,459,465.7,54695,82447,4/14/2023,653.75,666.25,651,668,154000,268362
,4/13/2023,1504.25,1501,1500.5,1522.25,132337,169639,4/13/2023,460.2,463.6,459.6,470.2,63897,91776,4/13/2023,656,652.25,651.5,661.75,147150,292437
,4/12/2023,1497.5,1504.25,1491,1510.5,132897,192989,4/12/2023,458.1,460.2,455.3,463.2,66266,98162,4/12/2023,651,656,648.75,658.5,150111,318692
,4/11/2023,1487.75,1497.25,1486.25,1507.5,156745,208077,4/11/2023,451.6,457.8,451.3,459.7,73231,108611,4/11/2023,653.5,651,646.75,657.75,200256,342892
,4/10/2023,1493.25,1487.25,1482.5,1499.75,105039,220764,4/10/2023,454.3,450.7,449.1,457.9,52909,122752,4/10/2023,644.5,654,640.25,655,150098,373931
,4/7/2023,,1492.5,,,0,235744,4/7/2023,,454.3,,,0,131413,4/7/2023,,643.5,,,0,396306
,4/6/2023,1510,1492.5,1483.25,1510.25,115777,237751,4/6/2023,450.6,454.3,445.4,455.4,60190,131413,4/6/2023,652.25,643.5,641.75,652.5,132983,396753
,4/5/2023,1517.5,1511,1506.5,1527,124119,247485,4/5/2023,457.4,450.6,450.1,458.1,47438,136349,4/5/2023,653.75,652.75,646.5,660,143556,403101
,4/4/2023,1520,1517.5,1505.5,1523.75,112285,261586,4/4/2023,464,457.4,454.3,464,44006,139873,4/4/2023,657,653.75,648.5,657.5,140103,412455
,4/3/2023,1510,1522,1509.75,1527.75,121608,258708,4/3/2023,463.9,464.2,459.4,467.5,47848,141988,4/3/2023,659.5,657.75,656,668.5,153870,422481
,3/31/2023,1473.25,1505.5,1468,1513.75,167862,258963,3/31/2023,458.5,466,453.1,469,63238,143339,3/31/2023,648.75,660.5,647.25,664.5,201892,428034
,3/30/2023,1476.5,1474.5,1471,1483.5,110079,271238,3/30/2023,458,459.9,456.7,465,45860,143867,3/30/2023,649.75,649.5,648,654.75,119486,440957
,3/29/2023,1466,1477.25,1462.5,1479.75,105996,277684,3/29/2023,457.3,458.2,455.4,461.9,51705,146461,3/29/2023,646.25,650.5,645.75,655.5,156693,449550
,3/28/2023,1441.5,1467.75,1439.75,1469.75,122627,277041,3/28/2023,445,457.9,444.8,458.7,61932,149458,3/28/2023,646.75,647.25,644.5,651.25,135236,460883
,3/27/2023,1428.75,1442.25,1423.25,1445.5,98099,280531,3/27/2023,445.3,446,439.6,447.5,58382,154057,3/27/2023,643,648.25,637,648.75,145573,472122
,3/24/2023,1419.5,1428.25,1405,1432,143036,281243,3/24/2023,439.8,445.1,435,446.6,70449,159925,3/24/2023,631,643,627.5,645,191256,477432
,3/23/2023,1450,1419.5,1415.25,1454.25,157574,293164,3/23/2023,453.1,438.3,437.4,455.3,84896,170707,3/23/2023,633,631.75,627.25,644,186439,489628
,3/22/2023,1467.75,1448.5,1443.25,1472,141743,291075,3/22/2023,460.7,451.6,451,462.3,66856,179714,3/22/2023,631.25,633.5,623.25,636,154747,489754
,3/21/2023,1483.75,1467,1465,1497,101494,292694,3/21/2023,462,460.6,459.7,468.4,56853,185381,3/21/2023,632.75,630,628.75,638.25,133312,490922
,3/20/2023,1473,1486,1462,1487.75,122780,292187,3/20/2023,465,462.7,457.5,468,65357,189577,3/20/2023,633,633,625,634,115794,493243
,3/17/2023,1492.5,1476.5,1470,1498,119474,303669,3/17/2023,474.8,466,463.8,475.9,80919,194590,3/17/2023,633.25,634.25,630.25,638.75,141477,500488
,3/16/2023,1489.25,1491.5,1478,1498,107038,307609,3/16/2023,479.2,474,472.4,481.5,61542,200219,3/16/2023,626,632.75,624.75,635,167311,502447
,3/15/2023,1494,1489.25,1480,1500,115247,309578,3/15/2023,481.4,478.4,474.5,485.3,49681,204181,3/15/2023,623.75,626.5,619.25,629,156411,503287
,3/14/2023,1501,1499.75,1499.75,1502.5,37,1,3/14/2023,487.5,492.2,487.5,492.2,17,1,3/14/2023,624,627.5,624,627.5,120,55
,3/13/2023,1521.75,1500,1500.5,1524.75,139,38,3/13/2023,502,492.2,496.3,502,306,18,3/13/2023,622.25,624.5,622.25,629,542,159
,3/10/2023,1515,1513,1511,1521.75,467,165,3/10/2023,499.9,498.8,493.7,499.9,193,313,3/10/2023,620,624.25,618.5,626.75,540,442
,3/9/2023,1529.5,1520,1516,1535.5,224,465,3/9/2023,501.9,498.9,495,503,142,502,3/9/2023,633.75,618.5,618.25,637.25,597,824
,3/8/2023,1525.25,1526.75,1524.5,1539,272,618,3/8/2023,502.4,498.4,496.5,506,518,643,3/8/2023,644,634.5,634,646,808,1278
,3/7/2023,1538,1525.25,1523.75,1538,645,876,3/7/2023,507.9,501.5,500.2,510.8,615,1132,3/7/2023,644.25,642,639.75,646.75,702,1800
,3/6/2023,1528.75,1541,1523.75,1550,1130,1146,3/6/2023,496.5,507.9,496.5,509.7,693,1689,3/6/2023,645.25,644.5,641.25,646.75,369,2347
,3/3/2023,1519.5,1530.5,1519.25,1537,1607,1895,3/3/2023,489.7,498.1,488.1,499.5,453,2287,3/3/2023,639.75,645.25,638.25,648.25,1043,2579
,3/2/2023,1504.5,1519.75,1501.5,1526.5,2029,2740,3/2/2023,490.4,489.3,488.4,493.8,2101,2707,3/2/2023,641,637.75,636,647.25,1871,3422
,3/1/2023,1491.5,1504.25,1491.5,1509.5,2793,4189,3/1/2023,487.8,490.4,487,492.4,2187,3827,3/1/2023,630,640.5,623.5,641.5,5431,4542
,2/28/2023,1518.25,1490.5,1489.5,1518.25,9027,5798,2/28/2023,499.8,487.6,485.7,499.8,5599,4554,2/28/2023,642,629.5,629.25,644.75,15545,7897
,2/27/2023,1529.5,1518.25,1515.25,1533.5,43689,12051,2/27/2023,497.6,498.7,495.4,501.6,23811,8817,2/27/2023,650.75,642.75,642.25,654,105656,16999
,2/24/2023,1536.25,1529,1526,1544.25,71895,35671,2/24/2023,493.6,497.1,490,500.8,37484,21642,2/24/2023,660.5,650,649.75,662.5,146407,64642
,2/23/2023,1539.75,1534.25,1532.75,1545.25,85546,68742,2/23/2023,492.6,493.1,490.1,494.5,39303,38352,2/23/2023,674.5,660.25,658.5,676.25,173384,115709
,2/22/2023,1546.75,1539.5,1538,1554,90517,89462,2/22/2023,497.4,492.6,491.2,498.8,42692,46993,2/22/2023,680,674,673.75,681.5,114787,157723
,2/21/2023,1536.5,1548.75,1535,1549,115702,112869,2/21/2023,496.1,497.7,492.7,501.5,43112,55040,2/21/2023,678.5,680.5,675.5,683,156078,194392
,2/17/2023,1526,1527.25,1524.25,1533.25,93637,141372,2/17/2023,491.9,491.1,488.9,497.9,50452,66971,2/17/2023,676,677.75,675,679,144084,241448
,2/16/2023,1525.25,1526.5,1520.5,1532.25,115376,160839,2/16/2023,492.2,491.4,487.8,492.6,40272,80057,2/16/2023,676.5,676,673.25,677.25,134971,277433
,2/15/2023,1536.5,1525.75,1516.5,1537,132117,178509,2/15/2023,501,491.1,490.5,501.8,58072,84718,2/15/2023,682,676.25,675.5,682.5,116550,305797
,2/14/2023,1542,1537.5,1532.75,1544.75,115529,202352,2/14/2023,503,501,499.4,506.1,46529,95842,2/14/2023,684,682.25,681.75,688.25,137226,327862
,2/13/2023,1542,1542.75,1537,1555.5,162409,216418,2/13/2023,500.8,504,500.3,508.2,67217,102586,2/13/2023,680,685,676.75,686.5,193009,346403
,2/10/2023,1518,1542.5,1515.5,1543.25,173799,229851,2/10/2023,495,499.4,490.5,501,77360,114220,2/10/2023,670.75,680.5,669.25,682.75,226648,358958
,2/9/2023,1518.5,1519.25,1512,1533.75,189473,237847,2/9/2023,481.6,495.5,479.7,497.5,94621,124273,2/9/2023,678.25,670.75,670.25,681,214275,372678
,2/8/2023,1516,1519.75,1505.75,1527.75,177793,255896,2/8/2023,481.5,481.9,477.8,487.9,79942,131232,2/8/2023,673.75,678.5,672.75,679.5,223791,403295
,2/7/2023,1521,1515.25,1511,1530.5,164240,271115,2/7/2023,489,481.4,479.2,490.2,73287,145901,2/7/2023,677,674,673.5,678.5,149454,408218
,2/6/2023,1532,1521.25,1516.75,1535.5,131712,281651,2/6/2023,498,489,487.4,500,56536,158310,2/6/2023,677.25,679,672.25,679.25,123611,423594
,2/3/2023,1533.5,1532,1524.75,1539.75,101436,282353,2/3/2023,491.6,496.5,487.3,500.4,59906,165289,2/3/2023,674.25,677.5,671.5,680,124847,436303
,2/2/2023,1522.75,1534.25,1522.5,1537.75,99742,291198,2/2/2023,484.9,491.8,484.9,493.6,43560,164291,2/2/2023,681,675.25,674.25,686,149905,443288
,2/1/2023,1537.5,1520.25,1510.75,1542.75,129978,293731,2/1/2023,483.3,484.7,479,487.8,44246,163781,2/1/2023,679.25,681,672.75,682,144367,450691
,1/31/2023,1533.5,1538,1524.5,1543.75,126434,302823,1/31/2023,489.1,484.2,480.5,489.2,58373,168676,1/31/2023,683.5,679.75,678,688.5,161229,461974
,1/30/2023,1516.25,1535.25,1516.25,1538,123619,298933,1/30/2023,475.8,488.7,475.3,490.3,64134,174125,1/30/2023,685,683.75,678.5,687.25,127942,471123
,1/27/2023,1521.75,1509.5,1506.5,1527,101755,300862,1/27/2023,477.1,473.5,471.3,481.7,50775,172285,1/27/2023,681.75,683,678.25,686,141239,479989
,1/26/2023,1506.5,1523.5,1500,1526.25,123245,305502,1/26/2023,467.4,477.1,465.3,478.2,64300,172692,1/26/2023,674,682.5,673,685.5,146553,483153
,1/25/2023,1488.25,1502.5,1478.25,1504.75,119104,307932,1/25/2023,459.8,465.5,454.8,467.4,57227,176060,1/25/2023,676.75,674.75,673.75,681,126030,479260
,1/24/2023,1491.5,1488.5,1487,1506.5,129464,306864,1/24/2023,462.5,459.8,458.6,472.4,68807,182215,1/24/2023,667,677,666.25,677.5,165294,486758
,1/23/2023,1500,1490.25,1479.75,1503,134889,306133,1/23/2023,462,461.9,452.8,463.5,78537,188076,1/23/2023,674,666.25,661.25,674.75,184766,490095
,1/20/2023,1514.25,1506.5,1504,1521.75,98916,310001,1/20/2023,471.3,463.7,462.9,473.5,68125,190463,1/20/2023,675.5,676.25,672.5,678,134978,500919
,1/19/2023,1523.5,1514.75,1509,1528.5,124401,311413,1/19/2023,478.4,471.2,470.8,480.3,50471,198854,1/19/2023,680,677.25,676,685.25,149959,511762
,1/18/2023,1537,1524.5,1511.25,1548.5,133372,313547,1/18/2023,480.4,478.1,472.3,487,58436,200753,1/18/2023,684.25,681.25,678,688.75,175374,508135
,1/17/2023,1518.75,1539.75,1512.5,1541,118314,317317,1/17/2023,473.7,481.2,468.4,481.6,60709,201362,1/17/2023,671.5,685.25,668.75,687,179918,503207
,1/13/2023,1525,1538.25,1525,1536,295,517,1/13/2023,516.5,513,514,516.6,58,112,1/13/2023,670.75,675,669.75,676.75,158823,497357
,1/12/2023,1511.5,1529.5,1511.5,1541.75,491,791,1/12/2023,511.6,513,507.7,515.3,265,159,1/12/2023,656,671,649.25,673.5,242526,498373
,1/11/2023,1515.25,1515,1510,1520.5,617,1065,1/11/2023,502.1,505,502.1,509.8,448,403,1/11/2023,654.5,656,652.75,659,110880,494585
,1/10/2023,1501.5,1510,1501.5,1518.5,350,1381,1/10/2023,495.1,500.9,492.2,505.1,600,791,1/10/2023,651.75,655,648.25,664,181158,504361
,1/9/2023,1506,1503.5,1502,1513,446,1637,1/9/2023,503.1,496.7,494.7,503.1,455,1358,1/9/2023,655.5,652.75,650.75,657,112236,504863
,1/6/2023,1471.75,1501.5,1471.75,1503.25,2024,2068,1/6/2023,492.9,503.1,492.9,503,519,1661,1/6/2023,653.75,654,651.75,659.5,114158,513470
,1/5/2023,1481.25,1466.75,1462,1481.25,1169,3628,1/5/2023,483.9,488.7,477.2,490.8,1271,2151,1/5/2023,654.5,652.75,648.5,657.75,138833,522405
,1/4/2023,1491.75,1478.25,1477.25,1496.25,2200,3731,1/4/2023,478.7,482.5,475,483.5,1931,3038,1/4/2023,670.75,653.75,652.5,671.75,175762,534711
,1/3/2023,1519.25,1487.25,1485,1523.25,2951,4922,1/3/2023,475.6,476.8,471,480.1,2217,4438,1/3/2023,677.25,670.5,668,681.25,155538,548581
,12/30/2022,1508,1519.25,1507.75,1532.25,7092,6872,12/30/2022,465.5,478.5,465.5,481.8,3877,5660,12/30/2022,679.5,678.5,676.5,685,90321,559710
,12/29/2022,1504.75,1508.75,1501.25,1516.25,27307,10415,12/29/2022,466.3,464.1,461,468.1,17045,7042,12/29/2022,681.75,679.5,677.25,682.25,104937,557481
,12/28/2022,1483.5,1506.5,1482.75,1509.75,42705,24794,12/28/2022,452.8,466.3,452.8,468.6,24324,14662,12/28/2022,673.25,682.75,672.75,683.5,122193,558195
,12/27/2022,1490,1482.25,1478.25,1516.75,61925,43563,12/27/2022,457,451.8,449.2,464.1,25888,22050,12/27/2022,669,674.75,667.25,675.75,123172,549718
,12/23/2022,1468.75,1479,1466.25,1484,52836,64294,12/23/2022,451.6,455.3,450.6,458.5,24887,28594,12/23/2022,659.5,666.25,659.25,667.75,94496,546663
,12/22/2022,1480,1467.75,1463.5,1484,75905,81218,12/22/2022,456,452,448,456.2,27038,37175,12/22/2022,662,660.5,658.75,664.75,79924,547696
,12/21/2022,1477,1481,1475.25,1489,84786,95427,12/21/2022,451.9,456,450.7,457.1,30402,44594,12/21/2022,651.5,662.25,651,663,125592,549790
,12/20/2022,1461.75,1478.5,1460.25,1486.75,111696,112080,12/20/2022,449.2,452.4,449.2,457.3,35972,50800,12/20/2022,647.75,652,646.75,654.25,91464,547278
,12/19/2022,1470,1460.75,1460,1476,101717,122564,12/19/2022,461,449.1,446,461,39832,57105,12/19/2022,650.5,647.25,644,650.75,83168,547759
,12/16/2022,1473.5,1480,1465.5,1486,69325,144882,12/16/2022,455.8,463,454.8,469,43167,64011,12/16/2022,653.5,653,650,655.75,66395,551224
,12/15/2022,1481,1473.5,1468,1486,97511,151801,12/15/2022,459.5,455.3,453.3,464.6,37404,68771,12/15/2022,650.25,653.5,647.75,654.25,93735,551733
,12/14/2022,1479.5,1482.25,1468,1487,112117,161854,12/14/2022,,456,,,29,10,12/14/2022,644.25,639,639,644.25,36,154
,12/13/2022,1461.25,1479.75,1460.75,1487.75,145783,165601,12/13/2022,453.1,450,450.4,453.1,29,24,12/13/2022,642.5,643.75,639.25,650.5,184,164
,12/12/2022,1483.5,1460.5,1457.75,1483.5,125861,176236,12/12/2022,465.9,448.3,453.8,466,22,52,12/12/2022,634.5,641.25,634.5,644.5,263,219
,12/9/2022,1484.25,1483.75,1477.75,1492.75,96091,190303,12/9/2022,473.4,471.7,473.4,473.4,24,74,12/9/2022,631.5,634.75,631.5,639.75,453,302
,12/8/2022,1471,1486.25,1468,1492.25,141915,200567,12/8/2022,462,469.3,462,472.6,182,87,12/8/2022,628,632,626,632.5,425,667
,12/7/2022,1456,1472,1455.75,1478,145108,206214,12/7/2022,453.1,462.2,448.8,461.8,425,163,12/7/2022,626.5,627.75,624,632.5,662,1077
,12/6/2022,1437.5,1455,1437,1472.5,126974,209644,12/6/2022,439.5,449.2,439.5,452.8,438,469,12/6/2022,630.75,625.5,623,635.5,512,1635
,12/5/2022,1440.5,1437.75,1435.25,1451,82713,221403,12/5/2022,424.8,432,424.8,433.4,239,784,12/5/2022,635.5,628.75,625.5,638.25,762,2647
,12/2/2022,1432,1438.5,1425.5,1443,91648,224533,12/2/2022,418.7,424.5,418.4,424.5,1280,941,12/2/2022,650.25,635,629,650.25,5678,3105
,12/1/2022,1466,1429.75,1425.25,1469.75,134068,228169,12/1/2022,422.7,420.9,416,426.5,854,1810,12/1/2022,661.75,650,647,663.75,8565,5113
,11/30/2022,1457.25,1469.5,1457.25,1478.5,93201,236336,11/30/2022,409,417.7,408.7,418.8,3800,2299,11/30/2022,665.75,662,660,667,18198,8855
,11/29/2022,1454.75,1459.5,1449,1468.5,91119,234120,11/29/2022,412.8,408.5,407,413.2,19463,3953,11/29/2022,667.5,665.75,665.25,671.25,110381,18490
,11/28/2022,1428.25,1457.25,1424,1461.75,102364,239245,11/28/2022,408.8,413.6,406.2,416,31949,14830,11/28/2022,665,668.75,661,670,149233,69502
,11/25/2022,1436.75,1436.25,1431,1448,41566,234422,11/25/2022,409.7,408.8,407.9,414.3,24016,26669,11/25/2022,661.25,668,661,669.75,71244,132945
,11/23/2022,1431.5,1436,1422.25,1441,67115,237548,11/23/2022,408.6,409.7,408,411.9,41014,38561,11/23/2022,657.75,663.25,655.75,663.75,104569,198388
,11/22/2022,1436,1429.75,1428.25,1443.5,69272,241418,11/22/2022,412,408.6,407.8,413.4,40353,49310,11/22/2022,659.5,656.75,656.25,663,107549,225667
,11/21/2022,1427.25,1436.75,1417.25,1438,69911,245337,11/21/2022,410.3,411.4,408.6,415.4,36449,55090,11/21/2022,666.5,659.5,657.25,666.75,143717,246295
,11/18/2022,1419,1428.25,1412.25,1430.75,63078,247563,11/18/2022,406.2,410.4,405.8,411.7,33884,63101,11/18/2022,667.5,667.75,665.25,672.75,131275,290161
,11/17/2022,1430,1417,1406.75,1431.75,88314,247249,11/17/2022,407.1,405.7,402.8,408.6,35036,67381,11/17/2022,665,667.5,654.75,668.25,138561,308766
,11/16/2022,1454.75,1429.25,1423.25,1455,96622,249321,11/16/2022,409.9,406.6,403.9,410.1,37227,74122,11/16/2022,665.25,665.25,657.5,666,121435,327834
,11/15/2022,1440,1457.25,1432.5,1464.75,99988,253238,11/15/2022,406.1,409.9,402.2,411.3,47082,81826,11/15/2022,657,666.75,651.25,675,234097,342967
,11/14/2022,1460,1441.75,1435.75,1460,33,55,11/14/2022,407.9,406,403.9,412.1,47096,88009,11/14/2022,657,657.25,652.25,662,181567,373146
,11/11/2022,1439,1455.5,1439,1463.75,236,69,11/11/2022,404.3,407.4,404.2,410.6,51357,95160,11/11/2022,653.75,658,653.5,661,233358,416611
,11/10/2022,1464,1430.5,1430.25,1465,510,217,11/10/2022,419.3,404.1,403.4,420.4,81427,102457,11/10/2022,664.5,653.25,652.75,667.25,229081,444298
,11/9/2022,1444.5,1459.75,1435.5,1460.75,820,532,11/9/2022,419.3,417.6,415.1,422.5,48615,114826,11/9/2022,667,664.5,658,671.75,246968,477202
,11/8/2022,1440.75,1444,1436,1446,1250,992,11/8/2022,419.1,419.3,417.2,422.9,42211,121168,11/8/2022,675.75,667.5,666.25,677,227158,505175
,11/7/2022,1445,1440,1439,1457.5,1472,1648,11/7/2022,419.6,419,414.6,423.3,56865,126925,11/7/2022,679,675.75,675.25,680.75,162563,550552
,11/4/2022,1424.25,1451.5,1424.25,1453.75,473,1520,11/4/2022,415,420.4,414.9,422.8,39352,130731,11/4/2022,679.25,681,678.5,685.25,112564,571251
,11/3/2022,1435.5,1426.75,1416.5,1440,989,1699,11/3/2022,424.6,414.3,414,424.8,44714,132915,11/3/2022,686,679.25,678.5,686.5,123352,576342
,11/2/2022,1434.5,1440,1421.25,1445,2357,2411,11/2/2022,424.8,424.5,420,427.6,45941,135431,11/2/2022,696.5,687.5,680,697.25,168334,582132
,11/1/2022,1405.5,1435.75,1403.75,1436.5,5327,2895,11/1/2022,427.1,424.8,423.3,431,45455,136334,11/1/2022,689,697.75,687.25,698.5,146466,594496
,10/31/2022,1400,1407,1385.5,1411.25,10073,4458,10/31/2022,434,428.1,421.1,440.5,48921,140384,10/31/2022,696.5,691.5,684.25,700,226696,603945
,10/28/2022,1382,1387.75,1370,1390.75,66790,10179,10/28/2022,415.2,425.4,412.7,426,47452,144192,10/28/2022,681.25,680.75,676.25,683.75,115074,614003
,10/27/2022,1381.25,1382.25,1378.25,1394.75,79221,48312,10/27/2022,409,415.4,408.7,416,40846,142881,10/27/2022,685,682.25,679.25,689.25,112300,619467
,10/26/2022,1381.5,1381.75,1378.75,1397.75,107710,76501,10/26/2022,415,408.7,406.4,419.9,51083,142616,10/26/2022,684.25,685,683.25,689.75,106226,622279
,10/25/2022,1372,1382,1366,1386.5,98749,113721,10/25/2022,408.7,415.6,407,418.3,46154,145074,10/25/2022,681.5,686.25,677.75,687.5,116661,618865
,10/24/2022,1393,1372,1368.25,1393,118812,135315,10/24/2022,417.9,408.7,406.5,418.4,47281,146825,10/24/2022,682.25,681.5,677.25,686.5,119463,618936
,10/21/2022,1390.25,1395.5,1375.5,1398.5,116214,157027,10/21/2022,412.5,417.9,408.4,418.5,42122,148869,10/21/2022,683.5,684.25,677.75,688,109021,621455
,10/20/2022,1371,1391.5,1370.25,1396.5,130958,187485,10/20/2022,401.9,413.3,401.9,414,57448,148569,10/20/2022,678,684,676.75,687,134819,619898
,10/19/2022,1371.75,1372.5,1357,1378.5,105181,206325,10/19/2022,402.6,401.7,399,404,40534,143425,10/19/2022,681,678.25,674,684.5,112233,622840
,10/18/2022,1383,1372,1364.25,1390,143267,215824,10/18/2022,410.7,401.8,398.8,410.9,63067,144852,10/18/2022,683,681,674.5,683.75,147455,628792
,10/17/2022,1381.5,1385.25,1376.25,1395,116449,222927,10/17/2022,411.3,411,408.5,413.1,33566,151950,10/17/2022,689,683.5,681.25,692.25,106164,641939
,10/14/2022,1394,1383.75,1382.75,1410,123738,227265,10/14/2022,,418.5,,,6,47,10/14/2022,697,689.75,688.5,699.5,108816,644829
,10/13/2022,1394.5,1395.75,1378.75,1405,145762,230409,10/13/2022,419,418.5,419,420.4,19,105,10/13/2022,692.25,697.75,684,699.5,167244,650738
,10/12/2022,1373,1396,1367.5,1414,220285,246335,10/12/2022,410.4,421.8,410.4,424.3,57,119,10/12/2022,693.25,693,680,700,180209,656518
,10/11/2022,1373.25,1376.25,1365.25,1385.25,126082,254818,10/11/2022,410.6,410.4,410.6,411.6,142,174,10/11/2022,697,693,690.75,702,140432,664579
,10/10/2022,1367,1374,1366.5,1398.75,196819,264541,10/10/2022,407.3,410.7,407.3,410.7,74,270,10/10/2022,683.75,698.25,683.5,706.5,201817,672693
,10/7/2022,1358,1367,1350.75,1373.5,140543,264876,10/7/2022,399.7,404.9,397.1,405.7,202,334,10/7/2022,675.5,683.25,671.5,684.5,113581,669076
,10/6/2022,1369.5,1358,1350,1376.75,110344,276091,10/6/2022,405.7,397.4,397.8,405.7,104,497,10/6/2022,683.75,675.5,672,685.75,128778,668523
,10/5/2022,1382.75,1369.75,1362.5,1385.25,108763,280071,10/5/2022,408.8,402.5,402.1,408.8,125,536,10/5/2022,683,684,675.75,687.5,114315,674648
,10/4/2022,1373.75,1383.5,1371.75,1395,119917,281724,10/4/2022,408.9,403,403.2,413.9,562,585,10/4/2022,680.75,683,676.5,691.5,119212,680674
,10/3/2022,1364,1374,1361.25,1376.5,122444,284749,10/3/2022,403.2,405.6,401.9,406.5,506,1135,10/3/2022,680,680.75,672.5,687.5,132393,682622
,9/30/2022,1410.5,1364.75,1363.25,1425.75,185769,295089,9/30/2022,409,403.2,402.1,415,1814,1345,9/30/2022,669.5,677.5,669.25,696.25,253847,691225
,9/29/2022,1408.75,1410.75,1403.25,1423.75,157471,294956,9/29/2022,422.5,409.1,408,424.5,10866,2396,9/29/2022,670.5,669.5,666,676.75,139450,695483
,9/28/2022,1409,1408.75,1390.75,1412.5,153869,315173,9/28/2022,427,421.8,419.5,428.3,15973,7190,9/28/2022,668.25,670.5,661.5,673.25,137430,705977
,9/27/2022,1411.25,1408,1407,1437.25,144461,314398,9/27/2022,432.6,426.1,425.6,435.4,22277,13006,9/27/2022,666.25,667.5,666.25,678,163167,708132
,9/26/2022,1424.5,1411.25,1408.25,1433.75,125611,312951,9/26/2022,440.1,432.6,432.1,442.9,17715,18255,9/26/2022,673.25,666.25,665.5,679,140725,714401
,9/23/2022,1455,1425.75,1420.5,1456,120138,310775,9/23/2022,446,439.9,437.4,446,22155,22517,9/23/2022,687,676.75,669.5,688,154393,715001
,9/22/2022,1456.5,1457,1448.75,1476,115426,310938,9/22/2022,454.3,445.9,444.5,463.7,26543,26166,9/22/2022,683.5,688.25,681.5,691,97065,720874
,9/21/2022,1476.5,1461.25,1459.5,1488.75,95500,312289,9/21/2022,450.1,454.7,443,458,25264,30016,9/21/2022,692,685.5,679.25,698.5,127215,724283
,9/20/2022,1461.75,1478.75,1450.75,1485.5,107521,316262,9/20/2022,437.4,450.8,435.7,453.6,25698,33065,9/20/2022,677.75,692,677.5,693.5,123234,727926
,9/19/2022,1446,1461.25,1438.25,1465.75,88514,319329,9/19/2022,429,438.2,428.1,439.6,24644,36545,9/19/2022,675.75,678.25,668.25,680,96685,726063
,9/16/2022,1449,1448.5,1433.75,1455,85172,323470,9/16/2022,432.5,429.6,424.8,435.5,14824,36301,9/16/2022,676.25,677.25,667.5,680.5,121327,727996
,9/15/2022,1456,1451.5,1444,1468.5,100629,328423,9/15/2022,431,434.5,430.1,438.6,24371,38052,9/15/2022,681.75,677.5,676.25,690,111789,731877
,9/14/2022,1503.75,1503.75,1503.75,1506.25,201,322,9/14/2022,464.8,461.3,464.8,464.8,3,53,9/14/2022,,709,,,145,0
,9/13/2022,1556,1534.25,1525,1556,170,520,9/13/2022,470.9,462.1,460,471.1,92,80,9/13/2022,721.25,709,710,725,607,88
,9/12/2022,1480.5,1549.75,1472.5,1558.25,25,685,9/12/2022,454.4,472.9,445.9,473.3,139,138,9/12/2022,690.25,712.25,689,721.5,1332,651
,9/9/2022,1481,1489.25,1481,1481.75,9,695,9/9/2022,430.8,440.9,430.8,450.5,148,249,9/9/2022,678.75,698.5,678.75,700.5,1439,1683
,9/8/2022,1484.25,1470.5,1472.75,1484.5,59,702,9/8/2022,439.2,427.8,428.5,439.4,56,350,9/8/2022,676.75,674.5,666.5,679.5,1219,2582
,9/7/2022,1485.25,1466.75,1472.5,1503.75,54,743,9/7/2022,437.9,436.1,435,447.6,157,471,9/7/2022,678.5,676.75,675.25,690,1269,3225
,9/6/2022,1493,1490,1487.5,1493,82,794,9/6/2022,444.1,433.5,435,448.2,199,585,9/6/2022,670.75,680.75,667.5,682,1289,4127
,9/2/2022,1480,1510.5,1480,1518.5,123,856,9/2/2022,452.2,444.1,442.9,455,622,769,9/2/2022,657,669,656.75,671,2137,4908
,9/1/2022,1511.25,1472.75,1469,1511.25,697,899,9/1/2022,460,452,451.2,462.4,743,1248,9/1/2022,671,658.25,655,673.75,9013,6130
,8/31/2022,1514.75,1507.5,1493.25,1524.5,578,832,8/31/2022,462.4,458.9,455,465.2,1996,1627,8/31/2022,680.75,673.75,664.25,683,7831,12048
,8/30/2022,1534.5,1513,1480,1538.5,4540,1071,8/30/2022,480.1,462.4,451.7,482,13574,2570,8/30/2022,681.25,679.75,671.25,682.75,48457,17063
,8/29/2022,1606.25,1534.75,1530.5,1612.25,11281,3579,8/29/2022,478.3,478.4,472.7,488.4,25897,8057,8/29/2022,675,683.75,668.5,684.25,86635,40541
,8/26/2022,1553.25,1605.25,1552,1614,14850,7712,8/26/2022,458.3,478.1,458.2,481.3,31910,18827,8/26/2022,657,668.75,654.75,671,75544,69763
,8/25/2022,1560,1552.5,1550.25,1575.75,9648,19660,8/25/2022,467,458,457.7,469.2,22192,29840,8/25/2022,665,657.5,656.75,674.25,78316,103507
,8/24/2022,1568.75,1560.75,1553.25,1596,12242,21965,8/24/2022,468.5,467.7,465.5,480.4,19629,37297,8/24/2022,659.75,665.75,655.75,675.5,76015,113628
,8/23/2022,1530,1566.75,1528.25,1581,13082,23429,8/23/2022,460,468.5,460,472.2,19197,42419,8/23/2022,637,660,635.75,666.75,95345,123266
,8/22/2022,1484.25,1527,1478,1534.5,10433,23069,8/22/2022,449.3,460.5,445.3,463.4,12442,45606,8/22/2022,622.75,633.5,618,635.25,67378,134529
,8/19/2022,1496.75,1488.75,1475.75,1499.25,5821,23070,8/19/2022,450,448.7,441.5,451.2,11033,47451,8/19/2022,619,626,616,627.75,51219,141894
,8/18/2022,1475,1495.5,1467.25,1499.75,8579,23071,8/18/2022,441,449.4,440.6,450.5,15272,48229,8/18/2022,615,619.75,608.25,624,52153,146458
,8/17/2022,1454.75,1475.25,1454,1479,8838,23460,8/17/2022,437.8,440.6,432.8,441.4,16930,49269,8/17/2022,611,615,608,618.5,49240,154523
,8/16/2022,1490.25,1454.25,1443.75,1494.5,12286,24226,8/16/2022,452.6,435.9,435.5,454.2,22148,51274,8/16/2022,624,611,608,628.25,67190,161709
,8/15/2022,1521,1494,1464.25,1530.75,13073,26091,8/15/2022,465,452.2,447.3,466.3,18627,55131,8/15/2022,630.5,626.75,616.5,635.25,56712,168211
,8/12/2022,1682.5,1669.25,1682.5,1696,21,15,8/12/2022,,520.2,,,2,121,8/12/2022,629.25,639.75,616,640.5,98631,175049
,8/11/2022,1690,1709.5,1690,1737.75,93,29,8/11/2022,523,520.2,521.1,526.9,67,123,8/11/2022,621,629.25,618.75,630.75,112043,186157
,8/10/2022,1715,1688.75,1688,1730.75,239,98,8/10/2022,528,515.6,513,531.2,163,176,8/10/2022,615,621.25,613,632.5,134330,209946
,8/9/2022,1632,1693.25,1632,1693.25,427,231,8/9/2022,512.4,513.6,510,518.1,68,279,8/9/2022,614.5,615.5,613.5,626,142242,232509
,8/8/2022,1605.5,1619.5,1603,1629,350,307,8/8/2022,498.3,498.7,490.1,502.5,66,333,8/8/2022,603,608.5,601.75,616,155070,252690
,8/5/2022,1624.75,1614.75,1598.25,1624.75,240,427,8/5/2022,516.3,499.1,499,516.3,242,371,8/5/2022,602,610.25,597,614,125020,287757
,8/4/2022,1552,1615,1552,1618,396,575,8/4/2022,481.8,513.7,480,514.7,350,605,8/4/2022,591.5,602.25,585.75,607,83780,306926
,8/3/2022,1569.75,1558,1545.75,1586.75,872,879,8/3/2022,490,481.7,477.5,490,249,872,8/3/2022,587,591.5,583,597,101905,319106
,8/2/2022,1589,1569.25,1565,1607.5,1342,1387,8/2/2022,486.5,489.2,486.5,495.2,301,1061,8/2/2022,604,591.25,589.25,605.25,107008,325984
,8/1/2022,1650,1594.25,1577.75,1650,1378,2012,8/1/2022,499.1,487,481,501.1,496,1204,8/1/2022,619.75,607,594.25,621.5,91871,331112
,7/29/2022,1609.25,1637,1609.25,1671,4783,2635,7/29/2022,498.9,495.3,493.8,513.1,1708,1553,7/29/2022,615,616.25,611.5,632,99164,336488
,7/28/2022,1581,1609.25,1578.75,1621,14499,4895,7/28/2022,489.2,489.7,483.5,496.5,11701,2587,7/28/2022,603.75,615,601.25,618,72681,339446
,7/27/2022,1532,1578.75,1531.25,1582.75,31657,11077,7/27/2022,472.4,488.9,470.6,491.4,25584,7262,7/27/2022,597,600.25,591.75,604.25,80955,342235
,7/26/2022,1481,1532.75,1481,1535.5,28936,19556,7/26/2022,448.1,472.4,448.1,473.2,34161,15106,7/26/2022,587.75,597,586.25,599.75,95701,346375
,7/25/2022,1450,1473,1433.75,1474,24846,28478,7/25/2022,434.9,447.5,431.8,449.1,26478,24255,7/25/2022,574.25,580,566.25,580.75,103447,356115
,7/22/2022,1420,1434.5,1407.75,1444.75,27240,31724,7/22/2022,434.4,431.5,430.4,437.4,23854,32264,7/22/2022,575,564.25,561.5,582.75,95957,362849
,7/21/2022,1449.5,1418.5,1413.5,1457.5,27254,49879,7/21/2022,437.5,434.4,433,438,20824,39539,7/21/2022,592.75,575.75,572.75,593.5,76755,377064
,7/20/2022,1476,1449,1446,1477,26111,51828,7/20/2022,435,436.5,430.4,437.8,25902,42449,7/20/2022,595.5,592.25,589,600.5,76176,376298
,7/19/2022,1498.5,1477.25,1456,1499.5,19403,52336,7/19/2022,435.7,435,429,436.3,18372,49190,7/19/2022,610.5,596.75,585.75,611,94156,378992
,7/18/2022,1478.25,1497.25,1465.5,1513.5,22423,52384,7/18/2022,432.1,434.5,429.6,438.1,13884,52005,7/18/2022,610.75,612.25,601.5,623.5,75978,377535
,7/15/2022,1477.5,1466,1456.25,1490,22609,53370,7/15/2022,440,431,428.2,443.3,24645,55160,7/15/2022,606.75,604.25,596,612,81572,387069
,7/14/2022,1659.75,1610,1561.75,1659.75,21,6,7/14/2022,498.9,497.3,497.3,500.3,8,16,7/14/2022,738.25,695,694,746.5,34,28
,7/13/2022,1573.5,1588.25,1573.5,1634.5,60,65,7/13/2022,478.2,491.5,478.2,496.8,222,22,7/13/2022,726,740,725,756.5,485,42
,7/12/2022,1650,1592.75,1592.5,1656,395,108,7/12/2022,480,478.7,477.7,482.7,475,273,7/12/2022,781,732.75,732,785.25,1320,420
,7/11/2022,1645,1641,1637,1660,384,456,7/11/2022,484.6,482.9,482.5,487.3,415,742,7/11/2022,783.25,781.25,780.75,800,1344,1493
,7/8/2022,1602.25,1630.25,1596.25,1635,399,773,7/8/2022,474.8,478.4,471.7,482.5,220,1054,7/8/2022,750.75,778.25,744,781,1438,2479
,7/7/2022,1591,1591.25,1589,1620,744,1088,7/7/2022,467.4,470,467.4,474,334,1196,7/7/2022,749.5,747,740,763.5,784,3434
,7/6/2022,1583,1580.25,1560,1596.25,2309,1696,7/6/2022,457.8,462.6,457,464.3,641,1422,7/6/2022,746,744.25,726,761,2703,3880
,7/5/2022,1620,1575.25,1572,1624.25,2235,3465,7/5/2022,458,452.8,451.1,459.8,1022,1930,7/5/2022,750.25,736,726,765,3775,5164
,7/1/2022,1675,1626,1622,1683.25,5313,5106,7/1/2022,470,459.7,455,470.1,1302,2741,7/1/2022,748,754.5,743.75,760,5489,7395
,6/30/2022,1671,1675,1653.75,1702.75,6466,9175,6/30/2022,464.5,469.9,460,478.5,2658,3508,6/30/2022,770,743.75,742.25,775.25,14477,10467
,6/29/2022,1663.75,1674.25,1653,1684.25,35558,12916,6/29/2022,456.1,463.2,454.4,465.2,12796,4907,6/29/2022,758.25,770.25,755.5,780,63702,19485
,6/28/2022,1637,1663.75,1633.5,1668.25,59698,28114,6/28/2022,444,455.1,441,458.2,37840,12919,6/28/2022,747.5,759.5,744.25,762.75,86035,51917
,6/27/2022,1599,1630.5,1593,1636.25,69643,50439,6/27/2022,432,442.7,429.5,444.7,44650,27906,6/27/2022,740,744.25,731,746.25,121830,90566
,6/24/2022,1588.25,1610.75,1583,1620.5,92486,73111,6/24/2022,427.5,432.6,424.4,435.6,33696,41427,6/24/2022,745,750.25,735,762.25,155989,123864
,6/23/2022,1654,1593.25,1590,1655.5,128173,110711,6/23/2022,432.5,426.7,421.1,434.6,56068,53774,6/23/2022,767.25,746.75,734.5,767.25,215839,197096
,6/22/2022,1684.25,1652.75,1647.5,1685,102256,120207,6/22/2022,432.4,432.4,428.1,434.3,33370,61938,6/22/2022,762,768,754.5,770.5,167778,228635
,6/21/2022,1695,1681,1675.75,1702,100676,136610,6/21/2022,438,431.3,427.5,440,43438,67955,6/21/2022,777.5,760.75,752.25,778.25,192144,268352
,6/17/2022,1712.5,1702,1700.5,1724.5,84650,151403,6/17/2022,429.6,438.1,427.2,439.8,37694,73873,6/17/2022,787.5,784.5,782.25,800,116061,296940
,6/16/2022,1696.75,1709.5,1690.5,1715.5,70574,161674,6/16/2022,418,429.7,418,431.9,40803,75869,6/16/2022,774,788.25,773,792,121542,305521
,6/15/2022,1698,1693.75,1682.25,1705,101623,167967,6/15/2022,410.9,417.5,408,419.6,40104,80135,6/15/2022,767,774,762,779.75,105906,314939
,6/14/2022,1707.5,1698.5,1697,1728.25,100752,178104,6/14/2022,415.1,411,410.2,420.2,35649,81195,6/14/2022,765.75,768.25,759,771,125798,322033
,6/13/2022,1751.5,1707.5,1702,1757,125077,185311,6/13/2022,429.2,415.1,414.6,430.7,51784,81593,6/13/2022,781,769.25,758.5,782.25,170044,345140
,6/10/2022,1770.5,1745.5,1742.75,1775.5,140826,200877,6/10/2022,427.5,429.1,424.8,431.7,51488,88209,6/10/2022,772.25,773.25,765.75,781,156100,367570
,6/9/2022,1741,1769,1728.5,1784,172229,228998,6/9/2022,415.6,427.5,413.5,430,64518,95754,6/9/2022,764.5,773,758,782.75,226325,395029
,6/8/2022,1729.25,1740,1726.5,1758,138385,238221,6/8/2022,417.7,415.6,413.3,424.2,61723,103120,6/8/2022,757,764.5,756,774,223848,425870
,6/7/2022,1699.25,1728.25,1692.25,1732.75,147738,246349,6/7/2022,408,417.4,404,418.6,58158,110395,6/7/2022,739,757,735,765,227575,464163
,6/6/2022,1709,1699.25,1690,1717.75,82275,258491,6/6/2022,409,407.1,406.6,412.4,36180,114474,6/6/2022,732.25,742.5,731.5,744.25,131922,503004
,6/3/2022,1728.75,1697.75,1694,1730.5,86973,265589,6/3/2022,414.9,407.9,407.3,418,41788,118160,6/3/2022,730.25,727,725.75,736,105542,516752
,6/2/2022,1690.25,1729.25,1681.25,1740.75,111106,275089,6/2/2022,413.5,414.9,411.3,418.3,38818,121121,6/2/2022,731.25,730.25,726.25,739.25,127143,528973
,6/1/2022,1687.25,1690.25,1675.25,1706.5,104722,275260,6/1/2022,415.9,412.7,410.5,419.8,48211,122163,6/1/2022,753.75,731.25,720.5,756.25,210389,541178
,5/31/2022,1737.75,1683.25,1673.75,1749.25,147012,281658,5/31/2022,433.3,414.8,410.7,436.5,68568,127800,5/31/2022,777,753.5,747.25,777.25,175461,552619
,5/27/2022,1725.75,1732.25,1718.75,1744.25,93346,296223,5/27/2022,428.4,432.3,425.6,434.9,32676,133612,5/27/2022,765,777.25,761,780.5,101090,555058
,5/26/2022,1675.25,1726.5,1667.25,1737,144069,296248,5/26/2022,423.9,428.2,421,432.1,39562,135717,5/26/2022,762.75,765,757.5,772.5,104920,562610
,5/25/2022,1694.25,1681,1665.5,1697.75,82862,294854,5/25/2022,426.9,424.2,418.6,428.6,36142,139231,5/25/2022,770,772.25,755,773,127425,565978
,5/24/2022,1687.75,1693,1673.5,1696.75,78583,298166,5/24/2022,422.5,427.1,420.3,429.1,35460,142376,5/24/2022,785,771.75,762,787,147022,573563
,5/23/2022,1706,1687,1685,1720,87419,302685,5/23/2022,430,422.5,420.4,433.2,46159,145844,5/23/2022,780.25,786.25,774.5,788,88355,580195
,5/20/2022,1691,1705.25,1683.25,1710.75,90964,305450,5/20/2022,425.5,429.9,423,431.3,32133,150832,5/20/2022,781.25,778.75,774.5,782,88004,579286
,5/19/2022,1663.75,1690.5,1660.75,1697,102891,311292,5/19/2022,414.6,425.3,414,430.4,51353,153798,5/19/2022,782,783.25,773.25,789.75,106424,585434
,5/18/2022,1678,1662.75,1657,1686.75,86177,307701,5/18/2022,412,414,408.3,417.8,39762,154336,5/18/2022,800.75,781.5,778,802.25,120123,593268
,5/17/2022,1655,1678,1645.25,1684.25,76915,304971,5/17/2022,413.5,411.8,407.2,418.9,46289,156188,5/17/2022,808,800.75,797.25,809.25,98317,600384
,5/16/2022,1657.5,1656.5,1650.25,1668,63372,304021,5/16/2022,413.9,413.6,411.1,416.8,37719,158428,5/16/2022,795,809.5,792.75,810.25,138859,606046
,5/13/2022,1712.25,1723.25,1712.25,1723.25,20,0,5/13/2022,,406.4,,,3,2,5/13/2022,808,794.5,808,808,25,62
,5/12/2022,1641.5,1660.25,1635.5,1664.25,66,10,5/12/2022,403.7,399.4,397.2,403.7,18,13,5/12/2022,802.5,813.5,798.75,814,911,85
,5/11/2022,1629,1650.25,1629,1658,319,71,5/11/2022,410,400.6,408.4,412.2,76,47,5/11/2022,788,802.25,788,802.75,653,829
,5/10/2022,1626,1630,1623.5,1641.5,395,318,5/10/2022,408,407.9,406.6,414.9,212,79,5/10/2022,787.5,786.5,782.5,790.75,597,1326
,5/9/2022,1652.5,1621,1615.25,1652.5,309,689,5/9/2022,423.1,411.1,409.1,423.1,320,238,5/9/2022,792.25,784.5,782,792.25,745,1811
,5/6/2022,1671,1655.5,1654,1674,352,979,5/6/2022,427.5,423.4,423.1,427.7,155,454,5/6/2022,800,792.25,784.25,800,1248,2472
,5/5/2022,1682.5,1678.5,1674.5,1699.5,843,1314,5/5/2022,431.4,426.9,425.1,435.1,546,591,5/5/2022,799.75,803.75,796,804.75,410,3361
,5/4/2022,1659.5,1669.75,1652.5,1672.75,869,1866,5/4/2022,435.1,428.3,428,439,566,965,5/4/2022,801,798.5,796,808.75,1267,3673
,5/3/2022,1671.5,1659,1659.5,1688,706,2356,5/3/2022,445,436.4,435.9,445.1,363,1364,5/3/2022,817.5,800.75,799.75,822,2214,4275
,5/2/2022,1712.25,1674,1664,1712.25,1445,2965,5/2/2022,441.7,442.9,436.4,443.5,1428,1638,5/2/2022,811.5,813,798,814,2848,5305
,4/29/2022,1711,1708.25,1707,1727.75,3083,3870,4/29/2022,440.5,440.5,439.4,450,2508,2451,4/29/2022,816.25,818.25,814,827,11143,6202
,4/28/2022,1728.25,1706.5,1703.75,1734,26981,5548,4/28/2022,451.2,440.2,438.1,452.3,16505,5639,4/28/2022,816.25,816,811,823.5,47633,13761
,4/27/2022,1706,1726.5,1700,1735.5,49610,18723,4/27/2022,446.3,451,437.8,456.9,30412,13494,4/27/2022,802.75,815.5,797.5,820.25,70673,37900
,4/26/2022,1704.25,1705.25,1693.25,1726.25,59609,41219,4/26/2022,453.3,444.8,443.6,458,42688,21677,4/26/2022,800.25,803.25,795,812.25,85308,61279
,4/25/2022,1715,1703.5,1685.75,1723.25,76951,60142,4/25/2022,458.6,452.4,452,460,33386,33383,4/25/2022,796.75,800.25,784.75,802,114116,95927
,4/22/2022,1747.5,1716,1704.25,1757.5,85149,79267,4/22/2022,469,458.8,457.6,470.2,48096,41648,4/22/2022,798.75,793,783.5,807.5,140795,137647
,4/21/2022,1747.5,1748.25,1728.25,1752.75,86056,106163,4/21/2022,473,468.9,465.2,473,35147,53080,4/21/2022,814,799.25,797.5,814.25,111004,186646
,4/20/2022,1718,1746.75,1714.5,1750,89812,125777,4/20/2022,464.4,471.4,464.2,472.1,35716,63411,4/20/2022,803.5,815.75,796.75,816.5,128911,208947
,4/19/2022,1712,1716.5,1705.25,1730,71593,130182,4/19/2022,466,464.4,463.5,470.1,29867,65229,4/19/2022,813.25,804,799.75,819.75,133531,223670
,4/18/2022,1688.75,1714.75,1688.5,1720.5,83054,134601,4/18/2022,460.9,466,458.5,468.6,29291,68879,4/18/2022,791,813.25,790.25,816.75,114979,239919
,4/14/2022,1678.5,1682.25,1670,1692.5,78738,142779,4/14/2022,459.1,461.4,458.3,464.9,35399,72446,4/14/2022,783.5,790.25,781,793,108878,243835
,4/13/2022,1672.25,1676,1652,1681.25,117939,152996,4/13/2022,461.7,458.2,453.1,462.9,55311,78897,4/13/2022,775,783.5,767.25,786.25,182922,257206
,4/12/2022,1658.75,1670.25,1657,1682.75,104828,174968,4/12/2022,460.9,460.9,459.1,468.1,54171,94426,4/12/2022,765.5,776.25,765,779,154266,282839
,4/11/2022,1691,1655.25,1651.5,1697.5,113893,198092,4/11/2022,468.5,459.1,457.9,471.3,55889,107284,4/11/2022,767,764.5,762,778,170234,310142
,4/8/2022,1647.75,1689,1645.5,1689.75,116406,215116,4/8/2022,460.9,468.2,460.5,469.5,47230,120205,4/8/2022,757,768.75,752.75,773,170872,354950
,4/7/2022,1620,1645.5,1614.75,1652.75,114549,225509,4/7/2022,459.9,460.2,458.8,465.3,44198,131917,4/7/2022,755.75,757.75,748.5,759.25,149456,380135
,4/6/2022,1630,1619.5,1615,1643,75082,235928,4/6/2022,466.2,461.8,459.9,470,32013,138805,4/6/2022,759.75,756.5,750.25,761.5,110915,415469
,4/5/2022,1605,1631,1604.25,1635.25,66277,243007,4/5/2022,455.1,465.9,455,467.3,32739,145266,4/5/2022,750.75,759.75,749.25,768,123890,428094
,4/4/2022,1584,1602.25,1576.75,1606,71525,247296,4/4/2022,451,455.1,448.5,458.7,32293,147192,4/4/2022,737,750.5,734.75,752.25,112649,439180
,4/1/2022,1620.75,1582.75,1580.75,1628.5,102861,253261,4/1/2022,468.3,450,448.1,470.9,47718,150227,4/1/2022,748.5,735,730.25,751.5,155927,450864
,3/31/2022,1666.75,1618.25,1613.5,1680,96368,261838,3/31/2022,474.1,467.5,465.1,478,39232,152634,3/31/2022,739.25,748.75,732.5,770,173737,472303
,3/30/2022,1644,1664,1638.75,1683.75,67718,259419,3/30/2022,467.8,473.1,463.7,478.9,38810,153328,3/30/2022,727,738,726.75,748.75,109719,476330
,3/29/2022,1662.5,1643,1622,1673,107185,265579,3/29/2022,477.8,466,460.2,478.7,61314,155863,3/29/2022,746.25,726.25,713.5,747.5,180171,485384
,3/28/2022,1703,1664.25,1661,1710,76627,268430,3/28/2022,486,478.9,477.2,487.2,37138,164611,3/28/2022,749,748.5,740.5,750.25,89177,502740
,3/25/2022,1702,1710.25,1684.75,1714.25,64501,272177,3/25/2022,487,487.9,484.5,494.7,41305,166893,3/25/2022,748.5,754,742.5,755.25,73846,515280
,3/24/2022,1722.25,1700.75,1697.5,1730,72414,275474,3/24/2022,485.1,485.9,482.4,489,30715,168233,3/24/2022,757,748.25,745,762.5,100951,533256
,3/23/2022,1695.5,1718.75,1691,1736.5,75495,278677,3/23/2022,477,485.1,476.1,489.8,34481,170169,3/23/2022,752.25,757.75,749,770.5,112399,547626
,3/22/2022,1692.75,1696.5,1686,1720.75,80750,278073,3/22/2022,481,476.8,474.8,486.8,41029,171345,3/22/2022,756.75,753,744,761,104191,548077
,3/21/2022,1673,1691,1666.75,1710,82394,280274,3/21/2022,477.1,481.3,475.8,485.4,27857,173792,3/21/2022,746.5,756.25,743,765,93775,559282
,3/18/2022,1669.75,1668,1651.5,1689,67110,279597,3/18/2022,474.2,477,472,479,26886,173554,3/18/2022,753.75,741.75,736.5,755,84411,561876
,3/17/2022,1649.25,1668.5,1647.25,1677.5,74317,284453,3/17/2022,478.5,474.1,471.5,482,35251,177088,3/17/2022,730,754.5,728.5,757.5,90267,571190
,3/16/2022,1661,1649.25,1645.25,1681.25,65232,281249,3/16/2022,483.3,478,476.1,489.8,38574,180943,3/16/2022,756.75,730,726.75,757,106537,574191
,3/15/2022,1674,1658.75,1638,1674,70449,282448,3/15/2022,485.1,484,475.6,488.5,32371,179400,3/15/2022,745.25,758,736,759,89348,579659
,3/14/2022,1708,1687.25,1705,1710,48,71,3/14/2022,497.9,521.9,493.9,525.4,35,50,3/14/2022,745,728.25,725.5,752,66,17
,3/11/2022,1706.5,1690.75,1680.75,1707.25,333,196,3/11/2022,505.9,493.1,505.9,505.9,5,43,3/11/2022,758,764.5,755,768.5,233,28
,3/10/2022,1687.75,1700,1681.25,1716.25,223,330,3/10/2022,506.8,506.8,506.8,507.3,142,44,3/10/2022,738.5,757.75,738.5,768,74,177
,3/9/2022,1727.75,1686.5,1684.5,1745.25,566,472,3/9/2022,496,495,494.4,504.7,144,203,3/9/2022,756.25,735,734,757.25,188,331
,3/8/2022,1674.5,1704.5,1674.25,1708,243,993,3/8/2022,467,489.9,467,492.3,222,339,3/8/2022,747.5,754.5,724,759,547,407
,3/7/2022,1696.5,1674.25,1675,1706.25,298,1186,3/7/2022,474.9,467.9,467,477.3,393,530,3/7/2022,782.75,749.25,742.75,782.75,1309,818
,3/4/2022,1684,1676.25,1659.25,1700.25,305,1448,3/4/2022,469.2,468.9,461.2,477.2,252,911,3/4/2022,761.75,756.5,741,800,2186,1632
,3/3/2022,1690.25,1680.25,1683.5,1707.5,1585,1704,3/3/2022,459.7,461.4,459.7,468.1,508,1147,3/3/2022,745,751.25,745,778.5,3447,2950
,3/2/2022,1708,1677.5,1668,1708,1342,2534,3/2/2022,466.6,457.7,453.5,466.6,726,1565,3/2/2022,741.75,739,723,760,3350,5062
,3/1/2022,1648.25,1705.5,1648.25,1709,1432,3394,3/1/2022,457.9,463.7,457.2,465.9,1042,2244,3/1/2022,699.75,739.75,699.75,744.25,7258,7430
,2/28/2022,1642.5,1644.25,1621,1660.75,4729,4132,2/28/2022,460.5,454.9,450.7,462.8,2210,2833,2/28/2022,688,697.5,679,704.75,15651,11260
,2/25/2022,1661.5,1590.25,1585.5,1678.5,26189,6817,2/25/2022,465,448.3,448,469.7,18031,3805,2/25/2022,696.75,659.5,657,707,94802,18641
,2/24/2022,1676.25,1661.5,1656,1765,70087,20861,2/24/2022,471,464.9,461,493.1,47438,11882,2/24/2022,683.5,695,682,718.75,161611,60422
,2/23/2022,1637.5,1675,1636.5,1679.5,98545,47658,2/23/2022,454.7,471.1,453.8,474.3,54832,30073,2/23/2022,674,683.75,669.25,685,154730,116325
,2/22/2022,1609,1635,1602.25,1641.25,117091,74561,2/22/2022,448.5,453.7,445.7,455.2,40282,46691,2/22/2022,657.75,674.75,657.75,676.75,168824,163890
,2/18/2022,1590.5,1601.5,1587.5,1608.5,107148,109006,2/18/2022,448.2,447.9,447.1,454.6,35672,58626,2/18/2022,648.5,654.25,647,658,154047,226682
,2/17/2022,1585.25,1592,1576.5,1606,114032,133405,2/17/2022,449.3,449.2,446.3,455.5,35367,69182,2/17/2022,645.5,650,642.75,652,121279,271475
,2/16/2022,1552.25,1587.5,1547,1589.75,100187,155684,2/16/2022,439.1,449.4,438.1,453.2,43044,76088,2/16/2022,637.75,647,636.25,647.75,126554,293180
,2/15/2022,1569.25,1551.25,1542.25,1577,147743,168902,2/15/2022,448.5,438.8,437.9,451,41481,80351,2/15/2022,655,638,635.5,655.5,177958,310312
,2/14/2022,1587,1570,1551.5,1599.5,125494,180109,2/14/2022,456.7,448.4,445.2,460.2,49671,82169,2/14/2022,651.25,655.75,642.5,656.75,144923,337004
,2/11/2022,1573,1583,1563.5,1594.75,184659,192171,2/11/2022,452.4,456.6,450.7,462.8,70418,88806,2/11/2022,641,651,637.75,657.75,243969,355622
,2/10/2022,1594.75,1574.25,1565.5,1633,255540,209733,2/10/2022,462.5,454,452.6,477.9,96320,97510,2/10/2022,646,641.75,638.75,662.75,372991,386513
,2/9/2022,1570.5,1594.75,1566.5,1599.5,190630,220629,2/9/2022,454.7,461.9,454,464.1,78818,103500,2/9/2022,632.25,646.75,630.5,647.75,320406,407843
,2/8/2022,1585,1569,1559,1586.5,176069,231508,2/8/2022,454.8,454.1,450.3,455.7,69994,116121,2/8/2022,636.5,632.25,627.25,636.75,200583,448544
,2/7/2022,1571,1581.75,1565.25,1589.5,178009,244271,2/7/2022,446,452.8,445.9,454.5,68668,127459,2/7/2022,628.75,635.25,624.75,636.75,232607,483970
,2/4/2022,1544.5,1553.5,1532,1560.25,116119,257768,2/4/2022,437.5,443.9,434.3,445.1,47577,138307,2/4/2022,618.5,620.5,613.25,623.25,181430,521967
,2/3/2022,1544,1544.25,1529,1560,133829,261036,2/3/2022,435.6,437.1,431.6,444,53400,140532,2/3/2022,622.5,616.75,610.25,624.25,215871,537889
,2/2/2022,1528,1545.25,1526,1564,175949,266086,2/2/2022,436.1,435.1,431,447.6,77711,141833,2/2/2022,634.5,622.5,616.75,640.75,275662,557025
,2/1/2022,1490,1528.5,1485,1539,157814,274385,2/1/2022,418.7,436,417.1,437.1,75760,146752,2/1/2022,626,634.75,624.5,639.5,196298,582122
,1/31/2022,1474,1490.5,1473.5,1496.75,111725,272604,1/31/2022,413,418.9,412.2,420.3,50913,143963,1/31/2022,635.75,626,622.5,642.5,243891,588695
,1/28/2022,1446.5,1470,1441.5,1479,148673,269544,1/28/2022,403.7,411.2,402.8,413.5,51614,148763,1/28/2022,623.25,636,623,637.25,188658,614625
,1/27/2022,1436,1448.25,1428.5,1456.5,143879,269813,1/27/2022,399.9,404.7,396.3,409.7,58477,151149,1/27/2022,625,625.25,621.25,627.75,151696,614101
,1/26/2022,1405.75,1440,1393.75,1443.75,139954,272267,1/26/2022,391.9,400.5,389.5,403,51544,156786,1/26/2022,619,627,615,627.75,172723,618300
,1/25/2022,1405,1407.25,1393.25,1413.75,107870,279888,1/25/2022,393.7,392,388.9,395.7,38414,158761,1/25/2022,620,620,618.5,631,298396,630115
,1/24/2022,1419.5,1403,1382.5,1423.75,134866,282956,1/24/2022,395.4,393.9,387.4,396.4,58719,160958,1/24/2022,617.5,621,609.25,621.5,194809,628781
,1/21/2022,1420,1414.25,1405.25,1426,104361,286331,1/21/2022,400.6,392.7,391.3,400.7,77685,165585,1/21/2022,607.5,616.25,604.25,618.5,187471,640734
,1/20/2022,1388.25,1425.75,1387.5,1429.5,149817,290881,1/20/2022,398.4,400.8,393.8,405.3,61132,172211,1/20/2022,609,611,606.25,614.25,127683,630610
,1/19/2022,1363.5,1391.25,1363.5,1392.5,107595,287497,1/19/2022,391.9,398.3,391.1,400.1,58314,174028,1/19/2022,600,610.5,600,614.5,179943,634241
,1/18/2022,1360,1361.25,1349.75,1368.75,124254,285847,1/18/2022,403.5,390.1,389.4,403.6,74754,178592,1/18/2022,592.75,599.5,588.25,600.75,141742,627596
,1/14/2022,,1356.75,,,42,38,1/14/2022,445,445,445,445,1,0,1/14/2022,587.5,596.25,585.25,598.25,140634,640133
,1/13/2022,1368,1365.25,1359.25,1370,415,163,1/13/2022,425.4,423.7,425.4,425.4,19,1,1/13/2022,599,587.5,585.25,599.75,186546,645791
,1/12/2022,1373.5,1391.25,1370,1391.75,293,198,1/12/2022,425.1,431,420.8,430,122,18,1/12/2022,601,599,591,604,181633,668416
,1/11/2022,1378,1376.75,1365.5,1382,57,108,1/11/2022,426.1,427.3,423,429.3,208,125,1/11/2022,599.75,601,598,604.75,128305,672373
,1/10/2022,1394,1374.75,1374.75,1396,73,205,1/10/2022,432,427.6,426.5,432,160,327,1/10/2022,605.25,599.75,596.25,608,135265,684517
,1/7/2022,1373.5,1401.5,1368,1405.5,254,333,1/7/2022,418.9,433.5,417.5,439,162,478,1/7/2022,605.25,606.75,599,608.25,140371,700186
,1/6/2022,1380,1377.25,1363,1382,691,538,1/6/2022,420,420.4,415.7,422.7,251,598,1/6/2022,601.25,603.75,596,605.75,151442,708032
,1/5/2022,1377.75,1384.25,1372,1387.75,1101,833,1/5/2022,427.6,424.1,422.5,428.7,342,840,1/5/2022,608.5,602.25,601.25,609.75,148499,715414
,1/4/2022,1346,1378.75,1346,1380.5,2450,920,1/4/2022,424,427.6,421.1,428.6,1023,1106,1/4/2022,591.75,609.5,591.5,611.25,210268,732630
,1/3/2022,1340.25,1344,1332,1357,3434,1820,1/3/2022,417.8,423.9,416.7,428.5,587,1922,1/3/2022,599,589.25,584.75,603.5,146023,726028
,12/31/2021,1328.5,1328.75,1328,1337.75,2572,2844,12/31/2021,414.6,411.7,411.5,419.5,1195,2222,12/31/2021,595.75,593.25,592.5,599.25,69868,737808
,12/30/2021,1354.75,1327.75,1323.25,1358,16224,3979,12/30/2021,415.5,413.6,410.6,416.8,8722,3013,12/30/2021,605.5,596,592.75,606,122776,743455
,12/29/2021,1359.5,1356.5,1345.5,1364.25,51167,12770,12/29/2021,416.4,415.4,409,419.4,20265,7518,12/29/2021,604,605.5,599.5,610.75,117570,753467
,12/28/2021,1360.5,1359.25,1354,1375.75,40328,28342,12/28/2021,415.1,415.9,413.6,422.3,24332,13442,12/28/2021,614.25,604.75,603.75,617.75,134208,754145
,12/27/2021,1337.5,1362.5,1333.75,1363.5,54478,38887,12/27/2021,407.3,414.8,406.1,415.8,29455,20309,12/27/2021,608.25,614.75,607,615.5,123211,759150
,12/23/2021,1326,1332,1321,1334,60005,51530,12/23/2021,402.8,406.1,401.6,407.8,33224,28160,12/23/2021,601.5,605.75,600.5,607,108565,753414
,12/22/2021,1306,1328.75,1304.75,1333.25,68991,71439,12/22/2021,393.3,402.8,392.1,404.1,34807,38950,12/22/2021,597.5,602.5,597,606.75,154966,750652
,12/21/2021,1292,1308,1286.5,1313.5,81517,79931,12/21/2021,386.2,394,384.3,396,39456,44627,12/21/2021,591,598.25,589.5,599,119312,745243
,12/20/2021,1289.5,1292.25,1278.5,1296.25,83928,91476,12/20/2021,379.5,386.2,379,387.4,29815,51290,12/20/2021,595,591,587,595.75,106042,744481
,12/17/2021,1276.25,1285.25,1274.75,1297.5,122742,100221,12/17/2021,373,379.5,372,380.1,32684,53376,12/17/2021,591,593.25,589.25,598.75,129569,746588
,12/16/2021,1262,1277.25,1258.75,1280.75,115189,120328,12/16/2021,372.2,372.3,370.8,375.9,34328,54206,12/16/2021,587.5,591.25,584.5,592,101262,741448
,12/15/2021,1260,1262.5,1251,1266.5,91939,129144,12/15/2021,377.1,372.2,371.6,384,44550,58126,12/15/2021,590,585.75,582,596.5,138521,741896
,12/14/2021,1246,1259.5,1237.5,1267,102492,140090,12/14/2021,404.5,404.5,404.5,404.5,4,0,12/14/2021,583.25,588.75,576.75,591,115,50
,12/13/2021,1271,1244,1243.25,1271,116561,152778,12/13/2021,385,384,384.3,390.6,287,4,12/13/2021,587.5,584.25,580.75,588,927,103
,12/10/2021,1264.25,1267.75,1259.25,1276.5,112572,165695,12/10/2021,368.8,377.9,368.8,380.4,376,162,12/10/2021,588.5,588.5,585,592,862,930
,12/9/2021,1260.25,1264.5,1247,1267,102868,171089,12/9/2021,364.6,368.8,364.4,370,124,481,12/9/2021,585.75,588.5,576.75,591.25,2082,1654
,12/8/2021,1252.25,1261,1238.25,1264,122041,186458,12/8/2021,358.9,365.6,357.8,366.5,260,578,12/8/2021,585,584.75,584,589,2372,2990
,12/7/2021,1262.25,1250.25,1243,1268.5,171655,198625,12/7/2021,358.9,358.9,356,359.5,888,788,12/7/2021,584,586.25,579.5,589.5,1887,4756
,12/6/2021,1271.75,1261.5,1254.5,1274.75,75260,213373,12/6/2021,363.5,359.7,359,363.5,488,1349,12/6/2021,586,583.5,578,586,2208,6225
,12/3/2021,1244.5,1267.25,1244.25,1270,94245,218608,12/3/2021,361,367.7,360.3,369,1340,1791,12/3/2021,576.25,586,576.25,588.75,3442,7780
,12/2/2021,1229.75,1244.25,1221,1249,94962,220589,12/2/2021,356.5,358,356.3,359.9,836,1546,12/2/2021,571.25,577,570,583,6237,9750
,12/1/2021,1222,1228.25,1216.25,1237,105476,225490,12/1/2021,350,356.5,346.3,359.6,1359,2275,12/1/2021,568,572,567,576,6270,12744
,11/30/2021,1241.5,1217.25,1214.25,1244.75,132640,228347,11/30/2021,348.8,348.8,344.2,350.2,3855,3191,11/30/2021,581,567,562,582,24986,16228
,11/29/2021,1260.75,1241.5,1240.75,1268.5,82284,231093,11/29/2021,357.6,347.7,346.8,362.9,29244,5128,11/29/2021,586,581,576.5,588.25,158234,31466
,11/26/2021,1252,1252.75,1240.25,1254,88520,236347,11/26/2021,356.3,356.2,352.4,356.9,30952,16516,11/26/2021,571.5,586.75,566.75,588,180220,105685
,11/24/2021,1273.75,1266.5,1263.25,1281,72906,240422,11/24/2021,362.7,357.6,355.9,364,44935,33282,11/24/2021,580.25,579.75,575.5,589,265928,187168
,11/23/2021,1274.25,1273,1263,1279.25,65548,245461,11/23/2021,370,362.2,361.6,370.9,47851,42618,11/23/2021,576.25,580.5,572.5,581,179297,246746
,11/22/2021,1264.25,1274.25,1260,1279.5,70634,250314,11/22/2021,372.8,370,369.6,377.8,34801,58287,11/22/2021,570.5,576.75,569.75,579,172298,279935
,11/19/2021,1265.5,1263.25,1257,1277.25,78709,251732,11/19/2021,371.1,371.8,368.8,374.9,38673,69721,11/19/2021,573,570.75,568,576,130524,305547
,11/18/2021,1276.5,1265.25,1262.75,1287.25,103205,250376,11/18/2021,374.8,370.4,370.2,379.6,42762,77578,11/18/2021,575,573,572,583,171416,323838
,11/17/2021,1252,1277,1250.75,1289.25,146987,254194,11/17/2021,368,374.7,367.5,382,52601,85935,11/17/2021,570.75,575.25,570,584,185381,350087
,11/16/2021,1255.75,1251.25,1248.5,1261.5,80591,250995,11/16/2021,371.6,367.5,366.7,375.2,44903,90656,11/16/2021,576,571,570,577.5,137344,376222
,11/15/2021,1242.25,1257.25,1238,1259.75,94353,250944,11/15/2021,361,371.7,358.9,376.5,72306,95189,11/15/2021,576.25,576.5,569.75,578.75,128056,394446
,11/12/2021,1215,1234,1215,1237.75,62,32,11/12/2021,344.5,362.1,344.4,366,76590,101654,11/12/2021,569.25,577.25,566.75,582,163539,416851
,11/11/2021,1204.5,1212.25,1200,1217,336,150,11/11/2021,342.4,344.5,341.7,345.8,46714,109267,11/11/2021,567.75,569.5,566,579,264523,431856
,11/10/2021,1200,1203.5,1198.5,1209.75,825,515,11/10/2021,342.6,342.4,340.4,344,50998,113679,11/10/2021,555.5,569.25,555,571.75,209267,448952
,11/9/2021,1178,1199.5,1171.25,1213.75,512,733,11/9/2021,332,342.5,331.3,346.6,82807,120000,11/9/2021,551,554.75,547.75,564,246899,471804
,11/8/2021,1190,1178,1177.75,1196,596,932,11/8/2021,332.2,331.8,330,334.2,40985,128058,11/8/2021,552,551.5,549.5,554.75,166976,514422
,11/5/2021,1210,1192.25,1191,1211.25,776,1216,11/5/2021,335.7,332.7,331.5,338.3,43919,130879,11/5/2021,560,553,552.25,562.75,192123,544899
,11/4/2021,1230.5,1209.25,1205.5,1233.25,2676,1697,11/4/2021,340.9,335.8,333.3,341,53270,132162,11/4/2021,563.75,559.25,556.5,569.75,149483,587231
,11/3/2021,1242.25,1231.5,1228.5,1245,1263,1818,11/3/2021,337,340.8,335.9,341.3,57145,137549,11/3/2021,572,564,563,573.25,149892,594712
,11/2/2021,1236.5,1244,1234.75,1250.25,2003,2048,11/2/2021,329.1,337.2,328.8,337.5,57105,142225,11/2/2021,578.25,573,572,586,174067,594939
,11/1/2021,1236.25,1236.75,1225,1246.5,3899,2820,11/1/2021,332.6,329.1,328.6,334,48848,141882,11/1/2021,568,579,565.25,582,197409,596163
,10/29/2021,1230.25,1235.75,1227.75,1242,10990,4355,10/29/2021,330.9,332.6,329.1,334.2,40762,143307,10/29/2021,562.5,568.25,558.75,569.25,135195,597061
,10/28/2021,1238.5,1233.75,1229.5,1249.5,73201,8658,10/28/2021,331,330.9,328.5,334.4,45148,143165,10/28/2021,556.5,562.75,554,568.75,164258,595361
,10/27/2021,1237.25,1239.25,1227,1257.5,122469,38166,10/27/2021,326.9,330.9,324.5,334.6,59069,145220,10/27/2021,542.5,557.25,539.5,563.25,241141,595216
,10/26/2021,1236.25,1238,1230,1246.25,94349,72133,10/26/2021,327,326.9,323,329.4,47805,148044,10/26/2021,538,543.5,533,547.25,146995,592909
,10/25/2021,1218.75,1237.25,1216,1238.25,137468,92524,10/25/2021,325.9,327.2,325.1,331.7,49270,151108,10/25/2021,537,538,535,542,107050,597064
,10/22/2021,1224,1220.5,1217,1230.5,176315,126148,10/22/2021,323.7,327.4,323,327.8,48832,154539,10/22/2021,533,538,532,540,109345,601139
,10/21/2021,1243.25,1224,1222,1249.5,105786,210136,10/21/2021,327.7,324,321.7,329.2,62769,158109,10/21/2021,539,532.25,530.75,540,119388,599255
,10/20/2021,1227.75,1245.5,1224.75,1249.5,134395,218568,10/20/2021,322.7,328.4,321.7,329.4,61743,163776,10/20/2021,530,539.25,528.5,540,129884,602945
,10/19/2021,1220.5,1228,1216.25,1239.25,139462,231299,10/19/2021,317.9,322.6,317,326.5,62844,164766,10/19/2021,532,530.25,529.5,537,119081,602920
,10/18/2021,1218,1221.5,1210,1225.25,99058,249722,10/18/2021,317.1,317.9,313.9,319.4,49407,168545,10/18/2021,525.75,532.75,523,533.75,119583,609096
,10/15/2021,1205.75,1217.75,1202,1221,111808,255687,10/15/2021,314.1,316.6,313.6,319.9,56180,170772,10/15/2021,516.25,525.75,514.25,528.5,130243,609932
,10/14/2021,1196,1206.25,1193.5,1207.75,127035,259022,10/14/2021,317.1,317.1,317.1,317.1,7,0,10/14/2021,512.25,516.75,511,518.25,140335,615150
,10/13/2021,1198.5,1195.25,1184.5,1211.25,186725,272743,10/13/2021,309.6,313.4,309.6,312.7,82,6,10/13/2021,523,512.25,506.75,525.25,203330,620226
,10/12/2021,1226.5,1198.25,1194.75,1230.75,183780,285327,10/12/2021,316,312.9,308.8,316.8,174,27,10/12/2021,532.75,522.5,519.25,533,196596,627140
,10/11/2021,1240.5,1228.25,1227,1251.25,112209,283525,10/11/2021,317.9,316.2,316,318.3,64,118,10/11/2021,530,533,528.75,534,104166,630724
,10/8/2021,1246.5,1243,1242,1262.5,143586,290755,10/8/2021,318.9,317.5,318.6,320.4,169,179,10/8/2021,533.25,530.5,530,538.75,95481,645330
,10/7/2021,1242,1247.25,1233.5,1249.5,120772,300179,10/7/2021,321.6,318.8,319.1,322,368,255,10/7/2021,532.75,534,527.5,535.25,104997,652185
,10/6/2021,1250,1242,1239.25,1255.5,83888,311566,10/6/2021,320.2,321.6,320.2,323,240,553,10/6/2021,537,532.25,531.5,544.75,126943,658921
,10/5/2021,1234.25,1250.5,1231,1256.25,119391,316600,10/5/2021,322.1,320.2,319.6,322.1,464,775,10/5/2021,540,537.5,535.25,543,119598,667364
,10/4/2021,1242.75,1235.75,1235,1247.75,111356,318862,10/4/2021,325.5,322.1,321.8,325.5,790,1124,10/4/2021,540,540.75,536,547.5,132923,679398
,10/1/2021,1255,1246.5,1242,1262.25,117447,321129,10/1/2021,326.9,325,324.6,328,745,1552,10/1/2021,536.75,541.5,532,545.25,135599,683752
,9/30/2021,1282,1256,1249,1295,202394,324251,9/30/2021,337.9,326.2,325.8,338.2,4179,2023,9/30/2021,539,536.75,527.25,548.5,222135,691389
,9/29/2021,1276.25,1283.75,1272.75,1288.5,91807,327527,9/29/2021,337.5,338.1,336.5,339.5,14709,3459,9/29/2021,533.5,539,533.5,541,107220,690367
,9/28/2021,1286.75,1277,1275,1287,88017,327477,9/28/2021,337.1,337.3,335.2,338.4,23429,8992,9/28/2021,538.75,532.5,532,541.75,125830,694638
,9/27/2021,1284,1287.5,1282,1297,96607,329484,9/27/2021,335.8,337.3,335.8,341,23171,14913,9/27/2021,524.75,539.5,524,540,144946,705820
,9/24/2021,1283.25,1285,1278.25,1290,64911,325109,9/24/2021,336.6,336.1,334.8,337.5,19397,20360,9/24/2021,528.5,526.75,524,528.75,93098,708375
,9/23/2021,1282.5,1284.25,1275.75,1290.25,70612,321175,9/23/2021,338,336.6,335.1,338.8,19624,28358,9/23/2021,524.5,529.25,520.25,531,95990,706502
,9/22/2021,1274.5,1282.75,1270.25,1285,75666,321772,9/22/2021,338.3,337.9,336.3,340,17644,31401,9/22/2021,517,525.5,516,526.25,112326,709243
,9/21/2021,1263,1274,1257.5,1275.5,78941,322276,9/21/2021,336.2,337.9,335.3,339.6,13706,32271,9/21/2021,522,517,512.75,522.75,119145,710440
,9/20/2021,1285,1262.5,1262,1286,94112,324452,9/20/2021,338.6,336.1,335,338.8,11215,34499,9/20/2021,527,521.75,515.25,527,125356,716956
,9/17/2021,1295.5,1284,1278.25,1298.5,72388,325065,9/17/2021,340.2,338.5,337.3,340.8,11703,36125,9/17/2021,529,527.25,521.75,530.5,109533,729480
,9/16/2021,1296.5,1296,1291.25,1308,75853,328587,9/16/2021,335.9,340.2,335.8,341.3,16502,38210,9/16/2021,533.5,529.5,528,537.5,118905,729646
,9/15/2021,1283.5,1294.5,1276,1296,91389,333358,9/15/2021,338,335.9,335.4,339.7,17165,39718,9/15/2021,520.75,533.5,520.5,534.5,152827,737030
,9/14/2021,1283.5,1276.5,1279,1283.5,48,1,9/14/2021,,341.2,,,,,9/14/2021,497,503,497,502.25,81,17
,9/13/2021,1271.75,1272.5,1271.75,1271.75,22,48,9/13/2021,342,344.7,341.9,345.9,22,0,9/13/2021,503.5,496.75,493,503.5,313,83
,9/10/2021,1261.25,1275.25,1259,1280.5,49,61,9/10/2021,340,342,337,342.5,102,22,9/10/2021,499,502.75,487.75,505,370,311
,9/9/2021,1260,1258.75,1258,1267.25,175,96,9/9/2021,336.5,336.3,335.2,336.6,127,119,9/9/2021,498.5,496,494.5,500,164,604
,9/8/2021,1270.75,1270.75,1269.5,1272.25,30,157,9/8/2021,336.8,337.4,335.7,337.2,205,236,9/8/2021,497.5,498.25,495,504,451,715
,9/7/2021,1288,1268.75,1274,1292,31,186,9/7/2021,341.8,337.3,336.5,341.9,294,382,9/7/2021,509,495.75,496,509,734,1037
,9/3/2021,1290.5,1283,1283.5,1290.5,62,196,9/3/2021,337.9,340.9,336.5,342.3,400,583,9/3/2021,516.75,508,506.75,518.25,967,1457
,9/2/2021,1275.5,1279.25,1269.25,1284,354,232,9/2/2021,343,337.9,337.7,343.4,696,830,9/2/2021,515.5,516.25,510,521,1319,1966
,9/1/2021,1291.5,1277.75,1272.5,1291.5,663,430,9/1/2021,346.5,343.7,341.5,347.2,667,1258,9/1/2021,534,515.5,514.25,535,5192,2787
,8/31/2021,1310,1298.75,1293,1312.75,1682,918,8/31/2021,348,346.4,345,350.1,2482,1573,8/31/2021,540,534,524,542,8135,4875
,8/30/2021,1357.25,1304.75,1297,1359.25,7248,1322,8/30/2021,353.9,347.6,346.4,357.5,18646,2619,8/30/2021,557.25,540.25,531.5,560,73569,9266
,8/27/2021,1364.25,1359.25,1324,1368.25,16506,8596,8/27/2021,356.2,354.2,352.4,356.5,25272,9008,8/27/2021,553,558,548.75,558.75,107357,42261
,8/26/2021,1345,1367.5,1341.5,1373.75,23771,18450,8/26/2021,352.2,356.5,350.7,357.6,30712,18716,8/26/2021,550,552.75,548,555.75,73859,82468
,8/25/2021,1337,1346,1329,1355.5,24442,22738,8/25/2021,354.8,352.3,351.8,355.4,25258,27384,8/25/2021,544.5,551.25,541.25,555,80083,99734
,8/24/2021,1301.25,1337,1294.25,1343.5,25598,26894,8/24/2021,348.1,354.9,347.1,356.8,25451,34210,8/24/2021,539.5,544.5,537,546.5,82653,114389
,8/23/2021,1293,1294,1290.5,1311.75,13922,31350,8/23/2021,352.7,346.6,346.6,354.6,21131,39430,8/23/2021,536,538,531.5,544.25,50271,125606
,8/20/2021,1324.25,1293.75,1281.5,1337.25,18268,34133,8/20/2021,351.5,353.3,348.7,353.7,14047,42117,8/20/2021,550.25,538.75,533.25,554.25,83003,132981
,8/19/2021,1358,1323,1316.75,1358,17626,32856,8/19/2021,357.6,351.5,349.8,357.6,21013,43726,8/19/2021,560.5,550,546.75,560.5,90493,138455
,8/18/2021,1370,1358.25,1352.75,1372.75,10179,33191,8/18/2021,359.5,357.6,356.2,360.9,15012,45802,8/18/2021,559,561.75,556.5,563.5,64048,144742
,8/17/2021,1379.5,1369,1365,1386.5,12021,33982,8/17/2021,360.9,360.1,358.6,364.2,14563,46550,8/17/2021,567.5,558.25,556.25,569.5,67739,153873
,8/16/2021,1373.25,1376,1367.75,1385.5,13440,34147,8/16/2021,357.8,359.4,355.4,361.1,9340,47734,8/16/2021,568.25,564.75,561,572,60693,163845
,8/13/2021,1408.75,1424.25,1408.75,1434.5,43,0,8/13/2021,,358.1,,,47,7,8/13/2021,566.75,568.25,559,575,97466,170705
,8/12/2021,1411,1401.5,1394.75,1428.75,37,36,8/12/2021,355.2,355.4,354,355.2,14,62,8/12/2021,554.75,567,548.5,589.5,247372,186562
,8/11/2021,1448.5,1405.5,1403,1466,285,73,8/11/2021,360.7,355.4,354,360.7,48,62,8/11/2021,548.75,556.25,548.25,558.5,184260,207242
,8/10/2021,1439.5,1447.5,1439.5,1460.75,812,334,8/10/2021,362.5,360.3,359.2,363.4,43,56,8/10/2021,548.5,549.25,544,550.25,143634,239555
,8/9/2021,1426,1433.75,1418.5,1443.75,446,922,8/9/2021,361.4,359.6,359.9,364.7,85,96,8/9/2021,554,550.25,547,556,144339,272616
,8/6/2021,1398.5,1422.25,1398.5,1421.75,957,1244,8/6/2021,357.7,358.8,357.7,359.2,292,139,8/6/2021,555,555,548.75,560.5,142762,305769
,8/5/2021,1403.5,1402.5,1393.5,1415,1246,1721,8/5/2021,354,356.9,353.6,357.8,140,399,8/5/2021,546.75,555.75,545.75,560.75,92967,344056
,8/4/2021,1390.25,1403.5,1390.25,1406.5,2841,2286,8/4/2021,351.1,353.1,350,354.5,255,495,8/4/2021,550.5,545.75,540.25,555.25,70049,351887
,8/3/2021,1409,1392.25,1380.5,1412,2286,3954,8/3/2021,356,347.8,347.6,356,565,728,8/3/2021,555.75,550.5,546.75,563.5,95208,359615
,8/2/2021,1419.25,1418.75,1404,1425.5,1153,5518,8/2/2021,352,357.2,349,359,1648,1099,8/2/2021,547.25,558.75,540.25,559.25,83836,372245
,7/30/2021,1435,1414.75,1405.75,1441,2967,6335,7/30/2021,357.9,352.6,352,359.3,2568,2427,7/30/2021,557,547,546.5,557.75,65198,383263
,7/29/2021,1431.75,1434.25,1427.75,1449.75,17953,7920,7/29/2021,359.1,356.5,355,359.9,13253,3784,7/29/2021,549.25,558,546.5,559,71556,383903
,7/28/2021,1422.75,1432,1410.5,1435.75,21549,17882,7/28/2021,359.3,356.1,354.1,360.1,23074,9043,7/28/2021,554,549.25,545,554.25,62378,392832
,7/27/2021,1419.25,1418.25,1412.5,1442.75,22129,24074,7/27/2021,355.8,358.8,353.6,361,27197,15379,7/27/2021,554,548.75,544.25,564,67236,399731
,7/26/2021,1405,1412.75,1380,1415.5,25875,28624,7/26/2021,354,353.6,347.3,355.3,27860,24075,7/26/2021,549.25,549.75,536.75,551.25,72948,406177
,7/23/2021,1418.25,1401,1396,1419.75,23499,33701,7/23/2021,365.2,353.6,352.8,365.4,24179,31546,7/23/2021,564.75,547.25,544.5,569.25,81447,413264
,7/22/2021,1439.75,1416.25,1391.25,1440.25,30714,41030,7/22/2021,369.8,363.2,360.7,369.9,20467,36275,7/22/2021,571.5,564.5,555,571.75,81023,422248
,7/21/2021,1449.25,1439.25,1428.75,1451.5,21426,43654,7/21/2021,366.1,369.8,365.2,371.5,17050,38605,7/21/2021,572,571.75,567.75,579,78998,427615
,7/20/2021,1434.25,1443.5,1429.25,1452.75,33664,45661,7/20/2021,363,365.5,359.7,366.7,22050,41544,7/20/2021,558,571.75,557.25,576.25,77004,436530
,7/19/2021,1475,1428,1426.25,1480,24475,51778,7/19/2021,370.5,359.8,358.8,371.5,17784,44986,7/19/2021,570,556,548.75,571.5,67343,441594
,7/16/2021,1449.5,1454.75,1444,1473.75,31628,50787,7/16/2021,364.3,363.2,362.9,369.4,16549,45785,7/16/2021,564,556,553.25,570.5,83019,448567
,7/15/2021,1453.25,1447.5,1440.75,1461,30128,50512,7/15/2021,368.7,362.7,361,371,17021,48169,7/15/2021,568.5,564.25,561,571.5,69356,456220
,7/14/2021,1438,1467.75,1438,1475.75,29,0,7/14/2021,,366.6,,,12,11,7/14/2021,682,683,682,687,26,77
,7/13/2021,1436,1438,1434,1449.25,172,24,7/13/2021,354.9,355.1,354.9,357.9,131,96,7/13/2021,669.5,677,664,750.5,329,95
,7/12/2021,1408.75,1432.5,1408.75,1432,105,185,7/12/2021,351.9,354.9,351.7,355.5,234,214,7/12/2021,629.75,669.25,619.5,666,431,245
,7/9/2021,1387.5,1404,1387.5,1404.5,329,282,7/9/2021,355.3,352.5,351.3,355.3,482,422,7/9/2021,640.75,629.75,620,643.5,530,529
,7/8/2021,1380.75,1390.25,1380.75,1398.75,507,536,7/8/2021,358.6,355.3,354.8,358.6,416,610,7/8/2021,657.5,638,636,659.5,497,918
,7/7/2021,1399,1386.5,1366.75,1402,795,868,7/7/2021,360.6,357.2,355,360.6,589,779,7/7/2021,656,652.5,645,666,590,1334
,7/6/2021,1420,1363.75,1353,1420,586,1564,7/6/2021,377.1,355,353.9,377.1,354,1249,7/6/2021,685.25,656,645.5,685.25,1707,1800
,7/2/2021,1447,1451.75,1441.75,1465,1542,2016,7/2/2021,381.8,379.9,378.2,384.3,426,1477,7/2/2021,720,697.25,683,727,4751,2606
,7/1/2021,1450.25,1446.75,1438,1480,2182,2816,7/1/2021,373.5,381.8,373.5,384.7,915,1740,7/1/2021,719.75,719.75,712.25,744.5,4706,5174
,6/30/2021,1360,1450,1336.25,1454.25,4559,3842,6/30/2021,348.9,375.5,345,376.6,2649,2267,6/30/2021,694,720,675.5,743.25,18226,7781
,6/29/2021,1370,1359.75,1348,1372.5,20510,6439,6/29/2021,353.6,348.4,344.4,353.9,19066,3727,6/29/2021,678.25,694.5,668,700,58727,16957
,6/28/2021,1329.75,1357,1326,1365.5,51276,14524,6/28/2021,348.2,351.6,344.2,354.2,27410,10202,6/28/2021,637.75,675.5,636.75,676.5,83833,46210
,6/25/2021,1369.5,1329.75,1325.75,1384.75,97444,35880,6/25/2021,346.4,347.2,341,353.7,35417,19819,6/25/2021,653.25,636.5,634,659.5,123016,79278
,6/24/2021,1382.5,1371.25,1345.75,1385,57347,107977,6/24/2021,354.8,345.8,339.9,355,36867,31843,6/24/2021,664,653.25,650.75,664,143749,135024
,6/23/2021,1392,1385,1381,1406.75,65951,118256,6/23/2021,364,354.2,353.5,365.1,28256,40674,6/23/2021,660.5,664.25,659.25,666.25,127090,160881
,6/22/2021,1420,1394.5,1393.25,1427.25,67595,125707,6/22/2021,374.1,363.3,362.6,375.6,33443,44899,6/22/2021,662.75,659.75,653.75,668,145930,192919
,6/21/2021,1374,1415,1370,1422.5,64081,129169,6/21/2021,369.6,373.1,366.6,377.4,29744,48506,6/21/2021,640.25,659.25,636,665,127442,236093
,6/18/2021,1330.75,1396,1330.75,1408.25,100857,135212,6/18/2021,361.4,373.4,359.6,375.7,52991,52879,6/18/2021,631,655.25,629.5,663.5,184523,256431
,6/17/2021,1443,1329.75,1323.5,1450,121978,145034,6/17/2021,379,361.5,360.2,380,56555,58815,6/17/2021,672.75,633,633,674.25,192026,277524
,6/16/2021,1468.25,1448.5,1442.5,1475,74804,152241,6/16/2021,372.7,379.2,370.4,382.5,44504,65410,6/16/2021,670,673,663.75,687.75,169908,305775
,6/15/2021,1483.5,1465.75,1460,1488.25,103081,156293,6/15/2021,376,372.4,371.5,378,47204,70429,6/15/2021,662.75,667.5,646.75,668.5,176454,320374
,6/14/2021,1504.25,1472.25,1455,1504.25,106170,164124,6/14/2021,383.3,373.9,371.5,383.9,47865,76333,6/14/2021,675.75,659.25,653,676.25,159570,353924
,6/11/2021,1544.5,1508.5,1496.5,1551.25,155417,177188,6/11/2021,382.1,383.3,377.6,384.6,59047,82878,6/11/2021,699.5,684.5,673,703,233946,370689
,6/10/2021,1562.5,1544,1537.25,1576.5,144526,196622,6/10/2021,386.4,381.6,380.9,388.9,63100,88749,6/10/2021,691,699,687.75,717.5,256320,405171
,6/9/2021,1584.25,1562.5,1550,1586.75,117025,216678,6/9/2021,390.5,386.4,383.9,391.3,55471,97798,6/9/2021,682.5,690.75,669.5,695.5,214261,441003
,6/8/2021,1571,1580,1561.5,1597.5,141918,238462,6/8/2021,389.4,389.8,386.9,395.5,61175,105819,6/8/2021,682,680,677.5,698,224000,479251
,6/7/2021,1599.75,1560.25,1558.5,1623.5,145331,251079,6/7/2021,399.9,386.9,385.9,403.4,61246,115944,6/7/2021,695,679.25,674.5,706.25,254039,508319
,6/4/2021,1548.25,1583.75,1545.25,1587,80384,268784,6/4/2021,391.1,396.2,390.7,396.6,28358,124662,6/4/2021,663.5,682.75,660.75,685.75,142300,539365
,6/3/2021,1565.5,1549.25,1543.5,1589,91793,271324,6/3/2021,393.9,391.6,388.6,397.2,35414,126286,6/3/2021,675.5,662,652.75,685,166363,553081
,6/2/2021,1546,1562.5,1541.75,1567.75,93696,276142,6/2/2021,397,394,391.6,401.9,39575,128207,6/2/2021,683.25,675,666,694.25,163861,570127
,6/1/2021,1542,1548.5,1537.25,1578.5,97373,284513,6/1/2021,396,398.7,396,406.9,47828,132359,6/1/2021,666,688.75,660.75,696.75,163972,585352
,5/28/2021,1538,1530.5,1522.75,1555.75,74559,289265,5/28/2021,390.3,395.5,385.8,396.9,45081,136422,5/28/2021,666.25,656.75,651.25,672.75,150329,592988
,5/27/2021,1508,1537,1492,1539.25,87612,291456,5/27/2021,384.7,390.3,380.7,391.7,43187,140244,5/27/2021,626,664.5,621.25,664.5,160605,603409
,5/26/2021,1512.5,1503.5,1489.25,1525.5,101218,294582,5/26/2021,386.8,383.8,378.3,389.3,55434,142620,5/26/2021,621,624.5,602.75,629,182610,612617
,5/25/2021,1523.75,1511.75,1499,1538.25,98163,297033,5/25/2021,401,386.3,385.3,403.2,63571,148286,5/25/2021,660,620.25,617.25,661.75,211650,618761
,5/24/2021,1520.75,1522.75,1506.25,1525.75,78380,300851,5/24/2021,398.1,400.2,396,402.1,39186,150654,5/24/2021,652.25,657.25,645.5,658.5,106865,624460
,5/21/2021,1534,1526.25,1512.25,1540.75,87016,304424,5/21/2021,402,398.9,397.7,404.1,44352,155786,5/21/2021,664.75,659.5,653.5,666.75,109618,631210
,5/20/2021,1547,1533.25,1523,1553.75,74949,302031,5/20/2021,404.4,401.1,400,410.5,49900,156574,5/20/2021,662.25,664.5,656.5,671.25,119730,637495
,5/19/2021,1576,1538.25,1522,1576.25,125738,303006,5/19/2021,411.1,403.2,402.5,412,58049,162235,5/19/2021,660.5,658.25,637,663,136686,645771
,5/18/2021,1588.25,1574.25,1569,1604.75,100081,311791,5/18/2021,415.9,410.8,410.3,417.5,57562,167620,5/18/2021,653.5,658.25,652.5,669.5,161908,650578
,5/17/2021,1584.75,1587.5,1575.5,1603.25,84850,314338,5/17/2021,418.5,414.9,414.3,426.2,49046,174256,5/17/2021,642.25,652.5,633,656.75,185347,659332
,5/14/2021,1625,1603.75,1620.75,1625,22,22,5/14/2021,,423.5,,,0,232,5/14/2021,717.25,685,685,718.75,28,0
,5/13/2021,1657,1612.25,1598,1657,199,50,5/13/2021,448,423.5,427,448,68,232,5/13/2021,757.5,719,717.5,769,307,21
,5/12/2021,1666.25,1660.5,1660.25,1677.25,172,316,5/12/2021,451.3,450.9,451.2,456,119,299,5/12/2021,764.25,757.5,750,769.25,328,210
,5/11/2021,1614.5,1637.5,1608.25,1650.25,128,364,5/11/2021,453.7,449.5,448.5,453.7,26,407,5/11/2021,747.25,759.5,747.25,771.5,404,479
,5/10/2021,1621,1620,1613.25,1627,396,436,5/10/2021,439,444.4,439,446.4,75,426,5/10/2021,766.75,748,744.75,770.5,814,828
,5/7/2021,1614.5,1621,1602.5,1630.25,508,762,5/7/2021,431.2,442.5,426.8,441.8,145,464,5/7/2021,763.25,772.75,755,775,680,1342
,5/6/2021,1590.5,1605.5,1589.75,1609,588,1227,5/6/2021,427.4,427.7,426.6,429.6,260,595,5/6/2021,761,759.5,746.25,768,2419,1663
,5/5/2021,1591.25,1582,1573.75,1591.25,631,1649,5/5/2021,425.2,424.3,424.7,427.9,252,796,5/5/2021,750,753.25,740.75,756,1778,2715
,5/4/2021,1571,1577,1571,1590.75,1618,2045,5/4/2021,420.1,423.5,419,424.8,237,1023,5/4/2021,732,744.75,730,758.25,1827,4005
,5/3/2021,1579,1560.25,1553.5,1600,1617,3172,5/3/2021,426,416.2,416,427,515,1246,5/3/2021,740,732.25,724,758.25,3094,5275
,4/30/2021,1534,1571,1527.5,1573.5,4669,4422,4/30/2021,423,426,418.8,429.2,2527,1640,4/30/2021,702.5,740,699.25,746.25,9862,7296
,4/29/2021,1549,1542.5,1538,1573.75,22542,7130,4/29/2021,421.5,422.6,417.5,427.1,8935,2878,4/29/2021,683.75,702,681,704.5,30786,12543
,4/28/2021,1545.25,1557.75,1524.25,1589,66001,19172,4/28/2021,424.6,421.3,419.9,428.6,24804,6424,4/28/2021,697.75,686.25,676.25,720.5,107987,26797
,4/27/2021,1572.25,1549.75,1548,1608.75,77706,52604,4/27/2021,429.7,425.5,422.1,433.5,33979,15166,4/27/2021,688.5,695.5,680.5,720.5,166136,67729
,4/26/2021,1548.75,1569,1540.5,1573,84662,77482,4/26/2021,422.3,428.8,421.1,435.7,37555,22319,4/26/2021,661,680.5,661,680.5,157505,127419
,4/23/2021,1534,1539.75,1520,1549.75,112190,98477,4/23/2021,420.6,422.4,416.5,425,39860,31671,4/23/2021,653,655.5,638.25,658.5,157732,168158
,4/22/2021,1498.75,1533.25,1498.25,1543,115383,131275,4/22/2021,413.7,422,412.6,424.5,35480,44436,4/22/2021,624.25,650.5,623.5,650.5,147251,231523
,4/21/2021,1475,1497.25,1467.5,1499.75,88608,147300,4/21/2021,410.4,412.3,406.8,413.5,27050,52631,4/21/2021,609.5,625.5,604.5,628.5,163261,248742
,4/20/2021,1450.5,1472,1450,1485.5,91627,161453,4/20/2021,407.6,410.4,407,415.3,33957,56754,4/20/2021,593,606.5,592.75,611.75,180193,268597
,4/19/2021,1439.75,1449.75,1434.75,1454.5,78228,181192,4/19/2021,404.4,407.5,401.7,408.9,26465,63340,4/19/2021,588.75,592,588.25,596.75,105991,293449
,4/16/2021,1419,1433.25,1418,1437.75,88555,185947,4/16/2021,400.3,402.2,399.5,408.4,32941,67331,4/16/2021,590.5,585.5,583.25,594.75,165261,323909
,4/15/2021,1410,1418.25,1407.5,1421,85081,193639,4/15/2021,398.4,401.9,397.3,405.1,41579,72356,4/15/2021,594.25,590,587.75,601.5,176855,354032
,4/14/2021,1391.5,1410,1389.25,1416.25,113554,203858,4/14/2021,395.1,398.2,394.4,402.4,70271,79051,4/14/2021,579.75,594,578.75,597.75,242724,388909
,4/13/2021,1385.25,1389.5,1378,1398.75,119433,210160,4/13/2021,402.6,395,394.6,403.1,72943,92751,4/13/2021,569,580,565.5,584.5,225715,424205
,4/12/2021,1403.25,1382,1379.5,1407.25,134732,222019,4/12/2021,402.4,401.9,398.2,403.4,59854,101784,4/12/2021,577.75,569,567.25,586,198642,468245
,4/9/2021,1416,1403,1400.75,1419,113734,246716,4/9/2021,407.5,401.2,400.4,409.8,56458,111359,4/9/2021,579,577.25,575.5,595,249738,515588
,4/8/2021,1408.75,1415.25,1404.5,1422.5,98187,264595,4/8/2021,409.1,406.8,406.1,410.3,54046,122178,4/8/2021,560.75,579.75,559.25,583,258786,556250
,4/7/2021,1420.5,1408.75,1403.75,1427.5,84843,279848,4/7/2021,406,409.1,405.9,410,33574,132635,4/7/2021,555.75,560.5,553.75,562.25,158002,576150
,4/6/2021,1412.75,1418.75,1412.5,1431,81203,284668,4/6/2021,405.9,406.4,405.3,411.8,31638,134064,4/6/2021,553.75,554.25,552.25,561.5,134848,583487
,4/5/2021,1410,1412.75,1405.25,1421,63975,284632,4/5/2021,411.5,406.3,405.7,417.9,34484,137755,4/5/2021,561.25,553.25,549.75,564.5,143679,602184
,4/1/2021,1444,1402,1398.5,1456.25,169783,286273,4/1/2021,427.8,410.2,407.2,433.2,60626,139545,4/1/2021,575,559.75,556.5,585,249753,615378
,3/31/2021,1368.75,1436.75,1364.75,1436.75,128593,296006,3/31/2021,398.2,423.2,397.7,423.2,47118,141440,3/31/2021,538.25,564.25,536.25,564.25,145896,622246
,3/30/2021,1393,1366.75,1364.25,1394.75,96925,301827,3/30/2021,398.1,398.2,397.2,400.7,35794,143350,3/30/2021,546.25,539.25,533.75,547.5,136033,628760
,3/29/2021,1400.5,1393,1383,1402.75,98533,305045,3/29/2021,404.8,398.1,397,404.8,44392,145588,3/29/2021,551.75,546.75,542.25,552,119797,637172
,3/26/2021,1414,1400.5,1399,1419,100389,308841,3/26/2021,404.8,404,400.2,407.1,41574,149550,3/26/2021,546.5,552.5,544,554,124031,643481
,3/25/2021,1430.75,1414.25,1410.5,1431.75,104662,307757,3/25/2021,401,404.6,399,405.3,39047,150668,3/25/2021,552.25,546.5,541.5,552.5,142181,646977
,3/24/2021,1421.75,1432.75,1418.25,1433.5,78103,312064,3/24/2021,398.6,401,397.6,402.9,33955,150609,3/24/2021,551,553.25,548.25,553.75,92011,650917
,3/23/2021,1418.75,1423.25,1414.25,1435,108200,314610,3/23/2021,396.6,398.8,396,402.7,50009,152923,3/23/2021,551.25,551.25,547.75,556,122094,657706
,3/22/2021,1418.75,1417.5,1405.25,1423.75,77293,315149,3/22/2021,408.8,396.6,395.4,408.8,48154,158511,3/22/2021,558,549,546.75,558.75,129296,668058
,3/19/2021,1391,1416.25,1390,1418.25,86775,318508,3/19/2021,398.5,407.9,398.2,408.4,42497,161321,3/19/2021,546.25,557.75,545.5,559,158521,674236
,3/18/2021,1417.25,1392.25,1390.5,1419,93486,319039,3/18/2021,404.5,398.2,398,405.6,40190,163870,3/18/2021,556.75,546.5,545.25,558,157912,682472
,3/17/2021,1424,1417.75,1408,1425.25,69409,320119,3/17/2021,406.1,404.9,399.5,406.6,29507,166878,3/17/2021,554,558,552,558.5,129647,690358
,3/16/2021,1420,1423.25,1412.75,1425,71215,325805,3/16/2021,407.6,406.1,404.5,410.6,34160,168128,3/16/2021,549.5,554.25,546.75,555.5,132710,699655
,3/15/2021,1409.25,1419.5,1402,1423.75,82218,332208,3/15/2021,398.7,407.4,397,408.1,41457,169575,3/15/2021,537,549.5,532.75,550.75,140615,705501
,3/12/2021,1425,1415.75,1395.75,1425,25,3,3/12/2021,397.1,396.3,395.9,405,200,155,3/12/2021,545,549.25,544.5,551.5,66,143
,3/11/2021,1407.75,1415.5,1407.75,1421.75,180,26,3/11/2021,410.6,402,403.7,410.6,189,33,3/11/2021,547,555,547,556.25,672,158
,3/10/2021,1441.25,1411.5,1411.25,1441.5,340,166,3/10/2021,416.9,410.1,409.7,416.9,305,286,3/10/2021,564.5,547.75,547.5,564.5,1986,654
,3/9/2021,1442.25,1441.25,1430,1443.5,186,451,3/9/2021,419.5,419.2,414.6,419.5,489,533,3/9/2021,565,562,554.25,565,2224,2283
,3/8/2021,1447,1437.75,1436,1453.5,149,581,3/8/2021,423.8,418.3,418,424,290,810,3/8/2021,565.25,565,557,571.25,2320,4035
,3/5/2021,1414.25,1434.25,1414.25,1437.25,171,704,3/5/2021,417,420,416.2,421,521,1043,3/5/2021,545,562,544.5,564.75,1441,5794
,3/4/2021,1418.75,1415.25,1409.5,1441,385,777,3/4/2021,420.5,418.1,417.3,424.2,342,1510,3/4/2021,550.25,546.25,546,554.25,2129,6801
,3/3/2021,1412,1410.75,1400.25,1417.5,619,1028,3/3/2021,423.6,420.2,418,424,790,1792,3/3/2021,560,550.25,548,560,3809,8135
,3/2/2021,1395,1414,1383.5,1416,680,1489,3/2/2021,420.9,423.3,416.8,424.1,573,2293,3/2/2021,547.25,560.75,542,564,8112,10717
,3/1/2021,1415.75,1392.5,1392,1422,1258,1943,3/1/2021,427.1,420.2,420,427.9,1205,2643,3/1/2021,560.5,547.5,547,562.5,6534,16588
,2/26/2021,1404,1405.25,1380,1408.25,5701,2734,2/26/2021,423.3,423.2,417,426.2,3540,3673,2/26/2021,554.5,555.5,546.25,556.5,21395,21134
,2/25/2021,1423.5,1406,1391.75,1443,44673,5150,2/25/2021,428.4,424.1,420.1,432.6,16629,5283,2/25/2021,559,554.75,542.5,560.5,128538,35443
,2/24/2021,1407.25,1423.75,1406.75,1426.5,66143,21712,2/24/2021,427.9,428.3,425.5,434.8,31946,10224,2/24/2021,553.5,559.25,552,560.75,174397,89614
,2/23/2021,1383.75,1406,1380.75,1425,88637,48129,2/23/2021,423.3,426.5,422.4,433.5,34505,19337,2/23/2021,550.75,553.75,550,559.5,134967,154367
,2/22/2021,1384.75,1383.75,1371,1388.5,124120,70941,2/22/2021,425.8,423.1,420.6,427.4,34621,28738,2/22/2021,544.25,551,543.5,551.5,140629,183406
,2/19/2021,1376.25,1377.25,1366.5,1388.75,140822,99633,2/19/2021,427.1,424.3,423.7,430,35738,36866,2/19/2021,549.25,542.75,540.75,555.5,203468,226599
,2/18/2021,1385,1375,1370,1391.25,114634,150525,2/18/2021,431.8,425.9,425,433.1,33515,49094,2/18/2021,552.75,550.25,548,554.5,123409,310701
,2/17/2021,1386.25,1383.75,1376.25,1390,75855,166991,2/17/2021,428.9,431.7,426.5,432.3,37343,56440,2/17/2021,552,553,547.5,554.75,121352,330757
,2/16/2021,1385.75,1384.75,1373.75,1394,115890,174951,2/16/2021,429.4,428.4,424,431.9,43673,61283,2/16/2021,547,552.25,538.5,552.75,146173,345313
,2/12/2021,1368.5,1372,1362,1377.25,89711,195952,2/12/2021,429.2,427.2,423.4,430.1,48924,72072,2/12/2021,541,538.75,536.75,546.25,117970,374745
,2/11/2021,1352.75,1367.5,1337.25,1379.75,133481,205732,2/11/2021,422.2,428.9,418.8,431.2,59494,77945,2/11/2021,532.25,541,524.75,546.5,261046,387476
,2/10/2021,1404.5,1354,1352.25,1404.75,171264,222032,2/10/2021,440,422.3,421.4,440,82800,84668,2/10/2021,556,534.5,531.75,556.25,285720,421496
,2/9/2021,1391,1401.75,1377.5,1409.5,183992,236722,2/9/2021,437.7,438.7,432.3,443.7,68561,96629,2/9/2021,565,556.25,545,574.25,390741,461987
,2/8/2021,1368.75,1387.75,1364.75,1392.5,132805,255638,2/8/2021,430.5,436.6,428.5,438.8,65621,107686,2/8/2021,548.75,563.75,548.75,565.75,267647,516003
,2/5/2021,1370.75,1366.75,1365.5,1382.75,125252,270906,2/5/2021,433,430.5,430.2,436.3,43112,120171,2/5/2021,548.5,548.5,545.5,552.25,216445,553608
,2/4/2021,1374,1372.5,1364.5,1381.5,105595,291246,2/4/2021,437.4,433.1,431.3,437.4,36838,130720,2/4/2021,552,550,547,558,217079,592096
,2/3/2021,1354.5,1371.25,1342.5,1372.5,104412,295750,2/3/2021,428,435.5,425.8,436.5,38097,137064,2/3/2021,543.25,552,536.5,552.5,210137,605755
,2/2/2021,1366,1354.75,1341.5,1372,101229,299187,2/2/2021,429,428,422.9,431.5,31943,136537,2/2/2021,549.75,543,540.25,552.5,175739,613697
,2/1/2021,1375,1365.25,1349.25,1383,122610,300123,2/1/2021,432.4,430.5,425.3,435.5,37791,139043,2/1/2021,549,549.25,539,555.75,219066,629626
,1/29/2021,1353.25,1370,1335.5,1376.75,140139,305373,1/29/2021,427.1,431,420.7,432.8,40616,140239,1/29/2021,534.5,547,533.25,553.75,279607,645329
,1/28/2021,1371.75,1353.25,1345.5,1391.25,147312,307001,1/28/2021,435.7,427.1,424.5,440.7,50502,143384,1/28/2021,533.25,534.5,529,550.5,252543,658302
,1/27/2021,1376,1374.75,1364.5,1394.75,176959,312837,1/27/2021,438,436.6,434.1,443.2,41743,146674,1/27/2021,532.5,534,529.5,543.75,223887,663403
,1/26/2021,1348.25,1370.25,1333.5,1376.5,116570,328931,1/26/2021,430.2,436.5,425.6,439.7,38797,152240,1/26/2021,513,532.25,508,534.25,232259,677404
,1/25/2021,1308.75,1343.5,1298,1352.25,150390,332410,1/25/2021,421.6,429.6,417.6,434.5,51669,156053,1/25/2021,500,511.5,492.5,515.5,264763,686154
,1/22/2021,1367,1311.75,1305.25,1367,203991,338462,1/22/2021,437.5,421.6,420,437.6,69806,157420,1/22/2021,522.5,500.5,499.25,522.75,289548,697248
,1/21/2021,1369,1370.25,1365.5,1387,118977,352896,1/21/2021,442.4,438.2,437.2,447,44876,162053,1/21/2021,521,524.25,519.25,531.5,169566,724336
,1/20/2021,1384.5,1369.5,1352,1384.5,182300,358270,1/20/2021,450.5,442.4,438.6,450.8,57598,163697,1/20/2021,525,522,512.75,526.5,217777,732214
,1/19/2021,1419,1385.75,1383.25,1421.25,129335,366235,1/19/2021,463.3,450.5,450.2,464,57682,164777,1/19/2021,531.5,526,523.25,534.25,188564,745487
,1/15/2021,1432.25,1416.75,1413.5,1434.5,102084,375156,1/15/2021,465.1,463.2,460,467.3,55047,168771,1/15/2021,534,531.5,527.75,536.5,167504,763830
,1/14/2021,1413,1436.5,1413,1413,12,11,1/14/2021,459.2,464.9,459.2,459.2,180,94,1/14/2021,523,534.25,519,536.5,210370,782102
,1/13/2021,1433.5,1411,1410.75,1438.25,242,52,1/13/2021,470.5,462.4,463,472.8,428,165,1/13/2021,524,524.5,522.25,541.5,327689,799333
,1/12/2021,1377.25,1422,1367.5,1430,331,199,1/12/2021,455.5,471.2,454,474.1,234,521,1/12/2021,491.5,517.25,489.25,517.25,248448,802695
,1/11/2021,1381.5,1374.5,1360,1384.5,365,462,1/11/2021,448.5,451.8,443.8,451.9,155,730,1/11/2021,496.5,492.25,490.25,500.5,176563,804053
,1/8/2021,1366.5,1375.75,1366,1383.75,810,689,1/8/2021,439.3,444.8,436,445.9,504,852,1/8/2021,494,496.25,492.5,499.5,163270,819155
,1/7/2021,1368,1360.5,1347,1368,1097,1133,1/7/2021,445.8,438,436,445.8,955,1213,1/7/2021,495,494,487.25,496,185782,824202
,1/6/2021,1359.75,1365.25,1359.75,1376.25,880,1962,1/6/2021,440.3,443.3,438.7,447,926,1951,1/6/2021,492.5,495,491.5,502.75,202374,831675
,1/5/2021,1319.25,1350,1319.25,1373.5,1194,2499,1/5/2021,428,435.4,427.5,440.2,651,2684,1/5/2021,484.5,491.75,482.5,496,219646,826848
,1/4/2021,1324,1316.5,1306.25,1349.75,2421,3071,1/4/2021,439.1,427.2,425.7,444.9,1251,3185,1/4/2021,487.25,483.75,479.5,497.75,265157,831459
,12/31/2020,1302.25,1315.25,1299.25,1321.5,3634,4198,12/31/2020,432.4,434.4,430,436.4,1718,3794,12/31/2020,474,484,473,485.75,168459,835996
,12/30/2020,1295,1303.75,1279.75,1308.25,24625,6001,12/30/2020,427,432.4,420.3,432.9,11237,4560,12/30/2020,466,474.5,462,476,163367,831878
,12/29/2020,1253.75,1295.5,1245,1298.75,43283,15691,12/29/2020,415.3,427,410.3,428.9,20247,8581,12/29/2020,455.75,466,453.5,467.25,191298,833728
,12/28/2020,1273,1255.25,1245,1279.5,56756,33750,12/28/2020,419.8,415.3,412.1,424.1,24143,16654,12/28/2020,452,456.5,448,457.5,145219,836060
,12/24/2020,1260.25,1263.5,1259.75,1274.25,41312,61607,12/24/2020,421.7,416.8,416.1,424.8,11917,23947,12/24/2020,446.75,451,446.5,451.5,74879,844319
,12/23/2020,1248.25,1258.75,1240.5,1266.75,93382,86074,12/23/2020,415,421.2,413.2,422.9,30385,30617,12/23/2020,442.75,447.25,441.5,449.75,147651,847087
,12/22/2020,1244.5,1247.25,1236.75,1252.25,102551,102115,12/22/2020,412.3,415,408.6,416.9,34541,38344,12/22/2020,440,443.5,437.25,444.25,140992,848793
,12/21/2020,1225.25,1243.25,1213.5,1244,129147,118882,12/21/2020,406,412.3,404.4,413.3,34131,42861,12/21/2020,438,440,430.25,440.75,141947,845125
,12/18/2020,1202.75,1220,1201.5,1224.75,110919,129368,12/18/2020,398,405.5,398,408.2,41313,47460,12/18/2020,432.25,437.5,432,438.5,128812,849771
,12/17/2020,1183.25,1201.25,1179.75,1203,125030,141343,12/17/2020,394.5,397.9,392.2,399,40108,51138,12/17/2020,426.25,432.5,424.25,433,119655,850530
,12/16/2020,1187,1183.75,1181.75,1195,122886,148691,12/16/2020,388.9,394.5,388.3,396.3,53556,57543,12/16/2020,425.25,427.25,423.75,429.25,111651,852176
,12/15/2020,1170.75,1184.25,1162,1185.75,128713,163535,12/15/2020,381.3,388.2,378.4,388.7,47918,63649,12/15/2020,424,424.75,420.5,425.25,98612,858006
,12/14/2020,1164.75,1169.5,1161.25,1173,101997,171289,12/14/2020,386.5,380.8,380.8,386.5,8,57,12/14/2020,424.75,419.25,422,429.75,200,69
,12/11/2020,1155.25,1160.5,1151,1162.75,129424,179304,12/11/2020,382.5,384.1,380.9,387.9,197,63,12/11/2020,422,424.25,417.5,424.5,1724,219
,12/10/2020,1159.75,1152.75,1150.25,1178,202110,193333,12/10/2020,387.4,381,380,391,339,235,12/10/2020,422,420.25,420,425.75,1262,1432
,12/9/2020,1146,1158.5,1145.5,1160.75,121502,208104,12/9/2020,384.2,384.4,383.3,387.1,317,534,12/9/2020,418,422,418,422.25,1079,2327
,12/8/2020,1157.5,1145.75,1142.75,1160.25,176569,228649,12/8/2020,385.6,381.7,380.8,385.6,658,588,12/8/2020,418.75,417,415.5,419,1757,3004
,12/7/2020,1160,1158.5,1149,1169,165902,262143,12/7/2020,388.4,386.5,384,389.7,425,1139,12/7/2020,415.25,419.5,412,421,1156,4180
,12/4/2020,1168,1163,1157.75,1172.5,98159,280160,12/4/2020,393.3,388.8,388.2,393.3,400,1485,12/4/2020,422.25,417,415.75,422.75,1675,4868
,12/3/2020,1154.25,1168.25,1152,1170.75,93899,288533,12/3/2020,389.8,392.8,389.4,394,970,1750,12/3/2020,419.25,422.5,417.75,423.25,2379,5746
,12/2/2020,1163.75,1153,1142.5,1164,134260,297028,12/2/2020,391.6,389.5,384.5,393.4,1431,2204,12/2/2020,414.5,419,409,419.75,3551,6680
,12/1/2020,1169.25,1162,1161.25,1176,109296,303724,12/1/2020,394.2,393.5,392.4,396.9,1042,3162,12/1/2020,420,414.75,414,423,5316,8736
,11/30/2020,1198,1168.5,1168,1199,127702,308610,11/30/2020,400.6,393.1,392.8,402.1,3981,3907,11/30/2020,427.5,419.75,418.25,430.5,14701,11749
,11/27/2020,1186,1191.75,1179.25,1194,49078,316839,11/27/2020,398.4,398.5,394.5,399.2,13006,5915,11/27/2020,420.25,425.5,418.5,426.25,68262,18632
,11/25/2020,1197.5,1184,1183.25,1198.5,85398,316843,11/25/2020,399.4,396.9,395,402.4,40378,11646,11/25/2020,426,420,420,427.5,124261,42365
,11/24/2020,1190.75,1191.25,1174,1194,126040,319224,11/24/2020,395.1,398.3,393.3,399.7,45659,24571,11/24/2020,425.75,425.75,416.5,426.5,144304,91564
,11/23/2020,1195.5,1191.5,1186,1200,113186,321644,11/23/2020,399.9,394.9,393.7,401.4,36146,34722,11/23/2020,427.5,426.5,423.5,429.75,153801,135886
,11/20/2020,1179,1181,1176.75,1196.75,149969,330353,11/20/2020,394,394.7,391.7,399.4,40262,45025,11/20/2020,422.25,423.25,421.5,428,137243,173629
,11/19/2020,1174,1177.5,1161.75,1181.25,130563,335682,11/19/2020,394.9,393.7,390.7,395.2,31412,72095,11/19/2020,424.5,422.5,418.75,425.5,133305,239112
,11/18/2020,1170.25,1175.75,1167.75,1189.75,165853,336102,11/18/2020,395.9,394.9,394.3,399.5,34224,79311,11/18/2020,419,425.75,418.5,428.5,205431,257589
,11/17/2020,1157,1169.75,1156.25,1178.25,148053,339575,11/17/2020,390.7,395.8,390.7,399.3,45084,81941,11/17/2020,417.5,420.25,417.25,422,156573,305453
,11/16/2020,1150.25,1153.5,1144,1155.25,93941,342171,11/16/2020,389.2,389.3,386.5,390.8,33742,90265,11/16/2020,409,416.25,409,416.75,132116,315517
,11/13/2020,1139.5,1141.5,1139.5,1145,129,113,11/13/2020,388.1,388.1,386.3,391.2,57263,96315,11/13/2020,407.5,410.5,403.75,413.25,188493,345038
,11/12/2020,1136.25,1137,1132.25,1140.75,451,192,11/12/2020,393.5,388.1,385.3,394.1,66849,101165,11/12/2020,417.25,408.25,406.25,418.5,234330,372261
,11/11/2020,1137,1143.25,1136,1150.25,489,437,11/11/2020,395.6,392.7,391,400.6,86596,104045,11/11/2020,422.5,417.25,416.25,428,306427,416811
,11/10/2020,1106.75,1138.25,1102.25,1145.25,582,548,11/10/2020,384.7,394.8,384,401.1,102937,112321,11/10/2020,407,423,406.25,427.25,355814,459517
,11/9/2020,1097.75,1105,1096.75,1113.25,808,837,11/9/2020,384.1,384.1,383.1,389.6,62483,120340,11/9/2020,405.75,407.5,401.75,410,204111,509297
,11/6/2020,1101,1098.5,1095.75,1107.5,1031,1354,11/6/2020,387.3,382.4,381.8,390,61727,127226,11/6/2020,409,406.75,405.75,412,200681,545638
,11/5/2020,1080,1101.75,1079.5,1111.25,2013,1932,11/5/2020,385.9,387.8,384.3,393.4,66935,131155,11/5/2020,405,409.25,404,417.25,245189,582727
,11/4/2020,1061.5,1079,1056.25,1081.5,1304,2757,11/4/2020,377.5,385.7,375.5,386.6,66515,133251,11/4/2020,400,405.25,396.5,406,176330,602409
,11/3/2020,1051,1059,1051,1068.5,2656,3130,11/3/2020,376.2,377.2,374.5,379.8,53845,133310,11/3/2020,396.25,401,395.25,403.25,184363,633452
,11/2/2020,1053.5,1050.75,1042,1053.5,3660,4319,11/2/2020,378.6,375.1,373.8,384.1,61926,134951,11/2/2020,396,397.5,393,397.75,165146,640758
,10/30/2020,1051,1056.5,1047,1062.25,12667,6408,10/30/2020,377.2,378.6,374.6,380.5,56086,137607,10/30/2020,397.25,398.5,394.25,400,209475,661333
,10/29/2020,1058.5,1051.75,1051,1062.25,63846,12930,10/29/2020,377.2,376.9,372.8,379,54416,139383,10/29/2020,401,398.5,393,404.25,279411,688634
,10/28/2020,1081.75,1057.25,1056.75,1081.75,100102,30843,10/28/2020,383.3,376.7,371.3,383.6,64781,141466,10/28/2020,415,401.5,400.5,415.25,320256,707632
,10/27/2020,1086,1082.25,1081.75,1094,111439,64594,10/27/2020,389.4,384,383.5,392.7,55210,143590,10/27/2020,416.75,416,415.5,422.25,207081,714019
,10/26/2020,1083.75,1087.75,1078,1089.75,111054,94458,10/26/2020,385.7,389.6,381.4,389.9,51881,147975,10/26/2020,419.25,417.75,412.75,419.75,206162,718993
,10/23/2020,1071.25,1083.75,1065.75,1088.5,173835,126946,10/23/2020,383.1,386.4,378.7,387.4,55900,149662,10/23/2020,415,419.25,414,420,168924,725691
,10/22/2020,1072.25,1073.75,1063.5,1085.25,149124,183793,10/22/2020,380,382.4,376.8,390.8,70128,153494,10/22/2020,413.75,416.25,410.75,419,196234,746914
,10/21/2020,1065,1072,1064.25,1077,127982,199314,10/21/2020,373.6,378.8,372.3,379.8,53295,150109,10/21/2020,408.25,413.75,407.75,415.25,216167,745279
,10/20/2020,1055.75,1064,1051.25,1065.75,120566,205922,10/20/2020,375.2,371.9,368.5,378,55794,150427,10/20/2020,404.25,408.75,403.5,409.75,179887,740263
,10/19/2020,1051.25,1054.25,1047.75,1058.25,117717,218048,10/19/2020,370.5,373.2,368.7,375.5,46112,153624,10/19/2020,401.75,405.25,400.75,406.75,167466,743756
,10/16/2020,1062.75,1050,1048.75,1070.75,138422,227644,10/16/2020,372.2,367.5,366.2,374.9,55223,152996,10/16/2020,403.25,402,401.75,409,226808,744620
,10/15/2020,1057.5,1062.25,1037.25,1064.25,158655,246061,10/15/2020,364.4,372.1,361.1,372.5,62832,156737,10/15/2020,396,403.75,393.5,404.25,245381,747493
,10/14/2020,1043,1056.25,1039.75,1059.75,161954,259387,10/14/2020,367.8,358.4,367.8,367.9,42,0,10/14/2020,391,396.5,388,397.5,183507,749846
,10/13/2020,1034,1044,1032.5,1046,171633,272982,10/13/2020,359.1,358.5,359.1,363.7,88,35,10/13/2020,389,391.25,388,392.75,130273,758710
,10/12/2020,1065.25,1033.75,1031.5,1073.5,262222,290652,10/12/2020,361,356.7,355.7,361,318,107,10/12/2020,395.5,389,387.25,399.25,193542,757794
,10/9/2020,1050.25,1065.5,1047,1079.75,264053,329115,10/9/2020,363,363.1,360.2,365.5,166,402,10/9/2020,387,395,386.5,398.25,280954,761738
,10/8/2020,1051.25,1050,1048.5,1069,239775,344622,10/8/2020,362.8,359.2,357.5,369.2,308,506,10/8/2020,389,387,386.5,394.5,202957,752758
,10/7/2020,1041.25,1051,1037.25,1059.75,236406,368365,10/7/2020,354.1,361,354.1,361.5,449,721,10/7/2020,384.5,388.75,384,392,186782,769859
,10/6/2020,1021.5,1044,1021.25,1053.75,212107,392944,10/6/2020,343.9,354.3,343.3,357.3,682,995,10/6/2020,378.5,385,378.5,389.25,213443,783753
,10/5/2020,1019.75,1021.5,1016,1025.5,112442,395014,10/5/2020,349,343.6,341.9,349.1,405,1492,10/5/2020,378.75,379.5,377.75,382.5,119040,785462
,10/2/2020,1024,1020.75,1013,1028,136558,391723,10/2/2020,345,349.4,341.1,350.8,589,1798,10/2/2020,381.5,379.75,377.25,383.25,164090,790966
,10/1/2020,1023.25,1023.5,1021.75,1035,141785,392354,10/1/2020,339.8,345,339,346.2,477,1990,10/1/2020,379,382.75,378,385.5,216356,791818
,9/30/2020,992.25,1023.5,987.5,1034.75,220274,398119,9/30/2020,327.3,339.7,326.3,345.3,2101,2319,9/30/2020,364.25,379,362,382.75,337543,791496
,9/29/2020,994,993,985.75,997.75,120596,401954,9/29/2020,333.2,327.3,327.1,334.3,11891,3414,9/29/2020,366.75,364.75,361,367.75,137617,786036
,9/28/2020,1002,996.25,991.5,1007.5,117222,400106,9/28/2020,337.1,332.6,328.4,338.2,28330,6820,9/28/2020,364.25,366.75,360.5,369.75,162085,790929
,9/25/2020,999,1002.5,995.25,1008,115655,400088,9/25/2020,333.6,336.9,331.1,338.2,21342,16089,9/25/2020,363.25,365.25,363,367.5,130065,791975
,9/24/2020,1012.5,1000,997.25,1014.75,175815,401557,9/24/2020,341.4,333.8,333.2,343.1,22751,22557,9/24/2020,368,363.5,363,368.25,152367,798580
,9/23/2020,1020.5,1014.5,1011,1025.5,135269,406401,9/23/2020,337.7,342.1,336.3,346.5,28812,27529,9/23/2020,368.25,368.5,365.75,370.25,122193,804395
,9/22/2020,1020.25,1019.75,1013.25,1037,169336,412529,9/22/2020,333,337.3,330.7,340,22395,33357,9/22/2020,369.75,369.25,365.75,373.25,159145,802897
,9/21/2020,1041,1022.5,1020.5,1045.25,198261,416017,9/21/2020,337.5,333.4,332.3,338.2,13520,36694,9/21/2020,377.5,369.75,368.25,378.25,209548,811392
,9/18/2020,1028,1043.5,1027.25,1046.75,177098,419087,9/18/2020,330.8,337.4,330.6,339.1,11987,39497,9/18/2020,374.25,378.5,373.25,379.25,180033,819548
,9/17/2020,1011.5,1028.5,1005,1032.25,259968,417362,9/17/2020,321.2,330.4,318.5,331.1,27533,40594,9/17/2020,371.5,375.25,368,377.25,235205,815280
,9/16/2020,991,1011.25,985,1013.75,176360,411638,9/16/2020,314.3,320.8,313.1,321.5,14482,39362,9/16/2020,365.5,371.75,361.75,372,158937,809937
,9/15/2020,1001,991.5,990.25,1005.75,135852,408151,9/15/2020,317.7,314.3,313.7,318.9,17278,40482,9/15/2020,369,366,365.25,369.5,133018,813990
,9/14/2020,1019.25,1019.25,1019.25,1019.25,3,11,9/14/2020,317.9,316.2,317.6,317.9,76,57,9/14/2020,366.75,357.5,359,366.75,219,277
,9/11/2020,992,1005.5,992,1025,63,16,9/11/2020,311.1,318.4,311.1,317.2,163,44,9/11/2020,355.5,365,355.5,366,675,372
,9/10/2020,983.5,985,982.5,986.25,32,76,9/10/2020,310.9,311.1,310.5,312,398,210,9/10/2020,349.75,357.25,349.75,357.75,665,617
,9/9/2020,974.25,979.75,974.25,979.5,62,105,9/9/2020,307.2,310.9,307.2,311.7,702,481,9/9/2020,349.75,350,348.5,351.25,112,1005
,9/8/2020,975.75,973,965,975.75,83,161,9/8/2020,309.4,307.2,306.9,309.6,365,554,9/8/2020,348,351,346,353,874,1296
,9/4/2020,970,969.5,970,971,85,186,9/4/2020,306.1,309.8,305.7,310.6,992,614,9/4/2020,344,347.25,343.5,349,1680,1603
,9/3/2020,962.5,968.75,962.5,966.5,323,239,9/3/2020,303.9,305.2,302.1,305.5,1567,966,9/3/2020,349.75,344.5,343.75,350,1449,2430
,9/2/2020,951.5,962.5,947.5,962,360,534,9/2/2020,303.4,302.3,300,303.5,1932,1198,9/2/2020,349.25,349.75,345.25,350.5,2609,3038
,9/1/2020,948,955,945,956.5,553,793,9/1/2020,304.4,302.8,302.5,305.7,2558,1879,9/1/2020,347.75,349.5,343.25,350,3700,4054
,8/31/2020,960.25,951.25,950.75,967,1130,1206,8/31/2020,305.1,304.6,303.4,307,5092,2314,8/31/2020,348.75,348.5,346,353,11030,5638
,8/28/2020,935.75,950.5,935.75,952.5,12103,1759,8/28/2020,294.9,301.6,294,302.4,17985,4306,8/28/2020,343.25,346,340.75,347.75,94064,9702
,8/27/2020,919.75,937.25,919.5,943.75,16175,7777,8/27/2020,291.9,294.9,290.7,296.4,44420,10316,8/27/2020,340,344.25,339,344.75,123788,45127
,8/26/2020,914,919.5,914,920.25,15086,16955,8/26/2020,292,291.5,290.2,293,25367,21874,8/26/2020,340.25,340.5,337.25,341.25,89216,97976
,8/25/2020,905,913.75,905,914.75,22496,20718,8/25/2020,292,291.6,290.1,293.6,34887,27296,8/25/2020,335,340.75,334.75,341.5,147003,119491
,8/24/2020,901,899.75,896.75,907.75,17315,27469,8/24/2020,290.3,289.1,288.2,292.5,29872,32740,8/24/2020,328,331.75,327.5,332.5,126824,157264
,8/21/2020,904.5,900.75,899.5,907.75,26635,31299,8/21/2020,294.5,290.2,289.6,295.6,27762,37980,8/21/2020,324.75,327,324.25,327.75,134880,181281
,8/20/2020,911.75,903,900.5,914,16782,40644,8/20/2020,295.7,293.8,293.4,296.6,14656,42738,8/20/2020,324.25,324.5,320.75,325.75,92738,224200
,8/19/2020,910.5,912.5,907.75,917.75,15732,43742,8/19/2020,295.8,295.7,294.1,297.7,12443,44707,8/19/2020,326,325,323.5,327.25,87620,233923
,8/18/2020,912,912,908,914.75,34101,45763,8/18/2020,298.4,296.2,294.9,298.9,15261,47064,8/18/2020,330,327,325.75,332,130091,244558
,8/17/2020,899.5,912.5,899,915,26203,47909,8/17/2020,291.9,298.3,291.9,299.2,18993,48440,8/17/2020,327,331,326.5,331,111934,255829
,8/14/2020,903,903.5,903,903,15,,8/13/2020,285.3,290.1,285.3,286.3,174,132,8/14/2020,324.5,324.5,321.5,325.25,160379,273810
,8/13/2020,894.75,907.25,894.75,910.5,344,137,8/12/2020,281.7,282.2,280.8,282.8,548,273,8/13/2020,315,325.25,314.75,327.5,317363,295817
,8/12/2020,880.75,890.5,878,887.25,447,501,8/11/2020,282.4,282,282.2,284.6,268,407,8/12/2020,311.25,314.5,308,315,209796,355047
,8/11/2020,878.5,878,878,879.5,275,889,8/10/2020,280.1,282.2,279.8,283.8,773,650,8/11/2020,311.25,311.5,310.25,315,170713,391843
,8/10/2020,869.5,876.5,869.5,878.25,79,1082,8/7/2020,281,280,280,281.3,1505,837,8/10/2020,307.5,310.5,307.5,311.75,167514,443986
,8/7/2020,878,870.25,871,878.75,451,1093,8/6/2020,282.2,280.7,280.8,282.2,1026,1156,8/7/2020,311,307.75,307.25,311.75,124482,475268
,8/6/2020,882,880.75,880,886,207,1199,8/5/2020,284.7,282.3,282,284.8,1271,1310,8/6/2020,310.5,311.25,309.5,312.75,106028,508554
,8/5/2020,884,882,880,884,609,1196,8/4/2020,286,283.7,282.6,286,1871,1583,8/5/2020,309,311,309,311.25,103355,522202
,8/4/2020,893.5,883.75,881,893.5,1115,1414,8/3/2020,288.8,287.1,286.2,288.8,1505,2167,8/4/2020,316.5,308.25,308.25,316.75,161834,533201
,8/3/2020,898.5,897.5,893,903,1059,1694,7/31/2020,290.4,289.3,289,292.5,2314,2792,8/3/2020,315,317.5,315,318.25,83190,537113
,7/31/2020,893.5,897.5,893.5,899.25,5040,2250,7/30/2020,286.9,289.8,285.5,290.6,18263,3823,7/31/2020,315.75,316,314.5,317.5,77056,546015
,7/30/2020,891,891.75,884.25,893.5,18187,4677,7/29/2020,289,286.9,286.7,289.5,31083,9920,7/30/2020,315.5,315.75,315.25,319.25,120454,551566
,7/29/2020,896.75,891.5,891.5,898,46758,11947,7/28/2020,292.4,288.9,288.3,292.4,31369,17060,7/29/2020,320,315.5,315.25,321.5,136660,555042
,7/28/2020,903,896.75,893,903,45927,26979,7/27/2020,290.8,292.5,289.5,294.8,36034,22114,7/28/2020,323,320,320,323.5,110739,551611
,7/27/2020,904,906.5,901.5,909.25,30189,38375,7/24/2020,291,290.8,289.1,292.4,21219,30008,7/27/2020,325.25,325,323.25,327.5,96017,542505
,7/24/2020,906,904.75,901.5,910,32453,45628,7/23/2020,286.9,290.4,286.7,291.2,24209,34828,7/24/2020,328,326.25,325.5,329.75,144237,544625
,7/23/2020,898.75,906.25,897.5,907,27924,59274,7/22/2020,286.2,286.6,285.5,287.5,19903,38942,7/23/2020,327.25,328,325,329.5,92652,548701
,7/22/2020,896.5,899.25,892,901.25,26710,63225,7/21/2020,288.5,285.6,284.9,288.6,21951,42162,7/22/2020,323,327.5,322.25,328,122910,541120
,7/21/2020,902.5,896.5,895,902.5,28322,66664,7/20/2020,286.5,288.6,285.3,288.9,15186,44141,7/21/2020,327.75,322.75,322,327.75,132248,541335
,7/20/2020,898.5,903,897,905.5,27127,67052,7/17/2020,287,286.5,285.7,287.7,15196,46077,7/20/2020,333,328.25,326,333.5,105214,552066
,7/17/2020,893.25,898,892.75,898.75,23350,68767,7/16/2020,285.8,287,285.7,288.3,15057,46734,7/17/2020,330.25,333,330.25,334.75,83693,554265
,7/16/2020,887.5,893.5,886.75,896,29648,69839,7/15/2020,285.9,285.8,284.1,287.1,19732,46077,7/16/2020,326,330.25,326,333.25,109531,560648
,7/15/2020,879.25,886.25,877.5,887.5,29421,71091,7/14/2020,284.2,283.7,284.2,285.3,40,24,7/15/2020,326,326.25,322.75,328.75,101702,578387
,7/14/2020,,882.25,,,7,0,7/13/2020,290,283.1,285.8,290,114,30,7/14/2020,334,334.75,324.5,336.5,152,0
,7/13/2020,888,876.5,884,888.75,21,7,7/10/2020,294.3,290.8,290.7,294.3,383,87,7/13/2020,337.25,334,332,337.25,437,126
,7/10/2020,898.5,891.5,888.75,900.75,67,16,7/9/2020,293.8,295.1,293.8,296.1,496,416,7/10/2020,350.25,340.5,340,352,806,465
,7/9/2020,903,898.25,899.5,907,171,49,7/8/2020,291.5,291.6,291.5,293.1,454,877,7/9/2020,349,351.25,348.25,356.5,495,965
,7/8/2020,891.25,894.75,891.25,898.75,371,142,7/7/2020,296.2,293.3,293,296.2,532,1191,7/8/2020,343.5,348.25,341,348.5,352,1285
,7/7/2020,894,895.25,894,899.25,285,363,7/6/2020,295.9,295.4,294.2,296.9,1338,1562,7/7/2020,347.5,345,341.75,347.5,1273,1468
,7/6/2020,897.5,898.5,897,901.5,762,518,7/2/2020,292.9,293.5,292.1,294.3,943,2512,7/6/2020,348.25,346.5,345.25,349,2094,2477
,7/2/2020,893.75,892.5,890.25,898,791,1089,7/1/2020,287.2,292.7,286.9,293.7,2522,3044,7/2/2020,347.5,342.5,342.25,350.25,2491,3596
,7/1/2020,883.75,893.75,883.25,898.5,4084,1438,6/30/2020,280.7,286.3,280.7,287.2,3214,3844,7/1/2020,338.5,348.25,337.5,351.25,4582,5318
,6/30/2020,865,884.25,864,891,10148,3397,6/29/2020,282.1,280.5,279.9,282.7,35529,4804,6/30/2020,325.25,338.5,323.75,342,21411,7393
,6/29/2020,864,866.5,860,869.5,37709,8505,6/26/2020,285.5,282.1,281.8,285.9,57204,21437,6/29/2020,316.75,326.25,316,326.5,150216,14305
,6/26/2020,869,865,862.75,871.75,97228,24945,6/25/2020,286.8,285.5,283.6,287,46260,34294,6/26/2020,317,317,313.5,319.75,216581,76972
,6/25/2020,870.5,869.25,861.75,871.5,69955,73615,6/24/2020,286.3,286.7,286,287.7,32871,43216,6/25/2020,323.5,317.25,315,324.25,194687,160700
,6/24/2020,875.5,870.75,870,877.5,90927,88305,6/23/2020,287.1,286.3,285.3,287.6,39628,52094,6/24/2020,324.5,324.25,323.75,329,180307,188783
,6/23/2020,876.75,875,865,879,121219,114804,6/22/2020,287.1,286.5,286,287.6,32142,60979,6/23/2020,327.5,325,321.25,327.5,185863,228554
,6/22/2020,875.25,876.25,872.5,879.75,94353,136277,6/19/2020,288.9,287,286.6,290.4,51588,67680,6/22/2020,332,328.25,328,332.25,134480,268905
,6/19/2020,873,876.5,871.5,880.5,87950,150458,6/18/2020,287.8,288.8,287.3,290.8,51050,72662,6/19/2020,329.75,332.5,327.5,333.75,170567,280379
,6/18/2020,871,873,870,876.5,101429,160654,6/17/2020,287.8,287.8,285.6,290,54899,78893,6/18/2020,329.75,331,328.75,333.75,201444,294038
,6/17/2020,866.5,871.25,860,875.75,115263,168493,6/16/2020,288.8,287.9,287.3,289.4,47084,89187,6/17/2020,328,330.25,325,331.25,225643,313479
,6/16/2020,870.75,867,864.75,873,108921,182672,6/15/2020,289,288.4,287,290,40785,100232,6/16/2020,331.75,329,328,334.5,229095,339412
,6/15/2020,870.5,869,864.25,871.75,103929,188769,6/12/2020,289.6,289,288.5,292.8,51101,104586,6/15/2020,329.25,329.25,325.5,330,170741,342544
,6/12/2020,866.5,871.25,863.5,873,134400,193236,6/11/2020,288.3,289.7,287.3,291.3,57639,107533,6/12/2020,329.5,330,328.25,333,236621,358136
,6/11/2020,865,866,861,869.5,114073,198582,6/10/2020,286.8,288.8,286.7,290.3,63094,118141,6/11/2020,326,329.75,325.25,331,272975,386413
,6/10/2020,863.25,865.5,863,869.25,117232,207119,6/9/2020,287.6,287.1,286.1,289.5,62093,125336,6/10/2020,327.25,326.25,324.25,328,243286,430935
,6/9/2020,864,863.25,856.5,866.5,141206,223599,6/8/2020,289.1,288.4,287.9,290.9,50646,137463,6/9/2020,332.25,327.5,326.75,334,253631,468324
,6/8/2020,869.25,864.75,861.75,871.5,117154,242788,6/5/2020,289.8,289.1,287.3,291.5,68418,145578,6/8/2020,333.5,333.75,331,334.75,206335,493320
,6/5/2020,868,867.75,865.25,873.5,138816,272970,6/4/2020,285.9,289.8,285.7,292.4,61918,158521,6/5/2020,328.75,331.25,328.25,332.5,215912,546449
,6/4/2020,857,867.75,855.25,873.25,150610,288779,6/3/2020,284,286.3,283.8,286.8,49299,163173,6/4/2020,324.25,329,324,329.5,155612,576294
,6/3/2020,851.75,857.5,851.25,858,107887,287397,6/2/2020,283.1,283.7,282.9,285.2,38299,165195,6/3/2020,324.25,324,321.25,324.5,128010,590075
,6/2/2020,840,850.5,838.5,856,125683,293399,6/1/2020,283.2,283.1,282.3,286.5,58850,167111,6/2/2020,323.5,324.25,322,325.25,130469,588861
,6/1/2020,843.5,840.5,834,849,119172,295413,5/29/2020,283.8,283.2,281.8,284.5,40967,167926,6/1/2020,325.5,323.25,319.25,327.75,151319,590244
,5/29/2020,846,840.75,837,846,93470,300021,5/28/2020,282.2,284.3,281.5,285,43073,166463,5/29/2020,327.5,325.75,323.25,329.5,192310,591317
,5/28/2020,848.5,847,838.75,852.25,82411,302990,5/27/2020,284.2,282,281.8,285,40527,170346,5/28/2020,320.25,327.5,319.5,330.75,246973,590095
,5/27/2020,848,848.5,843.5,851.25,89189,305352,5/26/2020,283.3,283.9,283.2,286.3,44239,167673,5/27/2020,320,320.5,319.25,321.75,78423,601194
,5/26/2020,832.5,847,832.25,849,120908,309558,5/22/2020,282.5,284.1,282,286.9,48723,167956,5/26/2020,316.75,319,316.5,323,145175,600423
,5/22/2020,835.25,833.25,828.5,839.5,95907,315628,5/21/2020,285.5,282.5,282,285.9,40135,170250,5/22/2020,317.75,318,316,319,97188,607590
,5/21/2020,846.75,835,833.75,848.5,96034,315642,5/20/2020,284.9,285.5,284.5,287.5,32151,170571,5/21/2020,319,317.75,316.25,320.25,115119,608385
,5/20/2020,842,846.75,842,849.5,63343,312077,5/19/2020,285,284.6,283.5,286,40463,170602,5/20/2020,321.25,319.5,317.25,321.5,154473,604915
,5/19/2020,846,842.5,839.25,848.5,71624,315711,5/18/2020,287.8,285.1,284.5,288,36572,173057,5/19/2020,320.75,321.25,320.5,325.5,126375,601312
,5/18/2020,840.5,845,838.75,847.75,65172,320540,5/15/2020,288.3,287.5,287.1,289.6,30391,174198,5/18/2020,320,320.75,318,322,99372,600778
,5/15/2020,838,838.5,836.5,843,64517,319483,5/14/2020,,285.2,,,38,38,5/15/2020,317.75,319.25,316.75,320.5,101614,603507
,5/14/2020,837,835.25,837,837,50,68,5/13/2020,286.5,285.2,286.3,287.1,71,58,5/14/2020,,320.25,,,62,0
,5/13/2020,841.75,836,838.75,842.25,40,60,5/12/2020,286.6,288.6,286.6,288.2,78,88,5/13/2020,323.5,320.25,320,323.5,91,62
,5/12/2020,852.75,849.25,847.5,854.75,60,72,5/11/2020,288.1,286.3,287.3,288.1,98,169,5/12/2020,318.75,323.75,312.75,324.5,274,150
,5/11/2020,857,852.25,851.5,857,155,95,5/8/2020,284.8,286.7,284.8,287.2,71,390,5/11/2020,320,318.5,318,322.25,333,402
,5/8/2020,842,848.75,842,856.25,404,413,5/7/2020,283,283.6,283,284.6,619,449,5/8/2020,317.75,319,317.5,321.75,1065,710
,5/7/2020,834.25,841.5,831,845.25,456,632,5/6/2020,286.7,283.1,283,286.7,284,767,5/7/2020,313.5,316,313.25,318,1076,1697
,5/6/2020,838.25,830.5,829.5,838.25,319,627,5/5/2020,283.5,284.8,282,285,492,901,5/6/2020,315,311.75,311,315,522,2209
,5/5/2020,833.25,838.25,832.5,838,543,771,5/4/2020,285,283.3,283.2,285,477,1181,5/5/2020,310.5,313,310.5,314.75,867,2477
,5/4/2020,843.5,834,831,843.5,675,993,5/1/2020,289.9,287.4,287.2,289.9,945,1497,5/4/2020,309.5,310.75,305.5,310,2622,2839
,5/1/2020,849.75,847.25,842.75,850.75,2586,1283,4/30/2020,283.6,289.6,282.7,289.9,1748,2018,5/1/2020,311,311.5,308,311.5,3512,3616
,4/30/2020,833.75,850.25,833.75,851,5384,2552,4/29/2020,281.5,283.2,278.8,284.3,16120,2582,4/30/2020,305.25,311.5,303.5,313,11086,5280
,4/29/2020,825.5,831.75,824.75,835,32364,4410,4/28/2020,285.3,281.8,281,286.2,25286,8570,4/29/2020,302.75,304.5,300.25,308.75,121804,9805
,4/28/2020,829.5,826,822.5,835.5,63296,12911,4/27/2020,287.8,285.3,285,289.3,32321,14318,4/28/2020,305,302.75,301.25,308.5,138104,41026
,4/27/2020,831.25,829,827.25,838.75,60072,33808,4/24/2020,289.4,287.7,286.2,290.2,18498,22094,4/27/2020,315,305.5,304.25,315.75,108694,90488
,4/24/2020,840,832.25,827.5,843.75,68404,55445,4/23/2020,288.6,288.7,286.1,290.9,23787,29312,4/24/2020,319.25,315.75,312,320.75,113476,112871
,4/23/2020,834.75,839.25,833.75,848.75,67541,102910,4/22/2020,288.5,288.3,287,291.2,19769,34960,4/23/2020,317,319.25,315,323.5,136849,151589
,4/22/2020,831.25,834.75,827,839,79892,116146,4/21/2020,285.7,289.1,280.7,289.6,37131,38458,4/22/2020,310,317.5,308.25,320.25,146968,172075
,4/21/2020,826,830.75,808.25,833.5,85886,125404,4/20/2020,288.2,285.6,285.1,289.4,26265,44575,4/21/2020,314.25,309.25,301,316.25,197926,188795
,4/20/2020,833.5,826.5,824.5,835.75,52383,135896,4/17/2020,292.9,288.2,287.6,294.1,20068,48408,4/20/2020,322.5,314.25,313.5,323.25,150677,221804
,4/17/2020,839.25,832.5,831.75,842.75,56944,140606,4/16/2020,292.2,291.8,290.8,294.7,23070,51886,4/17/2020,319.75,322.25,319.5,325.5,99361,236285
,4/16/2020,840.75,836.75,835.25,846.75,64484,149469,4/15/2020,287.9,292.2,287.9,294.4,47079,54190,4/16/2020,318.75,319.75,317.75,323,136583,244235
,4/15/2020,847.5,842,838.75,852.5,111556,161549,4/14/2020,288.6,287.5,285.1,288.8,62147,63615,4/15/2020,326,319.25,317.5,326.75,161437,262717
,4/14/2020,854.75,847,845.75,856.5,102334,174064,4/13/2020,292.7,288.6,288,294,44295,77547,4/14/2020,331.25,326,325.75,332,191905,275538
,4/13/2020,864,854.25,850.5,870,89265,184587,4/9/2020,293.4,292.5,291,295,47900,84951,4/13/2020,332.25,331.5,326.5,334,147086,312523
,4/9/2020,855.5,863.5,853.75,867,105524,204230,4/8/2020,293.8,292.8,292.2,297.3,45994,97064,4/9/2020,330.75,331.75,328,333.5,169665,331556
,4/8/2020,855.75,854.5,851.75,860.5,79057,217658,4/7/2020,297.4,293.8,293.7,297.5,58906,105804,4/8/2020,332,330,328.25,334,151312,371812
,4/7/2020,856,854.75,854.25,862.25,86188,230180,4/6/2020,302.7,297,296.8,303.5,38437,116772,4/7/2020,328,331.5,328,335.5,157368,401740
,4/6/2020,853.5,855.5,848.5,859,68720,242880,4/3/2020,309,303.2,299.2,310.5,46627,121065,4/6/2020,329.75,327.75,325.5,331.75,111044,423498
,4/3/2020,859.75,854.25,850.5,864.5,83592,245883,4/2/2020,315.5,309.1,308.5,317.1,39844,123814,4/3/2020,334.5,330.75,328,338.5,158652,430332
,4/2/2020,864.75,858.75,857,870,89450,247927,4/1/2020,321.9,314.9,314.4,322.6,33402,126044,4/2/2020,335,333.5,333,343.25,151692,435662
,4/1/2020,885.75,862.75,860.75,887.25,91934,251277,3/31/2020,326,321.5,320.3,326.9,31513,130018,4/1/2020,341.25,334.75,333.5,342.75,151929,444324
,3/31/2020,882.5,886,875.75,887.5,100917,253342,3/30/2020,323.2,325.5,322.2,328.9,27916,131305,3/31/2020,341.75,340.75,333.5,344.75,208191,447139
,3/30/2020,880,882.25,876.75,892.5,75012,252952,3/27/2020,324.1,323.1,320.7,328.1,39574,133629,3/30/2020,343,341.25,340,346.75,108485,453633
,3/27/2020,879,881.5,875.25,888.75,85866,253229,3/26/2020,321.4,322.9,317.2,327.7,47018,141613,3/27/2020,348.5,346,342.5,350,114028,456635
,3/26/2020,882.5,880.25,871.25,884.5,92600,258770,3/25/2020,332.1,321.7,320.1,333.4,57337,144811,3/26/2020,348.25,348.75,343.75,349.25,113530,468297
,3/25/2020,885,881.5,880.5,897,101240,262249,3/24/2020,335.9,332.1,326.6,336.3,46804,150417,3/25/2020,347.5,348.5,345.75,352.75,118826,474162
,3/24/2020,884,886.75,872.5,887.75,101830,269604,3/23/2020,324.5,333.6,324,335.2,69773,152584,3/24/2020,343.5,347.25,338,350.5,126658,482009
,3/23/2020,860,884,858.25,885.25,137562,275847,3/20/2020,315.7,325.2,313.6,326.6,78098,158389,3/23/2020,340.25,343.5,338.25,345.5,114729,490678
,3/20/2020,845.75,862.5,845.5,864.75,123550,284433,3/19/2020,305,314.8,304,320.5,100866,162130,3/20/2020,346.5,343.75,342.25,356.75,189068,494423
,3/19/2020,829.25,843.25,825,855.75,146051,286518,3/18/2020,298.3,304,298.3,305,72594,168304,3/19/2020,336.5,345.5,336.5,354.75,223252,498392
,3/18/2020,824.5,825.5,822.25,838.5,131550,290558,3/17/2020,296.5,298.3,295.6,299.5,63615,174825,3/18/2020,344,335.25,332,345.25,255105,521113
,3/17/2020,824.75,824.25,822,832.5,124052,298616,3/16/2020,298.6,296.3,296,300.6,67160,180648,3/17/2020,355.25,344,342.75,356.75,219215,533638
,3/16/2020,842,821.75,821,854.75,162521,305818,3/13/2020,,295.9,,,35,35,3/16/2020,362.5,354.75,354,367.75,188791,537944
,3/13/2020,,846.75,,,7,6,3/12/2020,295.8,298.6,292.8,297.2,334,253,3/13/2020,370,370.75,370,375.5,118,69
,3/12/2020,871.25,855,853.75,871.25,8,8,3/11/2020,297.2,295.9,296.4,299.2,117,170,3/12/2020,377.5,369.75,367,377.5,342,252
,3/11/2020,876.25,867.75,868.5,878.5,228,228,3/10/2020,301,295.9,297.3,301,155,156,3/11/2020,380.25,379.25,377,380.5,942,414
,3/10/2020,874.25,873,871.5,879.5,380,142,3/9/2020,302.8,296.6,293.8,302.8,197,321,3/10/2020,379,380,377.5,381.5,605,929
,3/9/2020,865,863.5,861.75,871.75,223,289,3/6/2020,302.8,301.3,300.1,302.8,133,476,3/9/2020,372,374.25,368.5,377.5,921,1326
,3/6/2020,890.75,883.25,880.5,892,406,376,3/5/2020,304,300.4,300.6,304,247,511,3/6/2020,383.75,377.25,377,385.5,1277,1904
,3/5/2020,896.5,889,890,896.5,291,556,3/4/2020,304.6,305.2,303.4,306.1,1011,754,3/5/2020,387.5,384.5,382,387.5,1830,2797
,3/4/2020,898.5,898.75,897.25,900.75,657,736,3/3/2020,302,303.8,300.4,304.2,2078,1689,3/4/2020,382,387,380,388.5,3275,4175
,3/3/2020,891.25,893,889.25,895.5,3011,919,3/2/2020,298.5,302.2,298.2,303,2319,2549,3/3/2020,375.75,381.75,375.75,383.75,3194,6698
,3/2/2020,883.75,890.5,883.75,895,4084,2695,2/28/2020,298.1,298.6,294.1,300.4,9032,2344,3/2/2020,366.5,374.75,366,375.75,6092,8517
,2/28/2020,886.25,883.5,874.5,887.25,11811,2978,2/27/2020,291.9,296.9,286.9,297.4,33759,6418,2/28/2020,364.5,366.5,362.75,367.25,18809,12047
,2/27/2020,880.5,886.25,866.75,887.75,67399,4599,2/26/2020,287.5,291.3,285.9,293.6,65307,17274,2/27/2020,369.75,364.5,361.75,370,156142,22658
,2/26/2020,879.5,881,875.5,888.25,86864,25381,2/25/2020,286.5,286.5,285,288.2,53049,35343,2/26/2020,372,370.5,368.25,374,268795,76591
,2/25/2020,875.5,879,873.25,880.75,56793,53038,2/24/2020,289.2,286.1,284.8,289.3,50685,52726,2/25/2020,373,372.5,371.25,374.75,119868,158747
,2/24/2020,888,874.25,870.75,888.5,91246,72491,2/21/2020,292.7,289.2,289,295.8,82123,64906,2/24/2020,376.25,372.25,370,376.25,170528,196403
,2/21/2020,892,890.5,887.5,902,139963,90227,2/20/2020,292.7,292.9,290.8,293.8,48148,86164,2/21/2020,378.25,377,376.25,380.5,169068,234632
,2/20/2020,896.5,892.75,891.25,898,99285,143747,2/19/2020,292.2,293,291,293.4,52024,95611,2/20/2020,380.75,378.5,378,381.25,173142,283461
,2/19/2020,892.25,897.25,885,898.25,142100,170963,2/18/2020,291.1,292.2,289.8,293.2,68514,103561,2/19/2020,382.25,380.5,378.5,382.75,172265,310310
,2/18/2020,894.75,892.25,889.25,898.5,133199,188052,2/14/2020,291.6,291.1,288.7,291.6,50704,114202,2/18/2020,378.5,383,378,383.25,215110,343238
,2/14/2020,896.25,893.75,890,899.25,130575,210942,2/13/2020,291.7,291.9,290.8,294,79687,122477,2/14/2020,379.5,377.75,376.25,381.5,216864,362747
,2/13/2020,891,896.25,888.5,899.75,193428,232144,2/12/2020,290.8,291.7,289.8,292.5,69967,142188,2/13/2020,382.25,379.5,379,382.75,202459,399288
,2/12/2020,885.5,892.5,881.5,893,163370,250088,2/11/2020,291.5,290.8,289.2,293.1,74026,153613,2/12/2020,379.75,383,378.25,383.75,241461,428574
,2/11/2020,885.75,884.75,878,889,134299,277418,2/10/2020,290,291.4,289.2,294.5,90944,165852,2/11/2020,381,379.75,378,382,200407,462058
,2/10/2020,883,884.25,879.5,889.75,145123,298204,2/7/2020,288,289.3,288,291.5,62207,185945,2/10/2020,383.25,381.75,379,383.5,219017,498332
,2/7/2020,883.25,882,876.25,884.75,124917,321410,2/6/2020,287.4,288.2,286.4,289.8,63964,196790,2/7/2020,380.25,383.5,380,385,256721,548847
,2/6/2020,880,881,876.75,886.25,110541,339529,2/5/2020,288.3,287.4,287.2,289.4,48769,200382,2/6/2020,380.25,379.25,376,381.75,191891,597277
,2/5/2020,880,880,878,888,75259,341984,2/4/2020,289.8,288.5,287.5,292.4,57753,201566,2/5/2020,381.5,380.75,379.5,383.25,122103,612882
,2/4/2020,876.25,879.5,873.75,887,102451,342728,2/3/2020,290.9,289.8,287.1,291.4,74065,204811,2/4/2020,378.25,382.25,378.25,383.5,176002,619660
,2/3/2020,870.75,877,868.75,878.75,138975,344752,1/31/2020,292.8,291,290.4,293.5,57892,208396,2/3/2020,380.5,378.75,376.5,382,216443,623809
,1/31/2020,880,872.5,872.25,882.75,88324,340996,1/30/2020,296,291.5,291,296.3,65895,210157,1/31/2020,381.5,381.25,378.75,382.75,151805,630791
,1/30/2020,893.5,876.25,875.5,893.75,123089,341419,1/29/2020,297.8,296.1,295.1,298.9,39811,209225,1/30/2020,384.5,379.5,378.5,385,160206,636920
,1/29/2020,896,893,890.75,903,77353,342322,1/28/2020,297.8,297.6,296.4,299.4,49294,210089,1/29/2020,385.5,384.25,382.75,388.25,136811,643254
,1/28/2020,897.5,895,888.5,898,86749,346495,1/27/2020,297.3,297.8,295.2,299.1,59036,212905,1/28/2020,382.5,386.5,378.5,387,243266,643474
,1/27/2020,899.25,897.25,888.25,900,107839,344827,1/24/2020,298.5,298.3,297.6,300.5,57179,212454,1/27/2020,384.25,380.5,377.25,384.75,264471,665231
,1/24/2020,909.25,902,900.75,909.25,77349,342878,1/23/2020,297.9,298.9,296,299.1,58971,219431,1/24/2020,393.25,387.25,386.5,393.25,196121,677285
,1/23/2020,914,909.5,904,914.75,98543,337599,1/22/2020,299.1,297.9,297.4,299.8,58530,219781,1/23/2020,388.5,393.75,387.5,394,256298,678615
,1/22/2020,917,913.75,913.25,922,92153,333228,1/21/2020,301,299.1,298.8,301.3,51604,222128,1/22/2020,387.5,388.75,386.75,391,155603,683470
,1/21/2020,930,916,915.25,931.5,119955,332758,1/17/2020,300.1,300.6,299.6,302,45608,222872,1/21/2020,389,387.5,384.25,389.25,182958,686635
,1/17/2020,924.5,929.75,920,933.5,90936,329219,1/16/2020,300.2,300.6,299,301.1,47991,224778,1/17/2020,377,389.25,376.75,389.5,293121,707498
,1/16/2020,929.75,924,922,930.25,101998,332383,1/15/2020,302.5,300.1,300,303.9,60911,225516,1/16/2020,387.25,375.5,375.25,387.75,230557,745179
,1/15/2020,942,928.75,928.25,943.25,119742,339707,1/14/2020,,297.2,298.8,300.7,248,217,1/15/2020,388.75,387.5,386.5,390.25,141478,729081
,1/14/2020,929,928.5,929,934.75,51,36,1/13/2020,299.1,299,297,299.1,455,301,1/14/2020,389.25,389,388.25,390.5,115957,734647
,1/13/2020,938.5,929.25,929.5,938.5,82,33,1/10/2020,297.1,298.7,296.4,298.7,407,318,1/13/2020,386.5,389.5,385.5,389.5,139994,736225
,1/10/2020,931.5,935,927.5,935.5,203,102,1/9/2020,297.1,296.2,294.5,297.1,1174,589,1/10/2020,383.25,385.75,376.5,386.75,226659,737141
,1/9/2020,943.25,933.75,931,943.25,345,326,1/8/2020,295.9,296.9,295.7,297.6,1231,902,1/9/2020,383.75,383.25,382.25,387,130937,733377
,1/8/2020,936.25,938.25,935.75,940,576,655,1/7/2020,297.8,296.4,295.7,297.8,1388,1195,1/8/2020,384,384.25,382.25,385.5,135523,733669
,1/7/2020,933.5,935,928.75,934.75,866,729,1/6/2020,296.2,297.7,296.2,299.4,1723,1711,1/7/2020,385,384.5,383.5,385.75,93541,731545
,1/6/2020,929.25,932.75,929,936.5,1524,1268,1/3/2020,300.5,296.1,295.4,300.8,4103,2459,1/6/2020,386.25,384.75,382.75,387.75,112130,737047
,1/3/2020,944.5,930.5,926.75,945.25,2272,1994,1/2/2020,299.2,300.6,298.1,302.4,5442,3270,1/3/2020,391.5,386.5,385.5,392,125931,739243
,1/2/2020,943.25,944.25,941.5,949,2217,2833,12/31/2019,298.1,299.9,296.8,302,11044,4291,1/2/2020,387.75,391.5,387.25,392,103987,740797
,12/31/2019,939.25,943,933.75,943.5,10926,3656,12/30/2019,296,297.5,295.2,298.3,37227,7695,12/31/2019,388.25,387.75,386.25,389.75,85103,740345
,12/30/2019,929,939.5,927.25,941,54975,6268,12/27/2019,299.5,295.4,295.3,300.2,41843,19917,12/30/2019,389.25,388.25,386.75,392,123528,745443
,12/27/2019,937.25,929.5,928.75,941.5,72394,26416,12/26/2019,301.6,299.5,298.4,301.9,24973,32496,12/27/2019,388,390,388,391,85213,746556
,12/26/2019,937.75,937.75,936.75,940,42300,67006,12/24/2019,301.6,301.8,299.8,303.2,12323,38334,12/26/2019,388,388.5,386.5,389,49930,748797
,12/24/2019,933,936.5,929,937.5,45245,79712,12/23/2019,297.9,301.4,297.8,302,28906,42371,12/24/2019,388.5,387.5,387,389,50416,749455
,12/23/2019,929,934,927.5,937,100647,91109,12/20/2019,299,297.9,297.8,299.8,40809,51881,12/23/2019,388,388.75,387.25,390.25,82257,751311
,12/20/2019,925,928.25,924,930,88295,117068,12/19/2019,302.3,298.4,297.5,303,39166,59347,12/20/2019,386.5,387.75,386,389.5,85326,753738
,12/19/2019,926.75,924.5,921.25,929.25,82259,139174,12/18/2019,302.3,302.9,299.5,303.7,52750,63166,12/19/2019,387,386.5,385,389,99129,754264
,12/18/2019,928,928.5,923,930,98044,150437,12/17/2019,300.7,302.3,298.4,303.3,57927,75104,12/18/2019,389.25,387,385.75,390,125534,765428
,12/17/2019,921.25,928.75,920.25,931,137658,164479,12/16/2019,298.2,301.3,297.3,301.5,49521,84402,12/17/2019,387.5,390,386.25,390.5,118236,778095
,12/16/2019,912.5,922,912.5,922.75,108734,188439,12/13/2019,,295.5,,296.1,236,236,12/16/2019,383.5,388,383.25,389.5,180896,783847
,12/13/2019,906,907.5,901.5,917,167011,204713,12/12/2019,294.2,292.6,292.9,294.6,226,196,12/13/2019,373.75,366.25,366.25,374.5,88,83
,12/12/2019,893,898.25,888.25,901.75,129658,223926,12/11/2019,296.2,293.3,293.6,296.2,961,439,12/12/2019,358.25,367,358.25,368.75,664,165
,12/11/2019,898.75,893.5,892,902,154948,241265,12/10/2019,296.4,296.9,295.6,297.5,761,945,12/11/2019,363,357.75,357,363,259,807
,12/10/2019,897.5,901.25,896.25,902.25,100653,273542,12/9/2019,297.7,296.7,296.4,299,1558,1246,12/10/2019,365.75,363.25,362.5,367,888,998
,12/9/2019,891.75,897.25,889.75,903.5,179217,294225,12/6/2019,301.3,297.4,296.8,301.3,1103,1558,12/9/2019,366.5,365.75,365,368,639,1286
,12/6/2019,884.75,889.5,884.5,894,159565,307811,12/5/2019,294.5,299.5,294,301,1660,1828,12/6/2019,364.75,366.5,364.75,368.75,960,1558
,12/5/2019,878,884.25,877.25,888.75,108171,341278,12/4/2019,292.9,294.6,292.9,295.5,2553,2139,12/5/2019,368.5,365.5,365.25,369.75,3029,2286
,12/4/2019,872.25,878,871.5,880,102632,340684,12/3/2019,292.7,292.5,291.3,293.2,1771,2482,12/4/2019,371.75,368.75,367.75,373.5,2985,3891
,12/3/2019,873.5,871,868.25,875.75,111142,338090,12/2/2019,290.9,291.3,290.5,293.1,3601,2858,12/3/2019,373.75,372,371.5,376.25,4939,5191
,12/2/2019,877.75,870.5,867.5,883,125372,342274,11/29/2019,293.8,290.9,290.6,294.4,5967,3577,12/2/2019,371.75,373.5,370,375.5,6280,7762
,11/29/2019,883.25,876.75,875.75,884.75,66997,336043,11/27/2019,294.8,293.8,293.6,296.5,43742,5726,11/29/2019,365.75,371.25,365,372.25,15512,11167
,11/27/2019,884.75,882,881.25,887.5,88224,333417,11/26/2019,298.5,294.7,294.3,299,46162,20895,11/27/2019,367.25,362.75,362.25,368.75,163967,18148
,11/26/2019,892.75,884.25,882.75,895,104621,332450,11/25/2019,298.8,298.3,298,300.5,45552,30351,11/26/2019,369.75,367.5,367,370.5,207678,110890
,11/25/2019,898,892.5,892,902.5,77560,323605,11/22/2019,301,299,298.4,301.5,52933,40489,11/25/2019,368.75,370.5,368.25,372.75,199301,186535
,11/22/2019,900.5,897,895.5,903.5,84251,320380,11/21/2019,299.8,301,299.7,302.6,57580,50016,11/22/2019,368,368.75,367.5,370.25,228112,263005
,11/21/2019,905.25,901,900.25,909.25,97029,327398,11/20/2019,301.8,299.8,299.4,302.9,62975,63498,11/21/2019,366.75,368.5,366.25,369.75,158701,370345
,11/20/2019,910.5,905,904.25,915.75,118388,326888,11/19/2019,301.5,302,301.5,303.4,63559,70860,11/20/2019,369.75,366.75,365.75,370.5,297024,401867
,11/19/2019,910.5,911.5,910,917,90805,326276,11/18/2019,307.3,301.2,300.6,307.9,80124,86206,11/19/2019,367.75,370,367.75,373,202015,429707
,11/18/2019,919,910.25,910,921.75,83364,327089,11/15/2019,303.5,307.1,303.1,307.5,48094,88589,11/18/2019,371,367.75,367.5,371.75,206268,446608
,11/15/2019,918.25,918.25,915.25,923.5,80816,324508,11/14/2019,303.9,303.1,301.6,305,52738,91853,11/15/2019,375.5,371.25,370.75,376.5,140175,481164
,11/14/2019,900.75,900.25,900.5,901.75,38,35,11/13/2019,302.1,304.1,301.7,306.4,71880,99817,11/14/2019,375.25,375.75,374.5,377.5,144893,493957
,11/13/2019,906.5,902.5,902,909.25,342,241,11/12/2019,300.6,302.3,300.5,303.2,64943,108483,11/13/2019,377,375.25,375,377.75,195982,513727
,11/12/2019,906,905.75,905,909.25,158,112,11/11/2019,303.7,300.6,300.3,304.1,54251,119123,11/12/2019,373.5,377.75,372.75,378,220513,532155
,11/11/2019,916.5,905,904.25,917.25,798,391,11/8/2019,305.6,304.9,301.8,306.4,89366,123534,11/11/2019,376,373.25,372.5,377,211215,570355
,11/8/2019,924.5,919.5,915.75,926.75,610,1321,11/7/2019,299.4,305.6,299.2,306.2,86541,132614,11/8/2019,375.25,377.25,372.5,383.75,343769,602250
,11/7/2019,916.5,925,915,927,793,1214,11/6/2019,302.6,298.9,298.5,303,63358,147825,11/7/2019,379.25,375.25,373.75,380,219147,621743
,11/6/2019,922.25,915,914.25,922.5,1583,1109,11/5/2019,302.4,302.7,301.6,303.4,29977,146223,11/6/2019,382.25,378.75,377.5,385,185339,655494
,11/5/2019,925.25,921.75,920,928.75,660,1273,11/4/2019,303.9,302.4,302,304.3,41954,146768,11/5/2019,383.25,381.75,380.5,384.75,157127,663358
,11/4/2019,923.25,925.75,921,929.75,1287,1595,11/1/2019,304.4,303.9,303.7,306.6,55557,149904,11/4/2019,386.75,383.25,383,387.75,145373,672307
,11/1/2019,915.5,924.25,915,926.5,7099,2268,10/31/2019,302.5,304.4,301.5,305.2,53521,150003,11/1/2019,389.25,389.25,386.25,391.75,151943,678041
,10/31/2019,915.75,916.75,910.5,920.5,14167,6290,10/30/2019,303,302.2,302,304.1,36438,150919,10/31/2019,390.25,390,384.75,391,176193,674573
,10/30/2019,917.75,916,915.25,921.5,110262,10218,10/29/2019,304.1,303,302.2,305.8,53253,148895,10/30/2019,385.75,390.75,385.25,391.25,177034,687850
,10/29/2019,921,918.25,916,925.25,147901,47495,10/28/2019,303.3,304,303.1,305.2,36569,149249,10/29/2019,383.5,386.25,382,387.5,153732,701621
,10/28/2019,921.5,920.75,920.25,926,132478,81703,10/25/2019,305.8,303.3,303,307.3,47940,151596,10/28/2019,386,384,383.25,386.5,122790,713365
,10/25/2019,933.5,920.25,919.5,937.25,190315,111275,10/24/2019,308.5,305.6,305.4,309.5,37987,151845,10/25/2019,387,386.75,385.75,390,131677,718912
,10/24/2019,933.75,933.25,932.75,939,133429,156819,10/23/2019,307.1,308.6,305.9,309.4,50781,154024,10/24/2019,388.5,386.75,385.25,390.75,130664,731514
,10/23/2019,934,933.75,927.75,939,183773,180368,10/22/2019,307.9,306.9,306.3,311.8,53585,159651,10/23/2019,387.75,387.75,384,389.5,117561,736537
,10/22/2019,932.5,934,931,945.25,162322,214404,10/21/2019,308,307.7,306.6,311.3,34015,158976,10/22/2019,387,388,385,392.5,136694,742277
,10/21/2019,930.75,933.25,930.25,940,132043,220515,10/18/2019,306.6,308.5,306.1,309.8,36159,161121,10/21/2019,390,387.25,386.5,393.75,150187,742492
,10/18/2019,931,934,930.5,938.5,120202,232894,10/17/2019,304.8,306.8,303.5,308.7,46724,160499,10/18/2019,394,391,389.75,395.75,122010,745877
,10/17/2019,928,931.5,927.25,940.75,119451,239461,10/16/2019,307.7,304.8,304.3,309.1,45399,167745,10/17/2019,391.75,394.75,391.5,397.25,141532,739371
,10/16/2019,933,928,927.5,938.75,102683,236088,10/15/2019,310.3,307.8,307.6,311.9,47353,169418,10/16/2019,392,391.75,387.5,392.75,139675,738846
,10/15/2019,938.75,934,933.25,944.25,129605,243247,10/14/2019,,306,,307.3,129,99,10/15/2019,397,393.25,392.5,398.5,143675,735788
,10/14/2019,940.5,940.5,930.5,945.5,131889,255272,10/11/2019,308.9,306.9,307.5,308.9,177,90,10/14/2019,401.25,397.75,393.25,402.5,170713,751871
,10/11/2019,923.75,936,923.5,939.25,180667,270318,10/10/2019,306,304.1,305,306.4,430,276,10/11/2019,380.75,397.75,380.5,398.75,272436,769922
,10/10/2019,919.5,923.5,918.75,934,170687,271210,10/9/2019,306.4,305.4,306,307.2,1354,580,10/10/2019,392.75,380.25,378.25,395,297046,783974
,10/9/2019,918.5,923.75,918.25,931.5,165142,277531,10/8/2019,297.4,302.3,297.4,303.4,925,1245,10/9/2019,395.5,394.25,393,397.25,140853,801918
,10/8/2019,915,920.5,910.5,923.75,149426,305061,10/7/2019,297.7,297.4,296.9,299.2,1386,1468,10/8/2019,387.5,395.75,386,396.5,200460,821544
,10/7/2019,916.5,915.25,911.5,919.5,131284,318594,10/4/2019,298.2,298.8,297.7,299.6,1374,1651,10/7/2019,387.5,387,385,387.75,100421,813540
,10/4/2019,911,916.25,909.5,921.25,88001,336065,10/3/2019,299.5,298,297.1,301.6,1890,1693,10/4/2019,388,384.75,383.75,389,116336,817787
,10/3/2019,913,911.75,908,918.5,109300,337799,10/2/2019,302.3,300.3,300.2,303.5,2454,2096,10/3/2019,387,388.75,385.5,390.75,125489,813673
,10/2/2019,917.25,913.75,911.75,918.75,114727,341273,10/1/2019,297.5,304.1,297.5,304,2935,2483,10/2/2019,390.5,387.75,385.5,391.75,158921,822892
,10/1/2019,904,919.5,903.25,920,182135,352711,9/30/2019,290,295.9,289.8,297.2,4554,3177,10/1/2019,386.75,392.5,385.25,392.75,227065,838955
,9/30/2019,884.75,906,883.75,906.75,163353,360240,9/27/2019,290.8,289.9,289.3,291,36111,4549,9/30/2019,372,388,371.5,388.25,337247,857355
,9/27/2019,887.75,883,881.5,889.25,67140,358080,9/26/2019,292.7,290.8,290.5,295.7,42983,17448,9/27/2019,371.25,371.5,369.75,373,90796,878698
,9/26/2019,888,888.5,886.75,895.5,83062,358530,9/25/2019,295.5,293.2,292.7,296.6,35213,25583,9/26/2019,373.5,372.5,368.25,375.75,175419,876952
,9/25/2019,894,889.25,885.25,897.75,99066,362431,9/24/2019,294,295.4,293.9,298,28858,32284,9/25/2019,375.25,374.25,372.25,377.5,119189,877249
,9/24/2019,892.5,894.25,890.5,899,96225,366970,9/23/2019,290.5,294.5,290.5,295.5,34207,36724,9/24/2019,372,374.75,370.25,376,144294,878373
,9/23/2019,882.75,892.5,882.75,899.25,121013,366671,9/20/2019,292,291.1,290.5,293.5,27764,42182,9/23/2019,371.25,373.25,371,374.5,100443,883571
,9/20/2019,893,882.75,880.75,893.5,96181,363178,9/19/2019,291.7,292.2,291.4,293.6,16805,44993,9/20/2019,372.75,370.75,369.5,374.5,132998,882598
,9/19/2019,889.25,893,886.25,895,88652,370494,9/18/2019,294.5,291.6,291.3,295.4,14203,47465,9/19/2019,371.5,372.75,369.5,373.75,117069,890569
,9/18/2019,895.25,888.75,886.75,897,61671,367995,9/17/2019,294.8,294.1,291.2,295.3,16386,49467,9/18/2019,367.75,371.25,365.75,372,126832,895777
,9/17/2019,900,893.75,888.25,900,91238,369194,9/16/2019,298.3,295.2,293.8,299.3,13074,49032,9/17/2019,374,368,366,374.25,154625,900346
,9/16/2019,903.25,900,894.25,904.75,90735,374361,9/13/2019,297.1,298.2,296.9,299.3,64,48,9/16/2019,372,374,367.5,374.75,133444,891179
,9/13/2019,890,884.75,888.5,890.25,99,101,9/12/2019,291.2,296.1,290.8,295.9,141,112,9/13/2019,358.5,355.5,358.5,358.5,122,116
,9/12/2019,862.75,883,862.75,879.25,198,182,9/11/2019,291.8,289.6,288.9,291.8,209,179,9/12/2019,349.75,354.5,349.5,353.75,152,124
,9/11/2019,853.75,854,851.5,854.75,648,521,9/10/2019,289.5,292.9,289.4,293.5,903,315,9/11/2019,349.75,348.25,344.75,349.75,328,151
,9/10/2019,847.25,859.25,845.5,860,465,314,9/9/2019,287.2,288.5,286.4,289.1,994,730,9/10/2019,344,348.5,344,349.5,314,329
,9/9/2019,843,845,839.75,847.75,617,482,9/6/2019,289.4,287.2,287.2,290.4,1386,1073,9/9/2019,343.25,340.75,340,343.25,938,1019
,9/6/2019,853.5,845,844.75,853.5,657,582,9/5/2019,293.1,288.7,288.1,293.1,2238,1499,9/6/2019,347.5,342.5,341.5,348.25,1357,1157
,9/5/2019,863,849.75,846.75,864.5,1293,899,9/4/2019,288.3,292.2,288.3,293.9,3282,2098,9/5/2019,346.5,346.5,346.5,349.75,1813,1387
,9/4/2019,856.5,862.5,852.5,864,2164,1222,9/3/2019,289.1,288,287.9,290.8,3267,2714,9/4/2019,350.5,346,344.5,351,3851,1842
,9/3/2019,855.5,856.5,848.75,856.25,2239,1497,8/30/2019,292.3,289.3,289.1,292.8,6050,3035,9/3/2019,358.75,349.75,349,359,5335,3388
,8/30/2019,856.25,857,855,864.75,6659,2311,8/29/2019,293.7,292,291.6,295.6,31171,4283,8/30/2019,359.75,358,356.75,364.5,11240,5432
,8/29/2019,852.75,856.25,852.5,860.5,42036,5877,8/28/2019,291.5,294,288.9,294.7,26279,13753,8/29/2019,363,359.75,357.5,369,122794,9695
,8/28/2019,846.25,852.75,839.5,854.75,41347,18978,8/27/2019,291.5,291.5,289.1,292.6,40762,22189,8/28/2019,357.25,362.75,355.25,365.5,172927,53311
,8/27/2019,851.5,846.25,843,852,51663,26589,8/26/2019,289.3,293,289.3,293.9,32609,30798,8/27/2019,359,357,356.75,360,129886,122068
,8/26/2019,842,853.75,842,857.25,39661,37404,8/23/2019,293.6,289.9,289.4,295.2,27985,40567,8/26/2019,358,358.5,357,362,122537,160663
,8/23/2019,855.5,843.25,842,859.25,35504,44496,8/22/2019,294.8,293.7,293.3,297.8,24856,46755,8/23/2019,362.75,359.75,357.5,363,169868,189795
,8/22/2019,860.5,856,855.25,869.5,18766,63667,8/21/2019,293.8,294.7,293.1,295.9,14683,49956,8/22/2019,363,363.25,359,366.5,99247,259507
,8/21/2019,855.75,860.5,854.25,864,10768,64445,8/20/2019,292.6,294,292.6,294.8,16142,53000,8/21/2019,360,362.5,357,364,125855,265746
,8/20/2019,856.25,855.75,853,862,14785,65598,8/19/2019,293.5,292,291.4,295.2,13849,55081,8/20/2019,366.5,359.5,359.25,370.25,89474,294583
,8/19/2019,862.25,854,852,865,14187,65665,8/16/2019,291.9,294.9,291.9,295.6,15345,57358,8/19/2019,367.25,365,363.25,368.25,78542,310364
,8/16/2019,858.25,867.25,858.25,868,14071,67355,8/15/2019,295.2,291.8,291.5,296.3,17766,57320,8/16/2019,361.5,371,361.25,371.25,104806,319404
,8/15/2019,866.75,858,857.75,872,13755,67406,8/14/2019,,293,295.3,,73,69,8/15/2019,360.25,360.75,358.25,363.75,108781,339615
,8/14/2019,869.5,861,867.75,869.5,143,143,8/13/2019,292.4,297.8,291.6,298.3,244,63,8/14/2019,366.25,359,358.5,370.5,185092,355898
,8/13/2019,872,872,871.25,876.75,145,157,8/12/2019,295.7,291.9,292.4,295.8,315,237,8/13/2019,379,366,365.5,379,312969,376419
,8/12/2019,871,861.5,860,871,324,218,8/9/2019,295.6,296.7,294.5,296.9,665,425,8/12/2019,409.75,385.25,385.25,410,248125,402997
,8/9/2019,871.75,873.75,866,875.25,1592,1018,8/8/2019,293,294.8,292.8,296.3,667,721,8/9/2019,410.75,410.25,407.25,417,185366,420469
,8/8/2019,851.75,865,851.75,864.75,2028,1205,8/7/2019,295,293,292.7,295.2,1415,927,8/8/2019,407.25,411,405.5,412,184792,450514
,8/7/2019,848.25,848.75,844.25,848.25,2532,1438,8/6/2019,293.9,295.1,292.2,295.8,1600,1266,8/7/2019,404.75,406.5,400.5,407.5,167530,474036
,8/6/2019,848.5,847.75,847,854,2306,1881,8/5/2019,293.6,294.9,289.6,294.9,2567,1502,8/6/2019,405.75,404,400.75,408,113069,500251
,8/5/2019,852.25,850.25,837.25,854,3186,2167,8/2/2019,293.4,292.4,291.9,295.4,4087,1927,8/5/2019,400,405.25,391,406.75,109686,508390
,8/2/2019,849,850.25,845.25,853.5,4626,2665,8/1/2019,297.9,293.2,291.8,298.2,5567,2840,8/2/2019,394.75,399.5,393.5,400,90361,512892
,8/1/2019,862.75,847,842.25,863.75,6821,3182,7/31/2019,300,298.2,297.6,301.4,6814,3727,8/1/2019,401.75,392.75,387.25,403,145330,513125
,7/31/2019,876.5,864,862.75,882,10230,4715,7/30/2019,303.4,300.3,299.8,304.2,30207,5229,7/31/2019,410.75,400.25,400,413.75,151787,508281
,7/30/2019,884.75,878.75,871.5,887,52783,7070,7/29/2019,303,304.2,302.6,305.9,40329,12993,7/30/2019,417,411.25,410.25,417,81026,494867
,7/29/2019,882.5,885.75,881.75,890.75,74809,21624,7/26/2019,303.6,303.1,302.5,305.5,26107,28058,7/29/2019,413.25,417,412,419.5,90112,494041
,7/26/2019,883.5,883.25,881.5,890,62234,49006,7/25/2019,306,303.9,303,306.7,32038,34864,7/26/2019,418.25,414.5,413,419.5,120749,507399
,7/25/2019,891,882.5,881,896,42118,79042,7/24/2019,306.2,306.3,305.6,308.7,22730,38532,7/25/2019,424,418.5,418,425.75,172277,527645
,7/24/2019,886,891,883.75,895,47514,84055,7/23/2019,308.3,306.4,306,309.9,29175,41564,7/24/2019,425,424,421.5,430.5,93160,528266
,7/23/2019,888.5,885.75,881,892.5,25780,87460,7/22/2019,310.3,308.4,308.2,312.2,21136,43871,7/23/2019,423.75,425.5,418.25,426.5,131110,527298
,7/22/2019,901.5,888.25,887.5,904.25,35788,89978,7/19/2019,307.5,311.2,306.6,313.5,26702,45216,7/22/2019,430.75,422.25,421,432.25,110947,528772
,7/19/2019,881.75,901.5,879.5,905.75,53086,95013,7/18/2019,307.2,307,305.8,308.6,29475,47406,7/19/2019,425.5,430.75,423.75,434,114521,536151
,7/18/2019,880,881.25,875.5,885.75,34663,97609,7/17/2019,308.4,307.5,307.2,310.6,30317,49870,7/18/2019,435,424.5,423.25,436,156004,541302
,7/17/2019,887.5,882.5,881.5,894.25,32882,97435,7/16/2019,311.5,308.4,306.7,311.6,22179,54008,7/17/2019,435.25,436,431.5,441.5,125868,544089
,7/16/2019,899.75,887.75,885,900,64645,96764,7/15/2019,315.8,311.6,310.7,317,15207,56340,7/16/2019,437.75,435.25,429,440.75,144486,551406
,7/15/2019,915.25,901.75,900.5,918,26785,101356,7/12/2019,312.6,313.3,312.6,312.6,10,17,7/15/2019,459.25,441,439.75,460,164465,554636
,7/12/2019,902.25,906.75,902.25,904.25,109,100,7/11/2019,310.6,311.6,309.3,311,187,96,7/12/2019,447.75,449.5,447.75,457,268,429
,7/11/2019,894,896.25,890.75,895,208,136,7/10/2019,307.1,309.1,306.3,308.7,153,205,7/11/2019,433.25,447.75,433.25,448,597,433
,7/10/2019,884.5,893,880.75,893,651,308,7/9/2019,304,307.9,303.6,306.7,317,364,7/10/2019,430,434.25,428,434.75,494,490
,7/9/2019,872.25,882.75,870.75,881.25,936,737,7/8/2019,306.1,304.2,303.1,306.4,667,519,7/9/2019,437.25,431.75,429.25,437.75,445,739
,7/8/2019,878,875.25,870,878.5,1340,958,7/5/2019,306,303.8,302.5,306,900,886,7/8/2019,440.75,438.5,432,442.75,2083,1204
,7/5/2019,884,872.25,871.75,884.75,1991,1269,7/3/2019,303.8,306,303.2,306.6,1472,1060,7/5/2019,433,434,427,435.5,2127,1919
,7/3/2019,875.5,885.25,873.5,885.75,3531,1914,7/2/2019,305.3,303.5,302.6,306.6,2147,1271,7/3/2019,417,433,417,433.75,3471,2416
,7/2/2019,886.25,876.25,876.25,888.75,2636,3159,7/1/2019,316,304.8,303.8,316,3580,1771,7/2/2019,412.5,413.5,408.25,415.5,6526,4366
,7/1/2019,910.75,885.5,884,910.75,4732,3924,6/28/2019,310.9,313.1,308.1,313.9,11083,2901,7/1/2019,424.25,412,410.25,424.75,13482,6995
,6/28/2019,889.25,899.75,887.25,906,16083,5046,6/27/2019,312.7,312.2,311,314.7,43187,6937,6/28/2019,439,420.25,411,455,34514,14303
,6/27/2019,893.25,887.75,883.5,898.25,74477,11463,6/26/2019,316,313.4,312.7,316,38106,20732,6/27/2019,443,440,438.5,445.5,141131,28962
,6/26/2019,902,894.25,893.25,902,108709,30568,6/25/2019,319.5,315.7,314.7,321.3,61570,35383,6/26/2019,447,443.25,440.75,447.25,158878,88360
,6/25/2019,915,903.5,900.5,917.75,141144,56831,6/24/2019,316.4,317.6,315.7,319.1,56423,48250,6/25/2019,451,447.5,446.5,453,158426,142958
,6/24/2019,902,909,899.5,911.25,110371,92423,6/21/2019,322.6,315.6,315.1,323.4,54693,61513,6/24/2019,442.25,446.75,440.25,447.75,172094,180459
,6/21/2019,915,902.75,902.5,917.25,139463,115408,6/20/2019,316.1,323,314.1,323.7,50795,74158,6/21/2019,452,442.25,441.75,454,251093,214769
,6/20/2019,901.25,915.5,896.5,917.5,147071,170274,6/19/2019,321.9,316.9,315.8,322,83861,82785,6/20/2019,441.5,450,436.5,450.75,198628,320450
,6/19/2019,912.5,903.25,901.5,913.5,149148,193983,6/18/2019,325.7,322,320.7,327.3,53222,94155,6/19/2019,449.75,441,438.25,451.75,193331,339676
,6/18/2019,918.25,913.5,902.75,921.5,154004,225998,6/17/2019,324,324.3,322.9,327.2,54911,99038,6/18/2019,455.5,449.75,442.75,458,221471,354606
,6/17/2019,901,912.75,900.75,914,164353,247891,6/14/2019,321.6,323.5,321.5,325.6,52101,106168,6/17/2019,458.25,454.75,450.5,464.25,279480,389521
,6/14/2019,887.5,896.75,885.25,898.25,131228,260250,6/13/2019,319.9,321.7,319.7,324.5,61968,110364,6/14/2019,442,453,441.75,457.25,312814,402072
,6/13/2019,878,888,877.75,888.75,122373,272219,6/12/2019,313.2,319.5,312,323.2,72990,122792,6/13/2019,429.75,442,429.5,442.75,402152,435110
,6/12/2019,857.25,878,853.25,883.25,168960,274977,6/11/2019,312.3,314.4,311.5,315.3,65099,130782,6/12/2019,427.75,430,424,434.5,331360,468716
,6/11/2019,855.5,859.25,850.25,863.5,138285,289361,6/10/2019,311.5,313.4,308.8,316.4,57465,145116,6/11/2019,415,427.75,408.25,430.25,360317,488988
,6/10/2019,853.75,858.5,848.25,866,109009,307672,6/7/2019,315.9,312.3,311.1,316.8,53367,154754,6/10/2019,413,415.75,409,416.5,279949,538434
,6/7/2019,868.75,856.25,855,871.5,126250,319035,6/6/2019,317.8,315.9,313.5,318.8,51707,163259,6/7/2019,421,415.75,415,423.5,227751,561014
,6/6/2019,869.75,868.75,857.75,872.25,115535,333362,6/5/2019,321,317.7,317,322,54305,169562,6/6/2019,414.5,420.5,407,421.5,279006,595517
,6/5/2019,882,869.75,868.25,882.75,133437,346259,6/4/2019,324.5,321,320,327.1,65773,173444,6/5/2019,424.25,414.75,412.25,424.75,231859,615104
,6/4/2019,891.25,881.75,878.5,894.5,146836,356629,6/3/2019,321.3,320.5,319.6,325.8,54900,181589,6/4/2019,435,425.25,421.25,436,306703,624143
,6/3/2019,875.75,879,873.5,886.5,127513,357832,5/31/2019,327.8,321.3,320.5,327.8,62673,186106,6/3/2019,426.25,424.25,418.25,430.75,288442,641186
,5/31/2019,889,877.75,876.5,890.75,120397,368576,5/30/2019,321,327.4,316.1,328.1,77111,189523,5/31/2019,435,427,423.25,437.5,302171,663795
,5/30/2019,871.5,889,863.5,889.5,138936,376640,5/29/2019,316.6,319,315.8,326.3,111280,198061,5/30/2019,416.5,436.25,413.25,436.75,324914,683479
,5/29/2019,866,872,863.5,892.75,216536,383378,5/28/2019,303.6,312.8,302.7,314,86657,201391,5/29/2019,429.25,418.75,412.25,438,484436,701138
,5/28/2019,840,856,837.5,858.25,148619,382946,5/24/2019,297.2,300.5,296.8,301.4,49320,203415,5/28/2019,408,420.25,407.5,421,417683,742655
,5/24/2019,821.5,829.75,820,831.5,94258,384545,5/23/2019,298.6,297.2,295.5,300,47813,210269,5/24/2019,390.5,404.25,389.75,404.75,299952,753140
,5/23/2019,828.5,821.5,817,834,125848,392091,5/22/2019,294.4,298.3,294,300.8,44908,215533,5/23/2019,394,389.75,387,399,340117,750847
,5/22/2019,819.5,828.5,819,835,124467,395123,5/21/2019,298.7,295.3,293.1,302.2,62452,219566,5/22/2019,393.25,394.5,386.25,396.5,291262,771531
,5/21/2019,842.75,822,819,846.5,188028,400428,5/20/2019,296,297.3,295.1,299,34728,222493,5/21/2019,393.25,394.25,391.25,399,451260,797345
,5/20/2019,828.25,831.75,824.75,838.75,113522,401927,5/17/2019,301.9,294.3,293.7,302.7,49867,225395,5/20/2019,386,389,385.75,391.5,358734,809278
,5/17/2019,840.75,821.75,820.5,841.75,119427,404618,5/16/2019,299.8,301.9,299.5,303.8,41749,226246,5/17/2019,380,383.25,380,384.75,319503,812024
,5/16/2019,834,839.75,834,845,106299,408725,5/15/2019,298.3,299.8,297.4,304.9,72239,227725,5/16/2019,368.75,379,368.75,380.75,248510,807524
,5/15/2019,832,835.5,827,848.25,182209,407306,5/14/2019,,294,,295.6,43,58,5/15/2019,369,369.5,368,380,336989,810753
,5/14/2019,810,817.75,810,822.75,162,156,5/13/2019,284.2,284,280.7,284.2,228,26,5/14/2019,354.25,360.5,353.5,360.75,199,112
,5/13/2019,790.25,791,780.5,790.5,369,238,5/10/2019,285.9,284.1,285,286.6,210,196,5/13/2019,335.5,347.5,335.5,348.25,286,108
,5/10/2019,800.25,797,795.25,804,712,580,5/9/2019,289,285.3,284.7,289,273,373,5/10/2019,346.5,342.5,338.25,346.5,308,263
,5/9/2019,810,800.25,795.25,810.5,680,708,5/8/2019,289,288.7,288.3,290,323,576,5/9/2019,350,344.5,344,350,657,375
,5/8/2019,819.25,814.25,812.75,820.25,1990,1207,5/7/2019,291.5,288.4,288.3,291.9,1447,923,5/8/2019,356.5,355.25,353.25,356.5,860,853
,5/7/2019,815,817.75,815,821.75,2555,1482,5/6/2019,291.3,291.8,288.8,292.9,1363,1011,5/7/2019,357,358,355,359.25,1156,1131
,5/6/2019,816.5,817.5,804.5,819.75,2686,1797,5/3/2019,293,293.6,292.1,294.2,2130,1254,5/6/2019,352.5,355.75,349,356,1710,1396
,5/3/2019,830.5,829.5,828.75,834.75,3485,2254,5/2/2019,296,292.4,292.3,296,2430,1702,5/3/2019,362.25,363,359.5,363.25,1645,2060
,5/2/2019,840,830.5,829.75,840.5,5556,3532,5/1/2019,295.8,296,293.4,296.5,4405,2275,5/2/2019,361,362,358.5,362.5,4314,2313
,5/1/2019,841,839.5,831.75,843,9763,3961,4/30/2019,297.4,296,295.2,297.8,10483,3264,5/1/2019,353.5,360,353.5,360.5,8291,2954
,4/30/2019,848,841.25,838.5,851.25,11508,7179,4/29/2019,300.9,297.2,297,302.5,35516,7157,4/30/2019,352.25,353.25,349.25,354,14379,5721
,4/29/2019,854.75,847.5,847.25,859.5,81581,10907,4/26/2019,305.9,299.9,299.1,306,57677,19583,4/29/2019,353.25,352,351.25,356,250771,11085
,4/26/2019,858.5,853.75,852.5,859.75,142904,40784,4/25/2019,300,306,299.8,306.2,58999,33551,4/26/2019,347.25,351.25,347,353.5,166752,109540
,4/25/2019,854.75,859.25,853.5,862.75,124152,121731,4/24/2019,300.7,300.4,300,302.2,55511,48504,4/25/2019,346,347.5,342.25,351,236880,238363
,4/24/2019,862,855.25,854.5,865.25,87642,147431,4/23/2019,302.5,301,300.2,303.1,69524,59506,4/24/2019,351,346.75,345.5,352.5,241386,311614
,4/23/2019,877,862,860.75,878.75,168391,163418,4/22/2019,303.3,302.5,302.2,304.3,44665,74336,4/23/2019,354.75,351.25,350.25,355,194770,339293
,4/22/2019,881.5,877,876.25,883.25,80529,187834,4/18/2019,303.8,303.2,303,304.8,40995,82231,4/22/2019,359,354.75,354.25,359,144705,364592
,4/18/2019,878.75,880.5,876.5,882,77262,205572,4/17/2019,306.5,303.9,303.5,307.2,50075,88273,4/18/2019,358,358.5,357,359.25,102302,381149
,4/17/2019,887.75,879,878.5,890.5,105530,214732,4/16/2019,311,306.5,306,311.4,66961,92504,4/17/2019,358.25,358.25,356.75,360,148184,396091
,4/16/2019,898.25,888,886.25,899,115185,219956,4/15/2019,307.9,311,307.7,311.8,71618,105022,4/16/2019,362.5,359,357.25,362.5,192351,422428
,4/15/2019,895,898.75,894.75,902,105410,221960,4/12/2019,307.2,307.9,306.8,308.7,49286,110118,4/15/2019,361.25,362.75,361,364.25,208541,434031
,4/12/2019,895,895.25,893.75,898.5,82118,232341,4/11/2019,309.8,307.2,306.9,310.9,73554,119613,4/12/2019,360.25,361,358.5,361.5,95871,473670
,4/11/2019,901.25,895.25,893.5,904,98642,242526,4/10/2019,309.1,310.1,308.5,311,62008,134774,4/11/2019,361.25,360,358.5,363,264730,484092
,4/10/2019,898.75,902,897.25,903.75,110699,253700,4/9/2019,308.6,309.1,308.3,310.3,56743,142987,4/10/2019,360.25,361.75,360,362.75,253300,523089
,4/9/2019,898.25,898.75,894.75,902.25,95488,267825,4/8/2019,308,309.2,307.9,311,71515,155399,4/9/2019,359.75,360,355.25,362.25,275445,553142
,4/8/2019,899,898.75,898,903.5,113476,271853,4/5/2019,311.3,308,307.1,311.6,54571,166925,4/8/2019,362.25,360,359.5,363.5,269564,594279
,4/5/2019,904.5,899,896.25,904.75,102769,279730,4/4/2019,310.7,311.9,310.4,312.3,45706,177702,4/5/2019,364.5,362.5,360.5,364.75,273057,634582
,4/4/2019,898.25,906.5,897,907.25,112219,290693,4/3/2019,310.6,311,309.4,311.9,41552,180210,4/4/2019,362.75,365.25,362.75,366.25,159329,688126
,4/3/2019,899.25,898.75,894.75,903,63617,292826,4/2/2019,309.8,310.6,308.3,311.1,40486,181395,4/3/2019,361.25,362.75,360.5,364.75,135849,706011
,4/2/2019,895.75,900,892.5,901.25,78593,294319,4/1/2019,306.1,309.4,305.7,310.4,63516,183119,4/2/2019,362.25,361.5,359.25,363.5,117194,712575
,4/1/2019,884,895.5,883.75,899,116288,298239,3/29/2019,306.2,306.5,305.1,308.1,44995,182982,4/1/2019,356.5,361.75,356.5,363,239354,713019
,3/29/2019,888.75,884.25,883,892.75,96062,304002,3/28/2019,304.8,306.5,304.1,307,42731,186063,3/29/2019,373.75,356.5,356,375,441012,746172
,3/28/2019,888,889.5,886.5,891.75,71399,302292,3/27/2019,310.8,304.4,303.6,310.8,82920,188882,3/28/2019,373.75,374,372,374.75,105825,736500
,3/27/2019,900.25,887.5,886,900.75,108413,305283,3/26/2019,314.6,311,310.5,315.7,46269,197045,3/27/2019,376.75,373.75,372,377,127919,742040
,3/26/2019,905.5,900.75,899.5,907.5,64159,298978,3/25/2019,314.9,315.1,314.1,316.5,37417,200026,3/26/2019,379.25,377.25,375.5,380.5,165178,743553
,3/25/2019,904.5,906.5,901.5,908.25,62221,302431,3/22/2019,315.1,315,314.2,316.4,66936,202998,3/25/2019,378.75,379.75,376.75,380.75,155849,758162
,3/22/2019,909.75,903.75,903,912,91931,302580,3/21/2019,311.3,315.3,310.4,315.8,49818,201997,3/22/2019,375.75,378.25,375.5,380.75,222578,767635
,3/21/2019,906,910.5,903.5,912,79287,305602,3/20/2019,310.1,311.6,308.6,311.9,38318,200370,3/21/2019,371,376.25,370.5,377.5,220227,777649
,3/20/2019,902.75,906,899.25,906.5,73221,303333,3/19/2019,309.4,310.8,308.7,312.3,50809,200793,3/20/2019,371.5,371.5,368.75,372.5,101477,783752
,3/19/2019,905.5,904,900.25,909.5,78731,307193,3/18/2019,311,309.8,308.7,311.9,40284,200351,3/19/2019,372,371.25,367.75,373.75,159377,788001
,3/18/2019,910,905.75,901.75,911.5,68441,307752,3/15/2019,305.8,310.8,305.8,311,55612,202253,3/18/2019,374,371.5,370.25,375.5,169237,786945
,3/15/2019,899.25,909.25,898.25,911,97847,310632,3/14/2019,,301.8,,301.9,151,177,3/15/2019,369.25,373.25,369,373.75,197270,780609
,3/14/2019,,889.5,,,148,147,3/13/2019,298.5,300.2,297.8,300.6,85,72,3/14/2019,360.25,361.5,360,363.25,390,222
,3/13/2019,882.75,889,882.5,889.25,215,225,3/12/2019,296.2,298.3,296.2,297.9,123,134,3/13/2019,357.25,357.25,355,359.5,317,233
,3/12/2019,880.5,884.75,880.25,885,237,198,3/11/2019,299.3,296.7,296.5,299.3,258,193,3/12/2019,353.25,356.5,352.75,357.75,798,594
,3/11/2019,884.5,877.75,878.5,884.5,436,325,3/8/2019,302.3,299.1,299.3,302.5,659,406,3/11/2019,357.5,352.5,353,357.5,1747,1022
,3/8/2019,891,883.75,880,891.5,1275,728,3/7/2019,301.9,302,301.5,303.2,1099,704,3/8/2019,357.75,354.75,354,358.25,2265,1402
,3/7/2019,892,890.75,887,893.75,2606,1126,3/6/2019,306.9,301.8,301.8,306.9,1752,868,3/7/2019,362.25,356,355.75,362.25,2482,1676
,3/6/2019,900.5,889.75,889.5,903.5,2100,1734,3/5/2019,306.4,305.6,304.4,306.4,1703,1312,3/6/2019,366,362.5,361,366,2916,2485
,3/5/2019,904.75,901.25,896.75,904.75,3339,2129,3/4/2019,303.8,306.3,303.7,308.7,2600,1628,3/5/2019,366,366,364.5,367.25,4570,3008
,3/4/2019,901.25,903.25,901.25,912.25,4165,3039,3/1/2019,302.3,303.3,299.1,303.9,1996,2041,3/4/2019,365.25,365,364.5,368,5270,3246
,3/1/2019,897.25,899.25,888.25,905,8373,3645,2/28/2019,304.2,302.3,301.8,305.3,3846,2367,3/1/2019,361.75,364,357.5,364,12360,5512
,2/28/2019,903,897.5,897,905.25,13006,5719,2/27/2019,303,305,302.7,306.7,50251,3566,2/28/2019,363.75,362,361.25,364.75,23512,10004
,2/27/2019,903,903.5,900.75,910,69356,10012,2/26/2019,305,303.2,302.1,305.5,38657,22556,2/27/2019,366,363.75,362.5,368.25,189224,20493
,2/26/2019,910,903.75,899,910.75,88696,34343,2/25/2019,307.2,305.4,305,308.4,53863,37283,2/26/2019,370.75,366.25,365.5,371.25,242769,95028
,2/25/2019,918,911.75,910.25,921,108509,57793,2/22/2019,305.9,305.6,304.9,307.4,38004,48204,2/25/2019,377.75,370.5,370,378.5,344712,151470
,2/22/2019,910.25,910.25,907.5,914.75,127436,82090,2/21/2019,305.2,305.9,304.6,308.8,78808,58001,2/22/2019,374.75,375.25,374.5,377.75,316659,253778
,2/21/2019,902.75,911,900,916.75,169207,139215,2/20/2019,305.9,305.2,302.7,306.3,68511,67401,2/21/2019,371,375.5,370.5,378.5,257188,338500
,2/20/2019,902,902.5,893.25,905,132174,170523,2/19/2019,306.1,305.4,302.6,306.9,68965,80342,2/20/2019,371.5,370.75,368.5,373.5,310666,394771
,2/19/2019,907.25,900.75,894.75,911.25,119260,188866,2/15/2019,306,306.5,305.4,307.5,53420,90373,2/19/2019,374.25,369.75,369,376.25,230708,435848
,2/15/2019,905.25,907.5,901.25,909.75,113607,195018,2/14/2019,309.9,305.5,305.3,310.7,68550,94898,2/15/2019,374.75,374.75,373,376.5,209096,447032
,2/14/2019,915.75,903.5,903,918.25,111538,221615,2/13/2019,309.2,310.1,308.2,310.4,63027,102153,2/14/2019,378.75,374.75,374,379,225289,463969
,2/13/2019,916.75,916.5,913.75,920,87709,228969,2/12/2019,304.9,309.2,304.9,310,61084,116414,2/13/2019,377.5,378.75,376.25,379,243883,488675
,2/12/2019,905.5,917.5,905.5,919.75,126536,238710,2/11/2019,306.1,304.9,304.3,308.1,63771,124415,2/12/2019,373.5,378.25,373,378.75,291257,515876
,2/11/2019,914.75,905,903.5,918.75,124095,249316,2/8/2019,305.7,306.1,305.2,308.2,82888,137135,2/11/2019,374.5,372.75,371.75,375,309359,558891
,2/8/2019,913,914.5,908,918,134648,259757,2/7/2019,308.7,305.5,305.1,309,90852,146492,2/8/2019,376.5,374.25,374,381.75,340779,590217
,2/7/2019,919.5,913.25,910.5,921.5,120903,273255,2/6/2019,309.3,309,308.6,310.1,67265,159701,2/7/2019,379.75,376.5,376.25,380.25,259742,611373
,2/6/2019,920,921.75,917.5,922.5,98810,282947,2/5/2019,310.6,309.5,308.5,310.6,61871,163005,2/6/2019,380.5,380,379,380.75,145154,648871
,2/5/2019,917.75,920.25,913.5,921,83109,295230,2/4/2019,312,310.6,310.5,313,53715,167504,2/5/2019,379.5,380.75,377,381.25,171954,656151
,2/4/2019,917,918.5,915.5,923.75,76590,297919,2/1/2019,310,311.8,310,317.4,91749,170739,2/4/2019,377.75,379.25,376.5,379.75,145834,664494
,2/1/2019,921,917.75,917,931.25,168136,294974,1/31/2019,311,310,309.3,313.9,69194,173979,2/1/2019,376.5,378.25,376.5,380.75,151472,676972
,1/31/2019,919.5,915.25,913.25,926.75,98081,300452,1/30/2019,311.8,311.1,310.9,313,45380,175789,1/31/2019,381,376.5,375.75,381.5,205750,684989
,1/30/2019,919,921,917.25,924,68239,300437,1/29/2019,311.5,311.8,311.1,312.5,35969,180150,1/30/2019,377.75,381.25,377.5,381.5,198900,688515
,1/29/2019,921.75,919,916.75,922.25,86953,299613,1/28/2019,313.2,312.2,310.6,314.3,38493,180621,1/29/2019,379.75,377.25,376,380.75,187023,695076
,1/28/2019,923.5,923.25,915.75,925,69622,304912,1/25/2019,312.2,313.9,310.8,314.1,38911,182790,1/28/2019,379.5,379.75,378,381,102144,692756
,1/25/2019,915.75,925.25,913,926.25,103755,308872,1/24/2019,312.9,312.3,311.8,314.5,39291,182761,1/25/2019,377,380.25,376,380.5,134094,697549
,1/24/2019,915,916,909.25,919.5,85832,314869,1/23/2019,312.8,312.9,312.1,314.9,37111,185584,1/24/2019,378.75,377,375.75,379.75,124108,704466
,1/23/2019,911,915,910.5,918.25,72124,317262,1/22/2019,314.3,313,310.1,315.7,54260,186935,1/23/2019,379.5,378.75,378,381.75,127605,697942
,1/22/2019,916.5,909.25,899.5,919.5,126766,320134,1/18/2019,312.2,315.1,312,316.5,58813,189193,1/22/2019,380.75,379,376.75,382.25,211433,702726
,1/18/2019,908.25,916.75,905.75,920.25,112894,323882,1/17/2019,310.5,312.2,309.8,315.4,69938,191041,1/18/2019,379.75,381.75,377.75,383,191033,704220
,1/17/2019,895.5,907.75,894.25,912,103132,324197,1/16/2019,309.7,310.1,309.1,311.5,47875,190783,1/17/2019,374,380,373.75,381.5,207625,707861
,1/16/2019,895.5,894.5,891.25,900,87043,326847,1/15/2019,312.1,309.3,309.2,313,52956,189269,1/16/2019,372.75,374,372.5,375,164719,718479
,1/15/2019,904.25,893.25,892.5,908,107769,326547,1/14/2019,308.7,306.9,307,308.7,30,28,1/15/2019,379.5,371.25,371,381,251255,725289
,1/14/2019,895.25,890.75,891,895.25,293,228,1/11/2019,311.7,310.4,310.5,311.7,99,77,1/14/2019,378.5,378.5,377,381,144739,730048
,1/11/2019,897.25,899.25,897.25,901.25,287,153,1/10/2019,319.6,312.6,313.1,319.7,321,202,1/11/2019,377,378.25,376.75,379.25,131815,735744
,1/10/2019,908,895.5,894.75,911.25,1094,718,1/9/2019,318.7,319,318.6,320.1,695,520,1/10/2019,381.5,376.25,376,382.75,181392,737947
,1/9/2019,905.5,911.5,905.25,913.75,2759,1478,1/8/2019,318.6,317.6,316.8,319.3,1802,795,1/9/2019,380.5,382,380.5,383.5,192055,743811
,1/8/2019,911.75,906.25,902.5,913,3286,1975,1/7/2019,316,318.2,316,319.3,1975,1254,1/8/2019,382.5,380,379,384.5,172291,750439
,1/7/2019,909.5,912.25,909.5,915.75,4350,2462,1/4/2019,312.1,315.1,312,316.1,2013,1798,1/7/2019,382.25,382.25,381.75,384,110623,750737
,1/4/2019,898.25,909.5,898.25,910,6571,3422,1/3/2019,311.3,312.7,310.1,313.5,1890,2027,1/4/2019,380,383,379.75,383.5,178171,751642
,1/3/2019,893.5,900.25,892.25,900.75,5149,4044,1/2/2019,306.2,311,305.8,312.2,3618,2679,1/3/2019,375.5,379.75,374.75,380.5,101460,781544
,1/2/2019,881.5,894.75,880.75,897.75,8393,4931,12/31/2018,309.1,306.2,305.8,310.3,4293,4310,1/2/2019,375.25,375.75,374,377.75,104724,782687
,12/31/2018,885.5,882.5,879.25,889,13220,7237,12/28/2018,304.5,308.9,304,310.9,16221,6032,12/31/2018,375.5,375,372.75,377,91126,776128
,12/28/2018,870.5,882.75,870,886.25,46910,11838,12/27/2018,303.4,303.9,302.9,305.5,24456,13908,12/28/2018,374.5,375.5,374.5,377.5,89172,773016
,12/27/2018,870.75,869,867,876,66899,27866,12/26/2018,307.6,303.4,302.6,309.8,22979,19427,12/27/2018,373.25,374.5,373.25,376.5,96243,771271
,12/26/2018,885,870,869.5,888.75,56380,48632,12/24/2018,306,307.5,305,308.1,26254,24747,12/26/2018,378.25,373.25,372.5,379.25,97146,777988
,12/24/2018,883.25,884,879.5,886.5,30790,67772,12/21/2018,307.7,305.6,305.5,308.8,45184,32732,12/24/2018,378.25,377.75,375.25,379,54836,784169
,12/21/2018,891.5,884.75,883.25,894.75,93658,79272,12/20/2018,307.8,307.7,307,309.5,52160,42648,12/21/2018,375.5,378.5,374.75,379.5,138729,785574
,12/20/2018,900,893.5,892.75,905.5,95834,112347,12/19/2018,310.3,307.8,307.5,310.6,48264,49056,12/20/2018,381.75,375.25,375,382.75,205496,793213
,12/19/2018,907,900,899.25,909.75,115946,128981,12/18/2018,309,310.4,308.8,312.7,53370,55402,12/19/2018,385,381.75,381.5,385.25,107244,799148
,12/18/2018,902.75,907.75,902.75,912.25,91101,145149,12/17/2018,307.5,309.1,307.4,309.7,33980,65272,12/18/2018,383.75,385.5,383.25,386.5,131884,806396
,12/17/2018,900.75,904.75,900.25,909.25,76021,163037,12/14/2018,,309.4,308.9,,71,,12/17/2018,384.25,384,383.25,386,97615,816690
,12/14/2018,907.25,900.5,900,910,93463,178929,12/13/2018,310.9,309.4,307,311.8,310,70,12/14/2018,378,376.75,374.25,379,357,134
,12/13/2018,918.75,907,905.25,920,120802,191824,12/12/2018,310.3,310.8,310.3,313.3,214,167,12/13/2018,375,375.5,374,377.5,229,371
,12/12/2018,916,920,915.25,928,121344,203135,12/11/2018,307.9,308.9,307.2,309.7,185,358,12/12/2018,375.5,376.25,375.5,378,632,634
,12/11/2018,907.75,915,906,917.25,114414,212613,12/10/2018,308.8,307.9,308,309.7,327,479,12/11/2018,373.75,375,372.75,376.5,1372,924
,12/10/2018,912,909.75,908.5,916.5,109608,229411,12/7/2018,310,309.1,308.3,311,404,687,12/10/2018,374.25,374.25,372.75,376,1655,1988
,12/7/2018,910,916.75,907.5,918,112608,243446,12/6/2018,311.3,310,307.4,311.3,546,941,12/7/2018,371.75,374,371.5,374.75,2243,3366
,12/6/2018,911.5,909.5,897,912.25,127436,249602,12/5/2018,311.3,311.9,311.3,313.4,754,1130,12/6/2018,374,372,369.25,374.5,2299,3894
,12/5/2018,910,913.5,908.5,916.75,73440,258056,12/4/2018,311.1,312.7,311.1,313.7,1285,1406,12/5/2018,373.5,374.25,372.5,376,2090,4437
,12/4/2018,903.25,911.75,899.5,913,107528,261479,12/3/2018,315.4,312.1,312.1,316.4,1245,2238,12/4/2018,370,374.25,369.5,374.25,2930,5431
,12/3/2018,919.75,905.75,904.5,923.75,178080,269592,11/30/2018,306.9,308.3,306,309.6,5868,2784,12/3/2018,372.75,371.25,369.5,374,7579,6860
,11/30/2018,887.25,894.75,886,896.5,97858,267201,11/29/2018,307.9,306.9,304.7,308.9,27261,6207,11/30/2018,360.75,366.5,360.5,366.75,17986,8962
,11/29/2018,890,887.25,882.5,894.5,91228,272464,11/28/2018,305.5,307.9,304.5,309.8,34800,15550,11/29/2018,360.5,360.25,359,363,186618,16394
,11/28/2018,876.25,890.5,874,895,118516,276010,11/27/2018,303.2,304.9,301.5,305.7,40941,26987,11/28/2018,356.25,360.5,356,361.5,221952,96297
,11/27/2018,862.5,875.5,858.25,880,98671,284086,11/26/2018,305.9,303,300.7,306.5,55524,39627,11/27/2018,356,356.5,355.5,358.5,248125,180679
,11/26/2018,881,862.25,857,883,123317,296507,11/23/2018,307,305.8,305.4,308.5,34720,53958,11/26/2018,359.5,356,355.25,360.5,331200,253139
,11/23/2018,881.25,881,880,884.5,35988,291442,11/21/2018,308.1,306.6,305.4,308.5,37050,67973,11/23/2018,361,359,358.75,361.75,174044,328719
,11/21/2018,882,883,876,889,68295,291093,11/20/2018,305.4,307.1,304.8,309.7,48079,74506,11/21/2018,361.25,361.75,360,363.25,184082,405968
,11/20/2018,874.25,881,870.5,885.75,68069,292755,11/19/2018,311.3,305.5,303.9,311.5,50838,78545,11/20/2018,362.75,361.25,361.25,363.5,146930,434304
,11/19/2018,892,873.75,871.25,892.25,95488,300785,11/16/2018,306.6,310.9,305.7,312.9,51462,88167,11/19/2018,364.75,362.25,361.25,366.25,179457,453259
,11/16/2018,889.75,892.25,881.75,894.75,76599,299897,11/15/2018,305.8,305.4,303.8,309.1,51010,97204,11/16/2018,367.25,364.75,363.25,368.75,180968,476149
,11/15/2018,884.25,888.75,883.75,897.5,87077,298062,11/14/2018,303.9,305.7,303.8,306.3,30483,101452,11/15/2018,366.75,367.5,366.5,371.75,182150,506944
,11/14/2018,869.25,870.5,869.25,875.25,243,130,11/13/2018,305.6,303.9,303.7,308.2,46248,108005,11/14/2018,366,367,365.75,368,121770,531441
,11/13/2018,871.75,867.25,867.25,876.25,2529,411,11/12/2018,305.6,305.6,304.4,306.7,38346,116488,11/13/2018,369.5,366.5,365.5,370.75,178859,549175
,11/12/2018,874,871.75,868.25,874,3178,1488,11/9/2018,306.3,305.6,305.1,307.5,43275,122909,11/12/2018,369,371.25,368,372.5,176017,569719
,11/9/2018,867,875.25,863.25,875.75,3311,2301,11/8/2018,308,306.1,304.3,310.7,60843,128798,11/9/2018,372.75,369.75,368.25,374,212422,602004
,11/8/2018,867,867.5,853,871.25,3663,2582,11/7/2018,311.5,308,307.4,313.7,53080,133175,11/8/2018,372,373.5,366,379,432338,620925
,11/7/2018,872,867.75,865,873.75,4552,3124,11/6/2018,310.6,311.4,308.3,312.4,38608,137700,11/7/2018,372.25,372.25,371,373.25,233522,641768
,11/6/2018,872.25,872,866.75,875.5,4267,3788,11/5/2018,310.8,310.6,307.7,313.9,47985,140844,11/6/2018,373.75,373.25,372,374.5,206076,678694
,11/5/2018,877,873,870,880,7226,4647,11/2/2018,313.4,311,309.5,316.3,47568,149652,11/5/2018,371,374,369.5,374.25,191618,689532
,11/2/2018,868,875.25,866.5,888.5,11996,5961,11/1/2018,306.4,313.4,303.5,315.8,74076,152577,11/2/2018,366.25,371.25,365.25,373,242629,710367
,11/1/2018,837,869,832.75,875,17055,8491,10/31/2018,305.1,306.4,302,307.7,63680,156900,11/1/2018,363.25,366.75,363,371,304754,725622
,10/31/2018,832.75,839,831.75,842.25,18050,11610,10/30/2018,308.8,305.1,305,311,41984,160119,10/31/2018,364.75,363.25,362.5,365.25,163231,734203
,10/30/2018,839,833.5,832.25,842,107969,14599,10/29/2018,307.4,308.2,306.3,310.8,42388,160913,10/30/2018,366.75,364.75,364.25,368,137331,738101
,10/29/2018,845,839,837.25,852.5,114907,41905,10/26/2018,304.6,307.3,304.6,308.9,46789,159700,10/29/2018,368,366.75,365.5,371.5,142746,743666
,10/26/2018,842,845,841,849.25,120782,76946,10/25/2018,306.2,304.3,303.5,306.6,44588,161131,10/26/2018,361.75,367.75,361.75,369.75,220034,751884
,10/25/2018,850,841.75,840,851,130130,131118,10/24/2018,310.5,306.1,305.3,310.9,70866,162003,10/25/2018,367.75,361,360.5,368.25,262813,761058
,10/24/2018,855.75,850.25,850,856.75,187127,144518,10/23/2018,312.4,310.7,310,312.4,52472,162976,10/24/2018,369.5,368.25,367.75,369.75,114262,758911
,10/23/2018,857.5,857.5,851,862.75,107486,190750,10/22/2018,313.2,312.8,311.8,315.5,46436,166954,10/23/2018,369.25,370.25,368,372.5,136626,764298
,10/22/2018,855.75,858.5,855.5,863,124570,205057,10/19/2018,316.6,313.1,313,317.7,57832,170744,10/22/2018,365.5,369.5,365.5,370.5,140542,768674
,10/19/2018,865.25,856.75,856.25,866.25,120379,229326,10/18/2018,323.1,316.3,316,323.4,47707,177290,10/19/2018,370.5,367,366,371,165329,772232
,10/18/2018,882.25,863.5,862.75,883.75,125411,246965,10/17/2018,321.9,323.7,321.2,326.1,52630,178333,10/18/2018,373,370.75,369.5,373.25,137274,775227
,10/17/2018,883.5,885.75,882,889.75,101638,258740,10/16/2018,327,322.3,320.6,327,54534,179860,10/17/2018,375,374.25,373.25,376.25,106446,780678
,10/16/2018,891.25,884.75,879.25,891.25,106588,265602,10/15/2018,316.9,327,314.6,327.3,67655,185551,10/16/2018,377.25,375.25,373.5,377.5,185899,785720
,10/15/2018,867,891.5,863.5,892,150598,278725,10/12/2018,312.9,312.4,311.5,313.1,35,,10/15/2018,373,378.25,371.75,378.5,227938,803377
,10/12/2018,859.5,867.5,858.5,868,85795,293990,10/11/2018,310.7,312.8,310,315,232,35,10/12/2018,369,373.75,368.5,374,185821,819715
,10/11/2018,852,858.25,847,864,161159,303710,10/10/2018,310,312,310,312.6,236,273,10/11/2018,362,369.25,360.25,373,233116,836490
,10/10/2018,863,852.25,847.25,864.75,135163,317279,10/9/2018,314,313.5,312,314.5,330,458,10/10/2018,364.5,362.75,362,365.25,121039,840206
,10/9/2018,869.75,863,859.25,872.5,141122,324419,10/8/2018,317.6,314.2,314,317.6,458,534,10/9/2018,366.5,364.5,363.75,368,119567,845705
,10/8/2018,870,869.75,862.5,874.75,123432,347432,10/5/2018,308.4,315.6,306.5,314.5,947,694,10/8/2018,368.5,366.5,364.25,369.5,122012,854600
,10/5/2018,860,869,851.5,870.25,167588,357025,10/4/2018,309,308.4,308.2,311.5,819,854,10/5/2018,367.5,368.25,363,369.5,204815,861187
,10/4/2018,860,859.25,858.5,868.5,102929,383380,10/3/2018,311.2,307.5,307.5,312.4,1422,1219,10/4/2018,364.75,367.5,364.75,368.5,130828,873355
,10/3/2018,866,861.5,860.5,870.25,98123,390631,10/2/2018,310.4,311.2,307.4,311.8,2411,2071,10/3/2018,367.75,364.75,364.5,369,139279,873493
,10/2/2018,856.75,866,853,867.25,117212,398311,10/1/2018,305.3,310.5,305.2,313,1774,2624,10/2/2018,365,367.5,363.25,369,206146,885757
,10/1/2018,845.5,857.75,843,864,152163,409596,9/28/2018,308.3,305.4,304,310.8,5864,3752,10/1/2018,356.75,365.75,356.5,366.5,214369,894214
,9/28/2018,854.25,845.5,842,859.25,143042,414800,9/27/2018,307,308.2,306.5,310.5,26211,6703,9/28/2018,364.5,356.25,354.5,366.75,237213,900938
,9/27/2018,848.25,855,846.5,859,76059,424364,9/26/2018,307.1,307.7,306.5,309.1,28028,14266,9/27/2018,363,364.75,361.25,365.75,113909,914743
,9/26/2018,846.25,850,845.75,854,89464,422467,9/25/2018,305,306.2,304,313.6,31674,19899,9/26/2018,363.5,363,361.25,364.75,137900,923039
,9/25/2018,841.25,845.75,837.25,858,160953,423600,9/24/2018,306.5,304.7,303.4,306.5,27247,27661,9/25/2018,360.25,363.75,357.5,364.25,187874,936495
,9/24/2018,844,841,838.25,845.25,74829,425586,9/21/2018,311.1,305.9,305.3,311.9,20316,34919,9/24/2018,357.25,360.5,355.75,362,148370,947824
,9/21/2018,846.25,847.25,841.25,849.75,88697,429590,9/20/2018,307.4,311.4,303.8,312.7,22286,42776,9/21/2018,352.5,357.25,352.25,357.75,156113,956496
,9/20/2018,830,850.25,825.25,855,163230,435514,9/19/2018,300.9,306.4,300.9,307.1,13007,44630,9/20/2018,345.25,352.5,344.75,356.25,266804,965477
,9/19/2018,813.75,830,813.25,831.75,80961,443874,9/18/2018,302.6,300.5,298.8,302.9,18556,46791,9/19/2018,343,345.75,343,346.75,151074,975614
,9/18/2018,821,814,812.25,825.25,94047,445389,9/17/2018,305,302.9,302.3,305.5,14049,50131,9/18/2018,348,343.25,342.5,348.75,199080,967939
,9/17/2018,827.5,823.5,821.5,829.75,72673,442210,9/14/2018,,307.3,,,11,11,9/17/2018,351,348,347.75,351.75,145271,963646
,9/14/2018,,821.5,,823.5,67,76,9/13/2018,314.6,311.3,311.3,314.6,117,11,9/14/2018,338.5,337,337.5,338.75,57,70
,9/13/2018,828.25,822.75,824.25,833.25,64,104,9/12/2018,312,315.7,309.7,316,258,134,9/13/2018,344.5,336.25,337,344.5,131,90
,9/12/2018,820.5,829,811.5,828.5,644,426,9/11/2018,314.4,314.2,313.4,315.3,588,363,9/12/2018,354.25,341.5,340.5,354.5,407,259
,9/11/2018,836.75,820.25,821.75,836.75,351,358,9/10/2018,313.3,315.9,313.1,316.6,413,608,9/11/2018,357.25,355.25,354.75,357.25,287,456
,9/10/2018,832.25,833.5,832.25,838.25,173,247,9/7/2018,311.6,314.2,311.6,315.6,672,868,9/10/2018,353.25,355.5,353,356,1263,881
,9/7/2018,826.5,832,824.25,833.25,402,389,9/6/2018,306.5,311,306.5,311.9,749,1308,9/7/2018,352.75,354.25,351,355.75,692,1651
,9/6/2018,828.25,826.75,824,829.75,571,501,9/5/2018,308.4,306.2,305.7,309.3,940,1617,9/6/2018,353.5,353.5,350.75,354.5,2161,2197
,9/5/2018,835.25,825.5,825.75,835.25,822,543,9/4/2018,304.9,308.3,303.7,310.1,1800,1980,9/5/2018,356,351.75,351,356,3514,3408
,9/4/2018,832,832,826.25,838.75,1583,866,8/31/2018,301.3,303.7,300,304.9,6334,2973,9/4/2018,351.5,354.5,347.25,355.25,4870,4930
,8/31/2018,816,833,816,833.25,6332,1252,8/30/2018,302.4,301.4,300.3,303.2,27154,5890,8/31/2018,341,351,340.75,352,17114,6321
,8/30/2018,823,819.5,817,831.5,16391,3996,8/29/2018,301,302.1,300,304.2,26712,13827,8/30/2018,341.5,341,340.5,344,122613,11956
,8/29/2018,820.75,823.25,819.75,830.75,24291,7374,8/28/2018,306.3,300.7,300.6,306.7,33112,22228,8/29/2018,341,341.25,340.25,344,113195,49665
,8/28/2018,833.25,820.5,820.25,836.5,26658,16896,8/27/2018,312,306.3,304.5,312,37071,30737,8/28/2018,345.75,341,340.75,347.75,143197,85436
,8/27/2018,838.25,834.75,824.75,840,29914,24398,8/24/2018,314.7,312.7,312.3,316.1,25646,38340,8/27/2018,348.5,346.75,343,348.75,139285,140045
,8/24/2018,841.5,842,840.75,848.5,29279,32549,8/23/2018,321.1,313.7,313.5,322.2,25552,47349,8/24/2018,346.5,348.5,346.25,350,124751,178400
,8/23/2018,857.5,842,842,861.75,19488,43884,8/22/2018,325,321.1,321,325.1,24240,51895,8/23/2018,353,346.75,346.25,355,144613,245276
,8/22/2018,873.5,858.25,857.25,873.75,21139,45584,8/21/2018,328,324.9,324.6,328.5,20446,54327,8/22/2018,359.25,352.5,352.25,359.25,102514,253117
,8/21/2018,874,874.5,873.5,883.25,18546,46265,8/20/2018,332.5,328.2,327.4,333.6,12403,58097,8/21/2018,362.75,359.75,358.5,363.75,98587,260013
,8/20/2018,889.75,881.75,880.5,896,10658,50272,8/17/2018,334.5,330.1,329.4,336,12389,60682,8/20/2018,365.25,362,359.5,366,88310,280906
,8/17/2018,884.75,881.5,871,887.5,19408,51348,8/16/2018,329.5,334.6,329.5,335.8,14324,63439,8/17/2018,365,364.25,361.75,367.75,82450,297012
,8/16/2018,859.75,885.5,854.5,888.25,19406,51689,8/15/2018,335.8,329.5,329.4,337.2,17798,64950,8/16/2018,361.5,365.25,360.5,367.5,79361,299678
,8/15/2018,867.75,857.5,856.5,872.5,10749,53774,8/14/2018,,335,,333.4,108,50,8/15/2018,362.25,361.5,359,363.5,102535,308659
,8/14/2018,858.5,864.5,856.5,862.25,81,48,8/13/2018,322,327.8,321.4,328,273,36,8/14/2018,356.5,362.25,356.5,363,101207,321105
,8/13/2018,838,853.5,838,850.5,139,82,8/10/2018,333.1,323.5,323.5,333.9,526,308,8/13/2018,357.5,356.5,352.25,358,178694,338095
,8/10/2018,886.25,846,845.25,886.25,304,278,8/9/2018,337.5,334,334,337.5,533,747,8/10/2018,368.5,357.75,357,369.75,182404,379113
,8/9/2018,890.5,887.75,887.5,890.5,635,467,8/8/2018,332.3,337.1,331.5,338,963,1056,8/9/2018,371,369.25,366.5,372.75,148239,407345
,8/8/2018,892,893.75,889.25,895.75,1415,930,8/7/2018,330.7,332.7,330.7,333.9,927,1594,8/8/2018,370.5,371.25,370,373.75,123366,427757
,8/7/2018,887.75,889.25,883.25,891.25,2138,1210,8/6/2018,332.1,330,328.3,332.2,345,2137,8/7/2018,371,370.75,368.75,373.25,167092,464125
,8/6/2018,880.5,877.25,872.5,881,1754,1726,8/3/2018,332.7,332.5,329.9,333.3,1436,2393,8/6/2018,370,371,368.25,371.75,80946,503986
,8/3/2018,878.5,886.25,870.5,886.5,2608,1752,8/2/2018,335.5,332.8,331.8,336.3,2261,2996,8/3/2018,366.75,369.75,364.75,371.25,77985,514411
,8/2/2018,886.75,882.5,873.75,886.75,4368,2003,8/1/2018,340.8,336.5,335,340.8,2599,3848,8/2/2018,365,366.75,364.75,372.75,161081,523940
,8/1/2018,898,886.75,884.75,898,11347,3541,7/31/2018,334.4,341.2,333.3,342.6,6887,5787,8/1/2018,372,365,364,373,120054,546379
,7/31/2018,875.5,903.75,873.25,906,15115,6662,7/30/2018,335,333.9,331.4,336.3,25836,7396,7/31/2018,367,372.25,366.25,374.25,141808,557013
,7/30/2018,878.5,875,871.25,881.25,59118,10869,7/27/2018,332.2,332.7,331.6,336,28592,16732,7/30/2018,364,367.25,363.5,369.25,127462,568583
,7/27/2018,858.25,870.5,858.25,874,47143,27406,7/26/2018,332.9,332.6,331.2,337.9,32038,25668,7/27/2018,361,362,359.5,363.75,133494,583574
,7/26/2018,870,861.25,858.25,881,49688,48029,7/25/2018,328.9,330,327.4,331.1,20900,33043,7/26/2018,361,361.5,360.25,365.75,146376,609645
,7/25/2018,860,860.75,852,863,33013,57291,7/24/2018,327.9,328.9,326.1,330,26907,38797,7/25/2018,352.25,359.25,352,360,121593,613841
,7/24/2018,844,858,842.5,862.75,39163,64857,7/23/2018,328.5,328,326.6,330.4,22184,43549,7/24/2018,355.25,352,351.5,356.5,105606,642737
,7/23/2018,853.25,847.75,847.25,854.75,31905,71961,7/20/2018,328.8,326.9,326.1,331.5,22067,47990,7/23/2018,356,357.25,354.5,358.5,75399,643706
,7/20/2018,846,849.75,841.25,853.25,26319,76972,7/19/2018,328.5,328.8,326,330.2,29079,52386,7/20/2018,351.25,355.25,349.75,355.75,69609,643367
,7/19/2018,842,846,836.75,846.75,26561,80399,7/18/2018,329.1,328.2,327.5,332,17358,52544,7/19/2018,347,351.25,345,352,81407,643881
,7/18/2018,839,842.25,834.75,847.5,18546,81332,7/17/2018,330,329.1,328.1,332.9,22678,55684,7/18/2018,346.25,347.25,346,349,81867,643866
,7/17/2018,833.25,839.5,830,843.5,37736,80420,7/16/2018,326.2,329.1,325.1,333.6,32830,58504,7/17/2018,345,346.25,344.25,348.75,100115,647467
,7/16/2018,818.5,829.5,810.5,838,28635,82683,7/13/2018,332,328.8,329,332,216,,7/16/2018,340,341.75,338.75,345.75,95293,651606
,7/13/2018,831.5,814,810.75,831.5,99,99,7/12/2018,334,333.4,329.3,334.2,516,199,7/13/2018,332.25,330.25,332.25,332.5,272,228
,7/12/2018,832.75,830,821.25,833.25,154,146,7/11/2018,333.5,333,331.5,334.5,315,640,7/12/2018,332.25,336.5,329.75,340.75,533,229
,7/11/2018,840.5,829.75,829.5,842.25,1166,388,7/10/2018,331.1,334.4,331.1,336.9,1168,905,7/11/2018,336,331.25,331.5,337,1533,563
,7/10/2018,849,852.25,847.5,860.25,866,846,7/9/2018,336.5,331.8,330.1,336.7,1017,1604,7/10/2018,344.25,339.75,336.25,344.75,2735,1021
,7/9/2018,867.5,851.75,848.25,867.5,1258,1044,7/6/2018,328,339.8,328,340.4,666,2034,7/9/2018,346,345.75,342.5,348.5,3259,2186
,7/6/2018,836,874,834.5,877.25,2510,1099,7/5/2018,328.2,328.2,327.8,330.4,1479,2529,7/6/2018,342,351.75,342,352.25,3068,2969
,7/5/2018,843.5,835.5,834,846,3567,1765,7/3/2018,329.5,327.8,327.9,330.8,1065,3515,7/5/2018,345.5,343.5,341.5,348.75,3302,3959
,7/3/2018,849.5,844,843,852.75,4639,2321,7/2/2018,332.7,329.5,329.4,335.8,1576,4290,7/3/2018,340.25,342.75,339.25,345.25,3048,4812
,7/2/2018,860,848.5,845.75,862.5,5569,3755,6/29/2018,331.8,332.8,331.4,336.7,3588,5115,7/2/2018,352.25,337.5,337,352.25,7669,5687
,6/29/2018,861.25,858.5,857.5,876.5,11057,5046,6/28/2018,333.6,331.4,330.7,335.8,21764,6820,6/29/2018,345.75,350.25,345.5,355.5,19392,8415
,6/28/2018,865.25,861.25,859.5,869.5,43758,9300,6/27/2018,333.3,333.9,332.8,338.3,35809,14524,6/28/2018,351.5,345,344.5,352.5,143973,18445
,6/27/2018,868,867.5,866,878,87401,23545,6/26/2018,332.8,333.7,330.8,336.3,43365,24344,6/27/2018,352,352.5,351.5,356.5,163319,71969
,6/26/2018,873.25,867.25,862.5,881,88854,59379,6/25/2018,339.1,332.9,331.5,339.3,44629,37345,6/26/2018,350.5,352.5,348,355.5,227152,142195
,6/25/2018,896.5,874.5,871.75,899,89323,81248,6/22/2018,331.6,339.1,331.3,339.9,49881,49998,6/25/2018,358.5,350.5,349.25,359.5,203156,200368
,6/22/2018,879.25,894.5,878.75,897.5,128481,114132,6/21/2018,333.7,331.8,330.4,336.1,57974,62488,6/22/2018,358,357.25,355,359.75,141682,242829
,6/21/2018,889.5,880.5,878.25,891.25,99476,180954,6/20/2018,334.4,333.2,327.9,337.9,64688,74150,6/21/2018,354.25,357,349.25,359,168570,333986
,6/20/2018,890.75,889.5,877,896,126765,194071,6/19/2018,334.8,334.5,320.3,337,93410,83922,6/20/2018,354,354.25,347.5,357,200174,362167
,6/19/2018,905,889,841.5,905.75,196376,213905,6/18/2018,337.4,335.5,334.5,340.7,46154,95584,6/19/2018,355.75,353.75,338.75,357.75,334335,388407
,6/18/2018,905.5,908.5,897.25,914,139697,229759,6/15/2018,343.6,338.9,335.9,348.1,76064,100260,6/18/2018,359.5,356,354,362,177747,407909
,6/15/2018,926.25,905.5,903,929.75,169719,253111,6/14/2018,347.6,343.2,343.1,348.6,52581,109752,6/15/2018,364.5,361.25,355.25,368.25,297484,422055
,6/14/2018,933.75,927.25,924,937.75,118204,268987,6/13/2018,353.4,347.7,346.5,354.4,68567,115247,6/14/2018,374,363,362.5,374.75,357600,443306
,6/13/2018,954,936,934.25,958.5,188399,279347,6/12/2018,351.6,353.5,351.5,356.6,65719,124860,6/13/2018,377.5,376,373.25,379.75,227652,487860
,6/12/2018,956.5,954,952,963.25,137200,295391,6/11/2018,357.8,351.2,351,359.4,69220,138560,6/12/2018,368,377.5,367.25,379.5,310105,527519
,6/11/2018,966.75,953.75,953.25,972.25,136802,311919,6/8/2018,358.5,357.8,355.8,361.2,71600,146948,6/11/2018,376.5,367.25,366.75,379,294907,566301
,6/8/2018,974.25,969.25,962.5,976.25,132153,329296,6/7/2018,365,358.4,358,365.8,83145,162536,6/8/2018,376.25,377.75,373.5,379,177413,589007
,6/7/2018,995,974.25,973,998.25,173223,338738,6/6/2018,367.8,365,364.8,368.6,56820,170006,6/7/2018,379,376.25,374.25,382,300589,608974
,6/6/2018,1004.5,994.25,993.75,1008.25,90708,344096,6/5/2018,369.6,367.3,367,371.3,56777,178123,6/6/2018,384.25,378.25,378,386.5,227304,671048
,6/5/2018,1002.25,1001.25,997.25,1006.75,127577,348769,6/4/2018,372,368.9,368.6,374.5,57398,188401,6/5/2018,380.75,383.75,380,385.25,212436,690473
,6/4/2018,1013.25,1001.75,1001.25,1014.5,101111,365297,6/1/2018,375.3,374.2,372.1,377.4,43192,195477,6/4/2018,389.75,380.75,380.5,389.75,266554,719201
,6/1/2018,1019.25,1021.25,1015,1026.5,99974,364879,5/31/2018,376.8,375.3,374.2,379.6,42439,202088,6/1/2018,393.75,391.5,390.75,397,172116,722778
,5/31/2018,1023,1018.5,1013.5,1030.75,103115,370034,5/30/2018,380.1,376.9,373,380.2,68902,206711,5/31/2018,393.5,394,393.25,398.5,195810,736393
,5/30/2018,1030.5,1023,1014.75,1031.75,134683,370428,5/29/2018,381.6,380.2,377.6,387.6,63577,212088,5/30/2018,398.25,393.5,390.75,398.5,292996,754315
,5/29/2018,1045.25,1030.5,1028,1049.5,128700,381001,5/25/2018,377.9,380.3,377,381.6,37700,213703,5/29/2018,408.75,400,397.5,410,242706,773970
,5/25/2018,1036.75,1041.5,1035.5,1044,79808,384623,5/24/2018,380.6,377.3,377.2,386.2,50073,215152,5/25/2018,404,406,403.25,406.75,129412,788746
,5/24/2018,1039.75,1035.75,1035.5,1050.75,122485,388628,5/23/2018,377.8,380.7,376.3,383.1,49676,217954,5/24/2018,408.25,404.25,403.75,412.25,236840,785240
,5/23/2018,1030.5,1039.25,1027.75,1039.75,90467,398355,5/22/2018,377.8,377.5,376.2,381.6,45440,219512,5/23/2018,404.5,408.5,403,409,163375,789532
,5/22/2018,1022,1030.5,1020.25,1036,106181,399120,5/21/2018,380.1,379.1,375.6,383.3,44142,222729,5/22/2018,402.25,404.75,401,407,166303,797146
,5/21/2018,1017.5,1025.25,1011.5,1027,147490,406463,5/18/2018,375.1,376.3,375,380.7,40158,227017,5/21/2018,405.5,402.75,401.25,407.5,181093,811230
,5/18/2018,995.75,998.5,992.75,1007.75,122151,411562,5/17/2018,377,375.1,374.3,380.4,46338,227733,5/18/2018,395.25,402.5,395,403.5,181910,810077
,5/17/2018,1001,995,992.5,1007.5,92145,417933,5/16/2018,383,376.6,376.4,383.1,40691,229833,5/17/2018,399,395.25,395,402,147539,812616
,5/16/2018,1017.75,999.75,998.75,1018.5,100892,417946,5/15/2018,386.7,382.3,378.6,390.9,50335,234050,5/16/2018,401.75,399.25,398,404.75,171919,807621
,5/15/2018,1017.25,1018.75,1005.25,1025.25,115400,415891,5/14/2018,387.5,389.8,387.5,389.8,15,61,5/15/2018,396.25,402.25,396,402.5,190991,807576
,5/14/2018,1007.25,1013,1007.25,1013.5,84,68,5/11/2018,390.9,382.7,382.6,390.9,184,74,5/14/2018,388.5,389,387.5,388.75,198,103
,5/11/2018,1008.75,994.75,993.25,1008.75,103,81,5/10/2018,391.8,390.5,388,393.2,98,193,5/11/2018,394,389.75,389.75,394.75,497,335
,5/10/2018,1008,1013.25,1007.25,1018,389,147,5/9/2018,389.1,389.2,386.7,389.4,120,271,5/10/2018,395.5,394.75,393.25,399.75,604,571
,5/9/2018,1011.25,1007.25,1002.25,1011.75,712,444,5/8/2018,387.7,388.7,383.4,389.6,291,367,5/9/2018,396.25,394.75,394,397,911,1126
,5/8/2018,1004.25,1011.25,1002.25,1011.75,784,962,5/7/2018,389.6,384.8,385.3,389.6,622,611,5/8/2018,392.75,395.5,391.25,396,2020,1393
,5/7/2018,1025,1002.25,1001.25,1025,1657,1317,5/4/2018,398.4,394.4,391.8,398.4,1237,1048,5/7/2018,397.25,393.25,393.25,397.5,1964,2091
,5/4/2018,1038.5,1027.25,1027,1039,1314,2028,5/3/2018,398.6,398.4,395.2,400,1097,1807,5/4/2018,399.5,398.75,397.5,400,2089,2680
,5/3/2018,1032.75,1043.25,1024.75,1038.75,3158,2798,5/2/2018,402,400,398.6,404.9,1962,2490,5/3/2018,396,399.5,395,399.5,1317,3603
,5/2/2018,1041.25,1032.75,1029.25,1041.25,5489,3561,5/1/2018,392.1,403,391.6,404.5,1823,3650,5/2/2018,396.25,396,395,397.25,3180,4303
,5/1/2018,1038.75,1042.5,1031.25,1044.5,6794,5751,4/30/2018,394.6,392.1,391,401.6,5176,4110,5/1/2018,393,396.75,391.5,397,7499,5562
,4/30/2018,1046.25,1037.75,1036.5,1056.5,10337,7936,4/27/2018,380.1,393.2,378,394.7,32781,6509,4/30/2018,390.75,392.5,390.5,395.75,19335,7765
,4/27/2018,1028.5,1045,1019,1046.75,64971,13692,4/26/2018,376.2,379.2,375,380.2,43330,16638,4/27/2018,385.25,389.5,385.25,390.5,165578,16515
,4/26/2018,1027.25,1028,1024,1034.5,79917,39697,4/25/2018,372.2,376.2,371.7,380.1,36726,29507,4/26/2018,386,386,384,387,132000,82157
,4/25/2018,1022.25,1027.5,1020.5,1033.25,68707,67011,4/24/2018,372,372.1,369.5,373.5,40314,37114,4/25/2018,381,386.5,380.5,387.25,148787,133648
,4/24/2018,1020.75,1022.25,1016.25,1026.25,90059,88329,4/23/2018,374.1,371.8,370.9,376.7,30986,43399,4/24/2018,378.5,381.25,377,381.5,115021,171429
,4/23/2018,1027.5,1020.75,1017.25,1033.25,72696,106742,4/20/2018,373.3,374.1,370.4,376.3,43606,49114,4/23/2018,376.5,378.5,376.25,379.25,151348,206096
,4/20/2018,1037,1028.75,1027.75,1038.5,74206,124296,4/19/2018,376.5,373.3,372.8,377.9,43438,64225,4/20/2018,381.25,376.5,376.25,381.75,156689,243950
,4/19/2018,1041.75,1037.25,1032.75,1044.75,95799,162814,4/18/2018,381.1,376.6,375.7,382.9,75325,71800,4/19/2018,382.75,382,380.75,383.5,113015,297963
,4/18/2018,1046.25,1041.75,1039,1052.5,94271,191968,4/17/2018,378.4,381.1,377.4,381.7,54259,84783,4/18/2018,380.75,383,380,383.5,142846,319290
,4/17/2018,1043.25,1046,1040,1049.25,81326,205990,4/16/2018,383.3,377.8,377.4,384.3,60561,89691,4/17/2018,383,380.25,379.75,384.5,239865,338032
,4/16/2018,1054.25,1042,1041.5,1058.75,101597,219416,4/13/2018,383.4,382.8,380.2,387.6,41438,97614,4/16/2018,385,382.5,382,386.25,175612,370703
,4/13/2018,1060.25,1054.25,1051.5,1067.25,118735,231827,4/12/2018,380.6,383.4,378.4,384.7,49894,103049,4/13/2018,388.5,386.25,385,389.25,233785,382993
,4/12/2018,1047.75,1060.75,1047.25,1061.75,186951,244173,4/11/2018,384.9,380.2,379.9,387.6,76477,108496,4/12/2018,386.5,388.75,385,389.25,201798,407345
,4/11/2018,1050.75,1047.75,1047.25,1058.75,121591,250898,4/10/2018,390.1,383.9,383.7,391,101871,118399,4/11/2018,389.25,387,385.75,390.5,158051,428833
,4/10/2018,1045.5,1050,1045,1064,171444,260473,4/9/2018,386.8,389.6,385,393.3,87081,139638,4/10/2018,390,389.25,388.5,392.25,272796,452726
,4/9/2018,1038.25,1047,1037.5,1056.75,171846,272347,4/6/2018,379,386.3,375.5,387.3,59888,157611,4/9/2018,389.75,390.75,388.75,392.5,215394,480947
,4/6/2018,1003,1033.75,1003,1037.25,164385,290145,4/5/2018,382,383.6,379,384.9,64763,165339,4/6/2018,382,388.5,382,390,309023,497638
,4/5/2018,1015.5,1031.25,1011.75,1034,219539,296811,4/4/2018,380.5,381.8,363.7,383.8,113399,171738,4/5/2018,382,389.5,380.75,389.5,263910,524291
,4/4/2018,1038.75,1015.25,983.5,1041.75,352462,314977,4/3/2018,378,380,377.3,384,75078,177274,4/4/2018,388,381,372,389,367003,545707
,4/3/2018,1036.25,1038,1035.75,1048.75,135404,324258,4/2/2018,384,377.3,377,389.7,45727,183066,4/3/2018,387,388.5,386.75,392,211498,567092
,4/2/2018,1045.25,1035.5,1035.25,1060.5,108570,335908,3/29/2018,371.8,384,367.8,386.2,69393,185298,4/2/2018,389.25,387.25,387,392.5,207532,581267
,3/29/2018,1019.5,1044.75,1012.5,1050.75,177841,344891,3/28/2018,372.1,371.3,369.5,376.1,47249,188568,3/29/2018,373.75,387.75,373.75,389.25,377913,598409
,3/28/2018,1019.5,1018,1015,1023.25,104492,341978,3/27/2018,376.7,372.4,371.5,378.5,42453,189325,3/28/2018,374.25,373.5,372,375,173538,626251
,3/27/2018,1027,1019.5,1017.25,1031.25,98041,348391,3/26/2018,377.9,375,374.2,385.8,59103,190304,3/27/2018,374,374,372.25,376,134332,646134
,3/26/2018,1026.25,1025.5,1025,1040.25,100548,352099,3/23/2018,367.9,377.9,360.5,379,84270,191205,3/26/2018,378.5,374,373.5,380.75,183534,655498
,3/23/2018,1026.5,1028.25,1009.25,1034.25,164881,354557,3/22/2018,366,368,365,368.9,46876,187954,3/23/2018,376.25,377.25,369.25,378.25,279202,654103
,3/22/2018,1032,1029.75,1022.25,1035.5,99281,365171,3/21/2018,362.5,364.5,361.2,368.8,50555,189026,3/22/2018,375.5,376,374,377.5,161683,668718
,3/21/2018,1029.5,1029.75,1024.75,1037.25,101951,366203,3/20/2018,358,361.7,358,363,49716,194428,3/21/2018,375,375,373.75,375.75,149269,674516
,3/20/2018,1022.25,1028.25,1022.25,1029.75,78890,373569,3/19/2018,372.5,358.6,358.2,372.5,90416,200506,3/20/2018,375.25,374.5,373.25,377,204617,690420
,3/19/2018,1045.25,1022.5,1021.75,1045.5,131023,378894,3/16/2018,372.2,372.9,371.1,374.9,50411,206845,3/19/2018,382,375,374.75,382,245783,700303
,3/16/2018,1042,1049.5,1040.75,1050,78281,384438,3/15/2018,370.7,371,369.8,374.8,51888,210075,3/16/2018,386.25,382.75,382.5,387.5,150929,714171
,3/15/2018,1031,1040.75,1027,1046.25,123213,388620,3/14/2018,376.1,368.3,373.9,376.1,78,129,3/15/2018,388.25,386.75,385.5,390.75,182448,718283
,3/14/2018,1042.25,1028.5,1032.5,1042.75,87,24,3/13/2018,371.8,372.3,369.7,374.4,193,112,3/14/2018,386.5,383.5,384.25,386.5,244,28
,3/13/2018,1035.5,1040.5,1035.5,1043.25,249,62,3/12/2018,372,369.8,369.7,372,221,195,3/13/2018,383.75,385.5,383.5,388.75,2044,187
,3/12/2018,1023,1033.25,1023,1034.25,1590,244,3/9/2018,378.5,371.7,370.5,378.5,227,277,3/12/2018,382.75,384.25,380.5,384.25,1455,1829
,3/9/2018,1049.75,1029.25,1030,1049.75,390,1629,3/8/2018,379.8,380.6,378.4,382.7,218,483,3/9/2018,385,383,382.5,385.25,2981,2686
,3/8/2018,1052.5,1053.75,1047,1057.25,493,1875,3/7/2018,383.4,380.2,379.5,386.2,960,676,3/8/2018,378.5,385.75,378,385.75,2385,4064
,3/7/2018,1058,1055,1054.5,1063,2360,2199,3/6/2018,388.9,384.5,383.3,388.9,930,1116,3/7/2018,378.75,379.25,378.5,380.75,4263,4690
,3/6/2018,1066,1064.5,1060.75,1067,2839,2773,3/5/2018,392.4,389.3,383,392.6,2077,1572,3/6/2018,377.75,379.75,377.25,380.25,2299,5647
,3/5/2018,1063.5,1066.75,1056.75,1068,3045,3395,3/2/2018,393.9,390.2,388.5,399.7,1590,1994,3/5/2018,376.25,378.25,374.75,378.5,8183,6296
,3/2/2018,1057,1060.75,1053.5,1071,5525,4575,3/1/2018,392,394,384.5,394.5,3324,2764,3/2/2018,377.75,377.25,376,380.25,5918,8562
,3/1/2018,1043.75,1057.5,1041,1057.5,7733,6333,2/28/2018,388.5,394.2,387.6,398,5618,3893,3/1/2018,374,378.75,372,379,8646,10279
,2/28/2018,1037.75,1045,1035,1048,14916,8689,2/27/2018,377.5,386.5,376.2,389,37825,7456,2/28/2018,370.5,374.5,369.75,376.75,20800,14594
,2/27/2018,1034,1038,1031.75,1044.25,78531,15767,2/26/2018,377.1,377.2,377,382.8,44211,20167,2/27/2018,368.25,370.5,367.75,371,240115,22046
,2/26/2018,1039.5,1034.25,1034,1047.75,136487,51646,2/23/2018,376.2,375.5,374.8,379.6,36869,34596,2/26/2018,366.5,368.5,366.5,370,318905,105180
,2/23/2018,1031,1036.25,1028,1039.5,147369,84092,2/22/2018,378,376.9,375.1,378.6,32108,52008,2/23/2018,366.25,366.25,365.25,367.75,212345,191247
,2/22/2018,1034,1032,1027.25,1037,108212,125919,2/21/2018,376.7,378,368.7,382.7,41844,62800,2/22/2018,365.5,366.75,364.25,367,229122,277409
,2/21/2018,1027.75,1034.25,1019.25,1038.25,133023,150687,2/20/2018,380,376.5,375.1,385.5,62848,72482,2/21/2018,365.75,365.75,364.25,368.5,266655,324234
,2/20/2018,1031.5,1026.5,1024.5,1039,193966,176734,2/16/2018,373.7,373.3,368.3,379.3,72434,83772,2/20/2018,369,365.5,365.25,370,319315,365149
,2/16/2018,1023.5,1021.5,1012,1028.25,146731,190040,2/15/2018,369.3,373.7,368.8,374.9,61582,93596,2/16/2018,368,367.5,366.5,368.5,185255,402651
,2/15/2018,1016.5,1024.25,1015.5,1024.75,158344,195984,2/14/2018,365.2,369.9,359.8,372.1,73699,98350,2/15/2018,367,367.75,365.5,368.75,193482,433293
,2/14/2018,1011.25,1017.25,1006,1019.5,154450,205167,2/13/2018,359,365.2,357.2,371.6,109375,100914,2/14/2018,366.5,367.25,364.75,368.5,173640,461346
,2/13/2018,1001,1011.75,998.75,1013.5,177145,215486,2/12/2018,349.8,357.8,349.1,358.2,116442,106697,2/13/2018,366.5,366.75,366,368.5,257669,480673
,2/12/2018,995.5,1001.75,989,1004.25,215178,226578,2/9/2018,341.8,343.8,338.1,344.8,102577,122393,2/12/2018,365,367,364.25,367,264077,499812
,2/9/2018,987.5,983,979.75,989.75,164565,238494,2/8/2018,334.7,341.7,334.3,346,111998,128249,2/9/2018,364.75,362,361.5,365.5,254699,529368
,2/8/2018,983.25,987.75,977.75,996,230204,257095,2/7/2018,333.4,335.4,331.6,336.3,77384,136962,2/8/2018,365,365.75,364.5,367.75,341483,558593
,2/7/2018,988.75,983,982,993.75,167291,281676,2/6/2018,326.8,331.7,326.5,333.8,79169,146762,2/7/2018,363.75,365.25,362.5,365.75,478330,620930
,2/6/2018,969.75,986.25,967.75,987.5,179233,297767,2/5/2018,330.2,327,326.2,330.5,56413,151082,2/6/2018,358.75,363.5,356.25,364,236192,695650
,2/5/2018,976.25,969.75,969.5,977.5,128425,308835,2/2/2018,334,331.4,330.7,334.3,48712,152268,2/5/2018,359.5,358.75,357.25,360.75,260346,726127
,2/2/2018,985.75,978.75,977,986.25,100314,317403,2/1/2018,337.8,334,330.7,337.9,66163,152750,2/2/2018,361,361.5,359.5,362.5,198988,726127
,2/1/2018,995.25,985,977.5,995.5,159220,321484,1/31/2018,340.8,337.8,335,342,62188,154112,2/1/2018,360.75,361.75,358.5,362,254881,738911
,1/31/2018,1000,995.75,989,1002,165828,322889,1/30/2018,338.2,340.5,334.8,342.8,73573,154031,1/31/2018,361.5,361.5,359.5,362,180487,747339
,1/30/2018,994.5,1000.25,988.25,1004.75,169083,333628,1/29/2018,337,337.4,336.1,341.6,74020,155202,1/30/2018,359.5,361.5,359,362.25,223192,771463
,1/29/2018,992.25,991.5,986.25,998.75,143395,337345,1/26/2018,340.4,335.7,334,341.8,72613,158686,1/29/2018,356.75,358.75,356.75,359.25,179933,783132
,1/26/2018,990.25,985.5,983.75,995.5,110339,341018,1/25/2018,342,340.4,336.8,348.5,109283,166489,1/26/2018,355,356.5,354.5,357,140790,785436
,1/25/2018,992,992.25,987,1002,154146,345402,1/24/2018,339.4,342,335.9,343.4,84585,166589,1/25/2018,356,355.25,354.5,358,223613,789240
,1/24/2018,985.75,992.25,980.25,994.75,139169,351722,1/23/2018,337.7,339.6,334.3,340,89159,168460,1/24/2018,351.25,356.5,349.75,357,326298,797094
,1/23/2018,983,986.25,979.5,988.75,107959,356380,1/22/2018,333.3,338.6,333.2,338.9,75566,166020,1/23/2018,351.75,351.25,349.5,352,204570,809734
,1/22/2018,980.5,984.25,980,987.25,124262,359882,1/19/2018,328.3,331.6,328,334.4,67104,165133,1/22/2018,353.5,352,351.25,354.5,177588,811625
,1/19/2018,972.5,977.25,972,982.75,105770,359294,1/18/2018,324.5,328.4,323.6,328.9,55892,166067,1/19/2018,351.5,352.5,351.25,354,145953,806025
,1/18/2018,968.75,973,966.5,974.75,74574,363811,1/17/2018,321.5,324.3,320.3,324.6,46775,169190,1/18/2018,352.5,351.5,350.5,354,186650,805773
,1/17/2018,966.25,968.75,961.25,969.25,91701,362569,1/16/2018,318,322.8,317.8,323,51937,172753,1/17/2018,348.5,353,348.25,353.25,236713,819147
,1/16/2018,965,968,963.25,970,97797,356768,1/12/2018,309.6,309.8,308,309.9,88,45,1/16/2018,347.25,348.25,346,349.25,179429,828153
,1/12/2018,940.25,944,937.25,943.75,172,177,1/11/2018,313.4,309.6,309.4,314.3,238,61,1/12/2018,348.75,346.25,345.5,350,216386,827127
,1/11/2018,946,940.5,940,948.25,204,112,1/10/2018,313,312.9,312.1,313.1,219,123,1/11/2018,349,348.75,348,350.5,159177,823433
,1/10/2018,953.25,947,944.5,954,574,363,1/9/2018,317.7,314.5,313.8,317.7,433,336,1/10/2018,348.75,349,348,350,145554,826766
,1/9/2018,958.75,955.75,953.5,959.25,580,622,1/8/2018,316.8,317.5,315.5,318.1,889,570,1/9/2018,347.5,349,347.25,350,150408,829986
,1/8/2018,960.75,958.25,951.5,962.25,988,920,1/5/2018,315.9,317.9,315.8,318.9,1317,1014,1/8/2018,350.75,347.25,346.75,351.5,274879,837252
,1/5/2018,960,961.5,960,966.5,1278,1474,1/4/2018,314.1,315.8,311.4,316.1,2517,1370,1/5/2018,350.75,351.25,350.25,352.25,143914,814945
,1/4/2018,959.25,959.25,950.25,960,2133,1776,1/3/2018,314.2,314.4,313,314.8,2014,1849,1/4/2018,353,351,350.25,353.5,179965,815487
,1/3/2018,956.25,959.75,955,960.5,2582,3535,1/2/2018,313.6,313.5,311.9,315.1,2293,2301,1/3/2018,353,353,352.25,354.75,138593,821693
,1/2/2018,956.5,955,949.25,960,2900,5165,12/29/2017,311.7,312.6,311.5,314.2,6056,2633,1/2/2018,351.25,353.25,350.5,354,150143,825820
,12/29/2017,945,951.75,944.25,953.25,11423,6799,12/28/2017,313.9,311.8,311.6,314.5,31056,4773,12/29/2017,351.25,350.75,350.25,351.5,100183,830917
,12/28/2017,955,945.75,943.25,955.75,68163,11690,12/27/2017,315.2,314.2,311.2,318,38738,13307,12/28/2017,353,352,350,353.5,102485,828944
,12/27/2017,958.75,955.5,953.5,964.75,79032,38487,12/26/2017,313.7,315.2,313.7,317.2,25430,24241,12/27/2017,352,353.75,351.75,354.25,93748,832084
,12/26/2017,952.25,959.25,952.25,963,57390,65526,12/22/2017,314.3,312.8,312.7,315.3,30486,40103,12/26/2017,352,352.75,351,353.25,65864,842273
,12/22/2017,948,949.5,946.5,952,68145,111431,12/21/2017,315.7,314.2,313.8,316.9,35343,40103,12/22/2017,350.75,352,350.5,352.5,67471,852862
,12/21/2017,953.5,948.75,947.5,956.75,111244,111431,12/20/2017,315.3,315.7,314.5,317.4,45133,46620,12/21/2017,349,351.25,348.5,351.75,110469,852862
,12/20/2017,955.75,954,952.75,960,133019,132902,12/19/2017,318.5,315.2,315.1,319.3,54153,53050,12/20/2017,347.5,349.25,347.25,349.75,110058,858696
,12/19/2017,962.25,956,955,964,104929,147620,12/18/2017,321.1,318.5,316.5,322.4,57475,62688,12/19/2017,346.75,347.5,346.5,348.75,82265,857745
,12/18/2017,970.5,961.5,957.25,970.5,114985,164296,12/15/2017,321.3,320.6,320.4,323,49212,66388,12/18/2017,347.25,347,346.5,348.75,97579,851960
,12/15/2017,968,967.25,964,972.25,119812,168749,12/14/2017,324.1,321.2,321.1,324.1,189,92,12/15/2017,348.75,347.5,346.5,350.75,133622,849650
,12/14/2017,979.5,967.75,966.5,981,125196,183548,12/13/2017,322.9,325.1,322.4,325.5,992,228,12/14/2017,337,336.25,336.25,338,151,142
,12/13/2017,976,979.25,976,981.5,106371,187926,12/12/2017,326.3,322.9,322.3,326.3,676,485,12/13/2017,337.25,336.75,336.5,337.5,360,170
,12/12/2017,981.75,975.75,975,986.25,161910,202172,12/11/2017,326,326,325.9,327.7,1030,624,12/12/2017,336.5,335.75,335.25,340.75,850,503
,12/11/2017,989,982.5,981.5,989,139320,218831,12/8/2017,333.5,330,328.9,335.1,1487,898,12/11/2017,340,336.5,336,340,1064,884
,12/8/2017,991.75,989.75,986,996.5,129075,244410,12/7/2017,340.9,333.5,333.3,340.9,1271,1196,12/8/2017,338.5,340,338.5,341.25,1283,1206
,12/7/2017,1003.5,992,988.25,1006.5,162921,255045,12/6/2017,341.1,340.4,334.8,346.1,2650,1595,12/7/2017,339,338.75,337.5,340,2891,1954
,12/6/2017,1008,1002.75,995,1014.25,194108,271116,12/5/2017,335,341.3,334.1,342.7,2895,2364,12/6/2017,339,339.25,337.75,341.5,5515,3179
,12/5/2017,998.5,1008.5,997.5,1015,157924,286011,12/4/2017,329,335.4,328.7,337.6,4409,2856,12/5/2017,339.75,339.75,338.5,343,7536,4785
,12/4/2017,998.25,998.5,996.75,1008.5,165467,283554,12/1/2017,324,328.2,323.5,328.4,4612,3642,12/4/2017,344.75,339.5,338.75,346,9370,5598
,12/1/2017,985.75,994.25,985.5,995.75,136840,291354,11/30/2017,325.2,324.5,320.5,328.1,6206,5048,12/1/2017,341.75,344.75,341,345.25,10232,7367
,11/30/2017,992.75,985.75,985,993,121206,299994,11/29/2017,324,325,322.9,327,29400,7712,11/30/2017,339.25,341.75,337.5,343,26041,9538
,11/29/2017,993.25,992.5,989.25,996.5,84307,302215,11/28/2017,327.2,323.5,322.3,327.2,46324,13580,11/29/2017,335.75,339,335.5,340,234591,20320
,11/28/2017,996,993,987.5,996,96755,302409,11/27/2017,323.9,327.1,322.9,329.8,46462,21774,11/28/2017,339,336.25,335.75,339.5,183164,114110
,11/27/2017,993.75,996,990.5,1001.5,133815,310026,11/24/2017,323.6,323.8,323.1,327,37797,30645,11/27/2017,342.5,338.75,338.5,342.5,281557,183242
,11/24/2017,995,993.25,991,999.75,60329,310649,11/22/2017,318.4,324.4,317.8,325.3,59925,45891,11/24/2017,344.25,342.25,339.75,345.75,163454,249928
,11/22/2017,988.5,997.25,987.5,999.5,116670,312715,11/21/2017,319.8,318.3,317,320,40843,52185,11/22/2017,344.25,345.25,344,347,184444,324101
,11/21/2017,990,989,986.25,991.25,75304,318586,11/20/2017,318.6,319.8,315.3,320.3,52250,57071,11/21/2017,344,345,342.75,345.75,257461,365980
,11/20/2017,990,990,983,992,95756,317813,11/17/2017,310.7,318.2,310.2,318.9,71355,63897,11/20/2017,342.5,345,341.5,345.25,289331,423068
,11/17/2017,972.75,990.5,971.5,992,124540,319186,11/16/2017,311.8,310.5,310,312.9,36690,72674,11/17/2017,336.5,343,336.5,343.5,352932,466868
,11/16/2017,976.5,972,970.25,978.25,90050,327103,11/15/2017,310.6,311.3,310.1,313.3,47624,76592,11/16/2017,338.25,336.5,336.25,339,186656,522895
,11/15/2017,969,976.25,968,978,98303,323185,11/14/2017,311.6,310.3,309.6,312.5,52484,79496,11/15/2017,337.25,338.25,337,339,217010,540579
,11/14/2017,966,959,958.5,967.25,546,157,11/13/2017,314.5,311.3,311.1,316.5,51553,84487,11/14/2017,342,337.5,337.25,342.25,220983,568664
,11/13/2017,977.25,963.5,963.25,978,1164,551,11/10/2017,312.3,314.5,311.6,315.3,41046,91804,11/13/2017,343.5,342.25,341.5,344,289722,577104
,11/10/2017,976.75,977.25,974.5,981.25,1163,1088,11/9/2017,315.2,311.8,311.4,321.9,85255,97140,11/10/2017,341.75,343.5,341,344,349164,603364
,11/9/2017,988,975.25,974,994.5,3173,1666,11/8/2017,315.7,315.2,314.2,316.5,35475,103081,11/9/2017,347.5,341.5,340.75,349.75,475087,644716
,11/8/2017,985.25,988,984.25,988.75,3182,2541,11/7/2017,316.7,315.5,315,317.4,47902,105922,11/8/2017,347.5,348.25,345.75,349,219586,671502
,11/7/2017,986,986,981.75,988.25,3775,3163,11/6/2017,314.3,316.1,313.7,316.8,47743,116111,11/7/2017,347.75,347.75,346.25,348.25,297238,696704
,11/6/2017,977.25,984,975.25,985.5,2450,3798,11/3/2017,317.1,313.9,312.7,317.4,42102,119690,11/6/2017,348.5,348,347.75,350.25,204475,732486
,11/3/2017,988.25,977,976,988.5,5268,4451,11/2/2017,313.5,317.4,313.3,317.8,40548,121430,11/3/2017,350.25,348.25,347.5,351,200476,761359
,11/2/2017,979.5,989,979.5,989.5,9600,5994,11/1/2017,312,313.6,310.8,314.8,50946,125179,11/2/2017,347.75,350.5,347.5,352,162576,755873
,11/1/2017,974.5,981,973.75,984.5,12626,9125,10/31/2017,312.5,311.8,311.2,314.2,51443,124106,11/1/2017,345.75,348.25,345.25,349.25,213757,770705
,10/31/2017,972.75,973.75,971,977.5,22828,11617,10/30/2017,312.1,312.3,312,314.4,44351,130843,10/31/2017,348,345.75,345.5,348.75,174825,772202
,10/30/2017,975.25,972.75,971.25,981.5,129929,17783,10/27/2017,312.1,312.1,311.5,313.5,44657,133089,10/30/2017,348.5,348.75,347.25,349.75,122255,759768
,10/27/2017,971,975.25,969.75,976.5,176451,53851,10/26/2017,315.4,312.1,311.8,316,50848,134290,10/27/2017,350.25,348.75,347.5,350.25,171571,761069
,10/26/2017,975.5,971.25,970.25,978.75,147355,127750,10/25/2017,314.8,315.4,314.3,317.8,48978,136498,10/26/2017,350.75,350.5,349.5,352,148533,761979
,10/25/2017,975.75,975.5,975.25,983.25,165668,166031,10/24/2017,315.7,314.2,312.7,317,50485,138481,10/25/2017,352.5,351,350.5,355.25,200921,764330
,10/24/2017,980,975.5,972.75,983,136868,189070,10/23/2017,316.5,315.9,315,317.9,43599,142733,10/24/2017,351,352.75,349.5,353,214405,773983
,10/23/2017,977,980.75,975,982.75,170989,200021,10/20/2017,321.4,317.1,316.8,322.3,60269,144933,10/23/2017,344.25,351.25,343,351.75,256748,781502
,10/20/2017,985.25,978.75,978,994.25,180890,219793,10/19/2017,321.6,321.4,321,323.5,40760,146493,10/20/2017,349,344.5,344.25,350,192805,792898
,10/19/2017,983.75,986.5,983,989,141515,230088,10/18/2017,321.6,321.8,320.3,322.9,33104,147451,10/19/2017,348.75,349,348.5,351.5,128707,780422
,10/18/2017,984.75,984.25,981.75,988.5,110266,241246,10/17/2017,324,321.6,321.2,324,41593,149116,10/18/2017,350.25,348.5,347.75,350.5,132775,778466
,10/17/2017,990,984.75,982.5,990.5,134302,244546,10/16/2017,327.7,324.5,324.1,328.1,43793,149921,10/17/2017,350.25,350,348.5,351.75,137777,777081
,10/16/2017,998,991,990.25,999,165302,250745,10/13/2017,,324.5,322.6,323.8,,,10/16/2017,352.75,350.5,349.75,353.25,142217,778885
,10/13/2017,991,1000.25,990.25,1003.25,225131,260895,10/12/2017,311.7,322.7,310.5,324.2,321,66,10/13/2017,348.5,352.75,348.25,353.5,155337,784307
,10/12/2017,965,992,959,997.75,293877,270019,10/11/2017,312.2,311.2,311.5,312.6,218,307,10/12/2017,346,349,342.5,354,332718,791704
,10/11/2017,965.5,965.25,963.5,967.5,152000,280223,10/10/2017,315.1,312.5,312,315.3,304,409,10/11/2017,348.75,346,345.5,349,164712,795006
,10/10/2017,966.25,966,964.25,975.75,136485,295381,10/9/2017,313.7,311.5,311.4,316.2,625,654,10/10/2017,349,349.25,348.25,351.25,113927,789373
,10/9/2017,974.5,966.75,965.25,977,137150,302004,10/6/2017,311.8,315,311.7,315.5,462,982,10/9/2017,350.5,349.5,348,351.75,111794,792226
,10/6/2017,968,972.25,963.5,973.75,119722,309792,10/5/2017,306.9,312.9,306.9,313.4,948,1226,10/6/2017,349.25,350,348.5,351,140440,798350
,10/5/2017,958.25,968.25,957.75,971,149317,319637,10/4/2017,308.4,306.9,305.8,308.9,1257,1328,10/5/2017,348.25,349.5,347.5,351.25,112667,808037
,10/4/2017,955.25,958.25,952.75,961.75,95416,328024,10/3/2017,307.9,307.3,307.4,310.4,1858,1984,10/4/2017,349.25,348.25,346,349.5,168210,811347
,10/3/2017,956.75,955.25,952.5,961.25,94821,330242,10/2/2017,310.6,309.1,308,312.1,3099,2522,10/3/2017,351.5,349.5,348.75,351.5,191401,808649
,10/2/2017,967.5,957.25,956.25,968,114376,335738,9/29/2017,307,311.5,305.2,312.9,6518,3335,10/2/2017,354.75,351.5,351,356.25,187887,802632
,9/29/2017,959.25,968.25,955.25,976,171916,335322,9/28/2017,308.6,306.8,306.4,309.9,27896,5572,9/29/2017,352.25,355.25,350,358,241959,801954
,9/28/2017,965.25,959.5,957.5,966,108641,335786,9/27/2017,308.6,308.8,306.5,309.4,29292,9844,9/28/2017,353.25,352.5,350.5,353.75,134798,792061
,9/27/2017,963.5,965.5,958,968.5,113888,335946,9/26/2017,310.2,308.8,306,311.1,28414,16676,9/27/2017,352,354,348.5,354.5,186064,792494
,9/26/2017,971.25,963.5,962.5,974.25,146295,341732,9/25/2017,315,310.1,309.7,315.3,28864,22651,9/26/2017,352.75,352.25,351.5,355.5,176191,800544
,9/25/2017,983.5,971.25,971,985.75,128038,346131,9/22/2017,308.8,315,308.5,317,29198,28561,9/25/2017,352.75,353.75,351.25,355,109525,807268
,9/22/2017,970,984.25,969,987,170900,357084,9/21/2017,305.9,309,305.2,309.3,13028,31817,9/22/2017,349.75,353.5,349.5,356.25,138975,808988
,9/21/2017,969.5,970.75,963,973,115371,355613,9/20/2017,305,306.3,304.5,308.4,16647,33474,9/21/2017,349.5,350.25,348.5,351.25,93436,810779
,9/20/2017,966,970,964.75,974,88348,359842,9/19/2017,309,305,303.7,310,15824,35334,9/20/2017,348,350,347.25,351.5,112067,806730
,9/19/2017,968.5,965.5,958.5,971.75,111414,354326,9/18/2017,307.3,309,307.1,312.6,14099,37668,9/19/2017,351,348.25,346.5,353.25,159676,806172
,9/18/2017,966.25,967.75,966,976.5,102033,359365,9/15/2017,309.3,308,306.4,310.1,20279,37804,9/18/2017,353.25,351.5,350.5,355.5,113073,799619
,9/15/2017,975.5,968.75,967.25,977.75,109445,361826,9/14/2017,306.7,308.7,306.7,307.6,389,56,9/15/2017,353.5,354.75,352.5,355.5,117683,798869
,9/14/2017,967.5,967.25,967.5,969,24,30,9/13/2017,296.9,300.3,296.9,300.2,222,115,9/14/2017,343.25,341.75,341.25,343.25,48,59
,9/13/2017,949,953,944,953,18,35,9/12/2017,299.3,295.1,292.8,299.3,287,135,9/13/2017,339.5,338.5,339.25,344.25,246,107
,9/12/2017,955.25,944.25,937.5,955.5,52,36,9/11/2017,300.5,298.9,298.6,300.8,675,226,9/12/2017,346,340,336,346,447,592
,9/11/2017,955,954.75,952,955.5,51,59,9/8/2017,302.4,300.9,301,304.2,895,531,9/11/2017,345.25,345.5,342.75,346.5,754,803
,9/8/2017,966.75,956.5,956.25,968,152,105,9/7/2017,304,302.4,302.2,304.7,1691,1007,9/8/2017,342.25,344.25,342.25,345.5,775,1157
,9/7/2017,963,963.25,959.25,970,330,258,9/6/2017,301.4,303.6,301.1,305.4,1895,1874,9/7/2017,346.75,341.75,341.75,346.75,1746,1624
,9/6/2017,960.5,964.5,960,969.75,910,495,9/5/2017,294.7,302.8,294.7,303.1,3968,2321,9/6/2017,343.75,347,342,347.25,2893,2316
,9/5/2017,945,960.5,945,965,1399,954,9/1/2017,294.3,293.2,292.9,296.7,3136,3109,9/5/2017,343.25,344.25,341.25,345.75,4612,2981
,9/1/2017,937.25,942,935.5,943.25,1686,1732,8/31/2017,292.7,294.3,291.9,295.5,5277,3847,9/1/2017,341.5,340,338,345.5,7809,4697
,8/31/2017,923.5,936.25,923.5,939.75,4217,2845,8/30/2017,294.6,292.4,291.8,295.3,27892,4707,8/31/2017,329.25,342.25,328.5,342.75,14612,6780
,8/30/2017,929.75,923,921.75,934,20326,4660,8/29/2017,295.1,294.6,294.2,296.7,34952,11626,8/30/2017,333,329.5,329,334,159952,12742
,8/29/2017,934.5,930.75,929.5,937.25,18217,12467,8/28/2017,296.2,295.5,294.7,298.4,28692,24065,8/29/2017,335.5,333.5,332,336,130105,79003
,8/28/2017,936,935.25,932.5,944,21286,20521,8/25/2017,296.9,296.4,296.2,299.2,16403,29882,8/28/2017,338.75,336,335.5,340.25,113739,130442
,8/25/2017,939.5,939,937.25,941.75,21628,26440,8/24/2017,293,297.6,292.6,298.5,23256,33595,8/25/2017,342,338.75,338,342.75,124314,157225
,8/24/2017,934,941.25,932.25,942.75,21364,55751,8/23/2017,295,293.3,292,296,15748,36222,8/24/2017,341.5,342,340.25,342.75,107368,217180
,8/23/2017,940.25,935,929,943.25,22119,58869,8/22/2017,295.7,295.3,294.6,298,16282,37774,8/23/2017,346.25,342,341.5,348.75,87530,242388
,8/22/2017,931.25,933.75,927.75,938.5,17264,61036,8/21/2017,296.2,295.8,294.8,296.8,14485,40045,8/22/2017,349,346,346,351,119934,248121
,8/21/2017,935.25,932.5,930.25,936,14643,62626,8/18/2017,296.2,297.2,294.6,297.6,15635,41572,8/21/2017,350.5,349,346.5,350.75,97326,263000
,8/18/2017,929.75,937.5,927.75,939,21323,62219,8/17/2017,295.1,296.1,294.5,298.5,14763,43213,8/18/2017,350,352,349.75,352.5,132653,276267
,8/17/2017,924,930.25,922,931.75,19581,66849,8/16/2017,295.6,294.6,294.1,296.3,17503,44317,8/17/2017,352.5,350.5,349.5,353.75,84675,285395
,8/16/2017,921.25,921.75,917.25,925.25,17676,67291,8/15/2017,298.7,295.8,295.2,299.3,15756,46510,8/16/2017,355,352.5,349.25,356.75,159752,292959
,8/15/2017,932.75,921.75,920.25,934.25,27865,66685,8/14/2017,295.8,296.3,295.6,295.9,50,62,8/15/2017,361,355.25,354,361,112629,300011
,8/14/2017,926.5,925.5,925,926.5,31,19,8/11/2017,295,298.1,294.7,298.5,511,158,8/14/2017,358.75,362.75,356,363,95281,307408
,8/11/2017,934,935.5,931.25,935.75,109,99,8/10/2017,305.9,294.2,294.6,308.8,863,361,8/11/2017,358.75,360.75,357.25,361.5,130807,322797
,8/10/2017,963.75,930.75,934,974.75,60,137,8/9/2017,308,306.6,305.8,308.2,731,598,8/10/2017,371.75,357.25,356.5,375.5,316364,339848
,8/9/2017,964,963,958,965.25,190,198,8/8/2017,310,307.8,308,310.5,898,824,8/9/2017,369,372.25,368.75,372.5,182886,359909
,8/8/2017,967,963,962.5,967.5,480,399,8/7/2017,305.4,308,305.4,309.2,1041,1120,8/8/2017,372.5,369.75,368.25,374.25,185789,400254
,8/7/2017,956,959.75,952.5,960.5,755,633,8/4/2017,306,303.5,303.4,306.7,1556,1169,8/7/2017,368.75,372.25,368.25,372.5,150029,440436
,8/4/2017,948,949.25,948,954,2095,910,8/3/2017,307.5,306.3,304.6,307.5,2632,1663,8/4/2017,363.5,366.5,363.25,368,101335,478425
,8/3/2017,965.5,950.5,945.5,965.5,1734,1319,8/2/2017,308.4,309,307.5,310.6,3612,2365,8/3/2017,365,363.5,361.25,367.25,156604,502098
,8/2/2017,960.75,966.5,960,968.25,3217,2025,8/1/2017,315.5,308.3,307.9,315.5,3400,3021,8/2/2017,364.5,365,363.75,367.25,93630,507134
,8/1/2017,985.25,959.5,958.25,986.75,6446,3070,7/31/2017,317.3,318.6,314.9,319.4,7311,4235,8/1/2017,369.25,362.5,366,371.5,108461,519549
,7/31/2017,991.5,994.5,982.25,996.5,13530,4819,7/28/2017,321.9,321,320.7,324.9,25280,6395,7/31/2017,371,370.75,367.5,372.25,81956,516883
,7/28/2017,992.75,1000.75,989.75,1007.5,36039,8500,7/27/2017,320,322.3,318.8,323.9,23509,11877,7/28/2017,373.75,374.25,373,377,71011,518365
,7/27/2017,991.75,994.75,987.5,1000.75,47804,18145,7/26/2017,317.9,319.8,314.4,321.3,23355,16834,7/27/2017,374,374.25,373,377.25,77171,516908
,7/26/2017,980,988.75,973.25,991,39673,32081,7/25/2017,329.7,318.3,318,334.1,29409,21043,7/26/2017,368.5,372.75,366,373.25,102552,521817
,7/25/2017,1012,981.5,981,1022.75,60667,39430,7/24/2017,326.4,325.9,321.8,326.5,28425,25567,7/25/2017,382,368.75,368.5,383.75,123047,526274
,7/24/2017,1000.25,997.5,985.75,1000.5,48981,49695,7/21/2017,330.6,329.7,326.7,331.1,15436,30969,7/24/2017,375.5,377.25,371,377.5,124948,527612
,7/21/2017,1011.25,1009,1001.75,1013.25,43742,59857,7/20/2017,326.6,330.5,324.8,332.5,17410,34458,7/21/2017,390.5,379.75,378.5,391,147014,563573
,7/20/2017,999,1013.25,995,1017.25,38660,76919,7/19/2017,324.1,326.6,321.8,327.6,18581,35274,7/20/2017,382.5,391,380.5,393.25,139461,545663
,7/19/2017,990.25,999.75,984.5,1004.75,35118,82653,7/18/2017,326.7,323.5,321.9,328,25595,36864,7/19/2017,376.5,382.5,374.25,389,139735,556082
,7/18/2017,997.25,989.5,985.75,1004.25,36919,88365,7/17/2017,323.7,321.8,319.8,324.8,17751,38170,7/18/2017,380.75,377,375.25,388.75,154626,566930
,7/17/2017,989,985,981.75,995,30306,91625,7/14/2017,319.7,322.3,319.5,322.2,38,25,7/17/2017,375.75,375,370.5,378.75,113702,563376
,7/14/2017,978,985.25,978,987,60,40,7/13/2017,329.3,316.8,318.2,329.4,274,49,7/14/2017,369,365.25,369,369,132,147
,7/13/2017,997,972.5,980,997,289,182,7/12/2017,334.8,334.4,330,337.5,2354,254,7/13/2017,376.25,361,360,376.25,501,252
,7/12/2017,1023,1016.75,1010.75,1024.25,382,185,7/11/2017,338.8,336.8,331.5,338.8,483,431,7/12/2017,390.5,376.25,376,391.25,898,396
,7/11/2017,1027.75,1025.25,1010.5,1027.75,647,428,7/10/2017,336.9,336.4,334.3,337.7,1485,742,7/11/2017,393.25,392.25,387,394.5,1711,982
,7/10/2017,1001,1020.25,1001,1024.5,1019,670,7/7/2017,321,328.5,321,327.8,1531,1274,7/10/2017,387.75,391.75,387.75,392.25,1412,1313
,7/7/2017,979,996,979,997.5,1409,1198,7/6/2017,317.5,320,314.9,320,1496,1680,7/7/2017,379,382.25,378.25,386.75,2865,1762
,7/6/2017,979,980.75,970,982,2199,1971,7/5/2017,314.7,316.5,313.2,318.3,2466,2428,7/6/2017,380,380.25,374.75,381.25,4898,2645
,7/5/2017,971.75,976.25,964,981,4435,2471,7/3/2017,307.6,311.9,307.6,315.9,2216,3397,7/5/2017,379.5,381.75,374.75,383.25,7599,4096
,7/3/2017,949.5,964.75,949.5,976,4575,3184,6/30/2017,294.6,304.4,293.8,307,6993,3998,7/3/2017,373.25,378,373,385.25,10730,5771
,6/30/2017,915,942.25,912.25,945.5,12776,4198,6/29/2017,294.8,294.4,294,298.4,36322,6231,6/30/2017,360,370.5,359.5,372.5,24409,8346
,6/29/2017,914.25,915.5,914.25,927.75,66183,7878,6/28/2017,294.1,294.6,294,295.7,49090,15754,6/29/2017,356.75,359.75,356.25,362.25,169166,15308
,6/28/2017,910.5,914,910.5,917.5,106115,27541,6/27/2017,294.2,294,293.5,296.2,48312,30824,6/28/2017,359.5,356.75,356.75,360.5,219540,68261
,6/27/2017,909,911.25,909,918,89490,58613,6/26/2017,293.2,294.1,292.4,295.8,47211,42801,6/27/2017,361.25,359.25,359.25,364.25,208879,121651
,6/26/2017,904,906.75,903.75,912.25,83976,82549,6/23/2017,294.9,293.6,292,295.7,63304,54923,6/26/2017,358.5,359,357.25,361.75,212562,179907
,6/23/2017,906.5,904.5,900.25,909,142320,105147,6/22/2017,298,293.8,293.3,298.5,69582,78286,6/23/2017,362.75,357.75,356.5,364.75,250374,229216
,6/22/2017,919.25,904,903,920.5,137676,181007,6/21/2017,301,297.9,297.4,302.5,53728,89102,6/22/2017,368.75,362.75,362.5,369.25,178704,304177
,6/21/2017,928,918.75,917,932.5,116464,192733,6/20/2017,301.1,300.9,299.5,302.4,44935,94355,6/21/2017,369.5,368.75,368.25,373.5,164652,318252
,6/20/2017,937.25,927.75,926,940.75,116399,204580,6/19/2017,299.7,301.5,298.9,304.3,43853,103961,6/20/2017,376.25,370,369.25,377.5,203110,340388
,6/19/2017,936.5,937.75,933.75,947.5,95604,210816,6/16/2017,301.2,300.9,299.4,303.4,45567,110020,6/19/2017,378.25,375.25,375.25,381.5,237056,357847
,6/16/2017,935.75,939,932,942.25,95007,219667,6/15/2017,301.6,300.6,298.6,302.6,54338,113694,6/16/2017,378.75,384,377,384.5,206387,382743
,6/15/2017,931.75,934.75,925.5,938.5,105034,233727,6/14/2017,301.2,301.8,301.2,304.2,38050,121697,6/15/2017,376.75,379.5,370,382,266276,406465
,6/14/2017,932,931.75,931,939,88734,242727,6/13/2017,302.9,301.5,301.3,306.4,61424,129154,6/14/2017,381,377,376.75,385,199409,437817
,6/13/2017,933.75,932.5,931.75,941.5,122202,248150,6/12/2017,305.5,301.8,301.1,305.9,66937,135735,6/13/2017,379.25,381,377.5,383.75,247971,452077
,6/12/2017,942,931.25,930.25,943.25,115351,259877,6/9/2017,305.9,305.9,303.5,309.2,79373,143073,6/12/2017,386,377.25,376.25,387.25,371345,477069
,6/9/2017,937,941.5,932.75,944,136983,272576,6/8/2017,304.9,306.1,304.9,309.8,70991,154433,6/9/2017,384.25,387.75,380.75,389.5,268361,513842
,6/8/2017,931,938,930.75,944.75,137587,291154,6/7/2017,301.4,304.9,301.4,306.8,64215,168562,6/8/2017,385,385.75,384.25,391.75,398378,547989
,6/7/2017,924.5,930.75,924.5,934.5,143611,311396,6/6/2017,300.4,301.1,300.3,305.4,57651,182815,6/7/2017,378.25,384.75,378.25,387,523849,580420
,6/6/2017,921,923.5,920,934.25,122797,341160,6/5/2017,302.6,300.6,300.2,304.4,45987,189441,6/6/2017,372,377.25,371.25,379.75,255149,637875
,6/5/2017,924.5,922,917.75,926.5,98539,350322,6/2/2017,297.4,301.9,296.7,303.3,47273,195602,6/5/2017,373.75,373,372,375.5,196484,641997
,6/2/2017,912.25,921.25,910.75,924,86248,359425,6/1/2017,298.1,297.5,297.1,299.6,38406,199410,6/2/2017,370.5,372.75,369.5,374.75,131232,665083
,6/1/2017,916,912.25,911.5,920.75,78635,362528,5/31/2017,298.4,298.1,296.6,299.8,54480,199280,6/1/2017,371.5,370.5,367.5,373.75,177074,675785
,5/31/2017,915.25,916,909.5,920.5,130785,360047,5/30/2017,302,297.6,297.3,302.8,64520,201323,5/31/2017,370.25,372,369,376.5,263402,684554
,5/30/2017,926,912.75,910.5,928.5,134220,363226,5/26/2017,304.5,301.8,301.3,305.1,44107,200620,5/30/2017,373.5,367,366.25,373.75,208777,699581
,5/26/2017,939.5,926.5,925.25,941,107952,363545,5/25/2017,306.3,304.7,304.5,307.5,42019,200375,5/26/2017,369.25,374.25,368.75,374.75,130479,696337
,5/25/2017,947.75,939.5,938.25,952.25,94347,367789,5/24/2017,306.4,306.4,305.4,307.8,37678,200574,5/25/2017,371,369.25,368.75,373,110606,716797
,5/24/2017,948.5,948.25,943,952,90335,361286,5/23/2017,307.5,306.3,306,308.9,52105,200871,5/24/2017,370,371.25,368.75,371.5,108549,716807
,5/23/2017,956.25,948.25,947,959.25,91457,360987,5/22/2017,307,307.8,307,309.2,40890,199714,5/23/2017,374.75,369.5,369,375.75,178136,719678
,5/22/2017,953,956.5,953,961,82508,364172,5/19/2017,307.3,307,306.9,310.8,54601,199957,5/22/2017,372.75,375,371.75,377.5,170819,718167
,5/19/2017,945.5,953,944.5,956.25,101723,365378,5/18/2017,315.3,307.5,307.1,315.3,98053,196429,5/19/2017,366,372.5,366,373,201665,722361
,5/18/2017,972.5,944.75,942.75,972.5,250660,360814,5/17/2017,317,315.3,314.4,317.9,41783,194129,5/18/2017,371.5,366,364.25,371.5,194694,738461
,5/17/2017,975.5,975.75,973.5,980.5,81966,356080,5/16/2017,312.5,317,311.6,317.5,48071,195741,5/17/2017,367,371.5,366.25,372.25,140847,725209
,5/16/2017,964.75,976.25,964,977.25,94232,357703,5/15/2017,313.5,312.5,312.3,316.8,45572,199144,5/16/2017,367.25,367.75,365.25,368.75,115028,735987
,5/15/2017,962.5,965.25,962,973,77844,357803,5/12/2017,,309.7,310.8,,69,19,5/15/2017,370.5,367.75,367.25,371.75,116961,731454
,5/12/2017,953.5,954,953.5,953.5,113,91,5/11/2017,314.5,311.1,310.2,314.5,386,77,5/12/2017,361,361.75,360,362,205,193
,5/11/2017,962.5,956,955,965,489,100,5/10/2017,314.4,313.8,312.1,317.2,457,292,5/11/2017,364.25,360.5,360.25,364.25,340,239
,5/10/2017,965.25,961.75,958.5,980,167,302,5/9/2017,309.5,314.2,309.5,314.8,359,565,5/10/2017,358.75,365.25,358.25,365,1015,638
,5/9/2017,956.25,965.25,956.25,968,449,396,5/8/2017,312,309.5,308.9,312,841,787,5/9/2017,358.25,358.25,357.25,360.5,1631,1132
,5/8/2017,962.5,956.25,954.5,962.5,1055,609,5/5/2017,313.9,312.3,312.5,315.4,1077,1227,5/8/2017,360.5,356.75,356.25,360.75,1964,1747
,5/5/2017,965.5,963,960,973.5,1231,1167,5/4/2017,314.6,314.1,311.5,314.6,1732,1580,5/5/2017,359,361.75,359,365.5,2388,1794
,5/4/2017,965.25,965.25,961.75,970.5,1604,1341,5/3/2017,310.5,314.6,310.2,316,1424,2316,5/4/2017,367,358,357.5,367.5,2961,2233
,5/3/2017,959.5,965.5,959,966,3728,2093,5/2/2017,314,310.8,308.9,316.8,1826,2950,5/3/2017,363.5,366.25,362.25,367.5,4165,3361
,5/2/2017,958.5,958,955,967.75,6949,4063,5/1/2017,314.2,314.3,314,317.1,1866,3526,5/2/2017,367.25,364,362.25,369.75,4949,4634
,5/1/2017,950,959,950,963,6794,5699,4/28/2017,310,311.7,309.3,312.4,5998,4138,5/1/2017,363,369.25,361.75,370.5,9794,5535
,4/28/2017,945,945.25,941.5,947,13917,6823,4/27/2017,309.6,310.5,308.9,311.8,24602,6278,4/28/2017,360,358,355.5,361.25,31568,9959
,4/27/2017,944.5,945.75,943.5,950.5,59309,12535,4/26/2017,313.6,309.6,309,314.9,35412,11662,4/27/2017,358.75,362,358.5,364,148983,23943
,4/26/2017,955,945.75,944.5,958,107831,28506,4/25/2017,315.5,313.5,313.1,317.4,30861,20870,4/26/2017,365,359,358.25,367.25,199686,84628
,4/25/2017,959,954.5,954,961,84731,57020,4/24/2017,309.6,316.4,309.3,316.9,42329,26813,4/25/2017,359.25,365,356.25,368.25,180778,130368
,4/24/2017,951.5,961.25,951.5,962.25,99172,80975,4/21/2017,307.6,309.6,307.3,310.7,38723,36993,4/24/2017,358,359.25,356.25,360.5,159113,168676
,4/21/2017,946,951,944.75,952.75,130802,109378,4/20/2017,310.6,307.9,307.5,312.8,56399,50776,4/21/2017,357.5,357,354.25,358.75,181734,199141
,4/20/2017,950,946.75,946,955.75,115885,163893,4/19/2017,311.8,310.8,310.2,314.7,51053,60684,4/20/2017,361.75,357.75,357.25,363.75,176900,246807
,4/19/2017,947,950.25,942.75,954.5,105926,178427,4/18/2017,313.2,312.2,310,314,56840,69902,4/19/2017,361.25,361.75,360.5,365.25,188302,263728
,4/18/2017,952.5,946,939.75,955,154742,202442,4/17/2017,318.1,313.4,312.4,319.4,43210,79644,4/18/2017,366.5,361.75,360.75,368,200181,293315
,4/17/2017,958.75,953.25,951.5,962,106836,221608,4/13/2017,312.4,317.5,312.2,318.5,98630,82189,4/17/2017,371,366.5,365.5,372,146560,318959
,4/13/2017,947.25,955.5,946.75,959.5,128013,237574,4/12/2017,310,312.7,309.6,313.8,59945,102014,4/13/2017,368.75,371,368.5,373,267053,338381
,4/12/2017,942.25,947.75,941.25,951.5,119407,246944,4/11/2017,309.1,309.3,305.5,310.7,86288,113256,4/12/2017,366.5,369,366.25,371.5,237717,372785
,4/11/2017,941.75,939.25,929.75,945,136337,267866,4/10/2017,307.9,309.1,307.9,311.5,50034,127968,4/11/2017,366,366.5,362.25,369,254157,419423
,4/10/2017,944.25,941.75,939.25,949,87487,277231,4/7/2017,308.1,307.4,306.7,309.9,54775,138468,4/10/2017,360,367,359,367,222752,454449
,4/7/2017,938.5,942,937.5,945.5,99239,284982,4/6/2017,309.5,308.7,308.2,311.1,48543,148588,4/7/2017,360.5,359.5,357.25,361.75,233393,489635
,4/6/2017,944,941.5,938.5,946.5,84594,302907,4/5/2017,308.1,309.8,308,311.3,57539,149690,4/6/2017,364.25,360.75,360,365.5,137979,530903
,4/5/2017,937.5,944.25,937.25,948.5,146303,304383,4/4/2017,307.5,308.1,307.2,310.5,61011,151709,4/5/2017,363,364.75,361.5,365.75,143411,538546
,4/4/2017,939.25,937.75,936.5,942.75,120200,314909,4/3/2017,308.2,307.6,307,309.6,58579,155900,4/4/2017,367,363,362.75,369.75,157420,554220
,4/3/2017,946.25,938.25,937.25,949.25,94599,315377,3/31/2017,314.8,308.4,307.2,316.3,85782,155515,4/3/2017,365.75,367.75,365.5,371.75,230407,564976
,3/31/2017,961.75,946,944.25,966.5,182739,316642,3/30/2017,315.9,314.9,314.3,316.6,46029,152735,3/31/2017,358,364.25,355,366.75,302099,588736
,3/30/2017,969.5,963,961,970,77471,309110,3/29/2017,315.1,315.8,314.7,317.4,49254,156219,3/30/2017,358.25,357.5,356.75,358.75,105348,581737
,3/29/2017,970.5,969,967.25,976,95072,305003,3/28/2017,315.6,315.3,314.8,317.4,48247,159154,3/29/2017,357.25,358.5,356.5,360.75,140216,587355
,3/28/2017,971.25,972,970,976.5,92837,308980,3/27/2017,318.3,315.3,315.2,319.2,47022,161966,3/28/2017,356,357.75,355.75,358.75,126483,585014
,3/27/2017,976,971.5,968.25,978.5,91218,309613,3/24/2017,320.8,318.2,316.6,320.9,51847,166653,3/27/2017,356.75,355.75,354.25,358.25,146440,586671
,3/24/2017,990.5,975.75,972.25,991,116483,312909,3/23/2017,323.4,320.7,320.5,324.4,56377,171669,3/24/2017,357,356.25,355.25,358,114283,588932
,3/23/2017,999.25,991,990.25,1002,94685,316288,3/22/2017,325.5,323.5,323.1,325.7,46601,175430,3/23/2017,358.5,356.75,356.25,359.75,125353,617530
,3/22/2017,1001,999.75,994,1003.25,82164,314697,3/21/2017,326.6,325.8,323.6,328.3,63503,176729,3/22/2017,361.25,358.75,358.25,361.75,135915,612612
,3/21/2017,1000,1001.5,995,1008,103325,314149,3/20/2017,329,326.6,326.4,330.8,36134,178550,3/21/2017,363.5,361.25,359.25,364,153614,608461
,3/20/2017,1003.75,999.5,998.25,1008.75,82382,310795,3/17/2017,329.6,328.9,326.5,329.9,36022,179497,3/20/2017,369,363.5,363,370.75,146668,607480
,3/17/2017,1001.5,1000,994.25,1004.5,61551,310061,3/16/2017,328,329.3,327.1,331.3,42620,180899,3/17/2017,366.25,367.5,364.5,367.75,94241,613602
,3/16/2017,1000,1001.5,995.75,1006.5,83777,310793,3/15/2017,327,327.6,326.5,329.2,32420,179589,3/16/2017,363.5,366,363.5,367,111741,611414
,3/15/2017,998.75,998,995.25,1007.75,75422,311204,3/14/2017,324.6,323.3,323.4,325.5,48,40,3/15/2017,362.25,363.5,362,364.75,107404,608989
,3/14/2017,996.5,987.25,983,996.5,213,55,3/13/2017,326.6,326.9,325.5,327,152,55,3/14/2017,354,353.75,353,358.25,518,49
,3/13/2017,996.25,996.25,995.5,1000,984,221,3/10/2017,322.5,324.6,322.3,325,460,223,3/13/2017,358,354.5,353.5,358.75,1649,404
,3/10/2017,999.5,996.25,992.75,1001.75,970,1107,3/9/2017,326.1,324.1,322.3,326.4,1076,752,3/10/2017,360.25,358,356,360.25,1739,1607
,3/9/2017,1009,1000.25,995.75,1009,4953,1751,3/8/2017,325.5,326.5,324.4,327.2,2179,999,3/9/2017,366,359.75,359.25,366.5,1999,2885
,3/8/2017,1014,1011,1008,1014.75,5319,2643,3/7/2017,329.4,326.9,325,329.4,2180,1403,3/8/2017,369.25,365.25,365,370.25,7048,4098
,3/7/2017,1026.75,1014.75,1012,1027,3547,3786,3/6/2017,329.4,329.2,328.5,333.8,2376,1842,3/7/2017,373,369.5,367.5,373.75,4531,6341
,3/6/2017,1027.5,1026.75,1026,1036.25,4623,4931,3/3/2017,330.5,328.8,326.7,330.9,2560,2273,3/6/2017,375.5,372.75,371,377,3707,8066
,3/3/2017,1027.5,1027,1019.5,1030.25,4968,6254,3/2/2017,335.2,330.8,327.5,335.7,3635,2966,3/3/2017,371.75,374.75,371.25,375.5,3999,9972
,3/2/2017,1039.75,1026.75,1022,1040.25,6067,7203,3/1/2017,332,335.1,332,335.4,4109,4277,3/2/2017,375,372.75,370.5,375.75,10943,11734
,3/1/2017,1025.25,1041.25,1025,1041.5,7430,8455,2/28/2017,332.5,332.6,331.2,339.1,9624,5205,3/1/2017,366.25,375.75,365.75,376,11271,15988
,2/28/2017,1013,1025,1012.5,1045,17713,10303,2/27/2017,332,331.1,330,334,38425,8804,2/28/2017,361.5,366.75,361.25,378.75,43455,20351
,2/27/2017,1015.5,1011,1006,1018.5,62578,15353,2/24/2017,331.1,331.3,328.4,332.2,43151,16783,2/27/2017,364.25,360.25,359.5,365.5,227526,33183
,2/24/2017,1012.25,1013.5,1009.25,1016.25,92509,41760,2/23/2017,335,330.8,330.2,336.9,41382,31330,2/24/2017,365.75,364,362.5,366.75,217648,108630
,2/23/2017,1023,1011.5,1010,1027,148623,78338,2/22/2017,337.4,335,334.5,338.1,51650,39789,2/23/2017,370.5,365.5,365.25,371.75,176305,190325
,2/22/2017,1027.25,1022.75,1022.25,1031.75,96385,103139,2/21/2017,340,337.4,337,343.3,47451,53030,2/22/2017,369.25,371,369.25,372.75,167704,234788
,2/21/2017,1033.25,1026.25,1026,1044.5,143010,122850,2/17/2017,341,339.6,338.1,342.5,46050,62998,2/21/2017,368.5,369.25,366.5,370.75,192463,273636
,2/17/2017,1043,1032.5,1031,1046.25,142009,147001,2/16/2017,346.2,342,341,350.3,54414,69184,2/17/2017,373.25,368.25,368,373.25,190289,306725
,2/16/2017,1060.25,1043.75,1042.25,1062.75,130043,164392,2/15/2017,339.6,346.9,336.9,347.2,48716,76517,2/16/2017,378,373.5,373,380,202506,341147
,2/15/2017,1045.25,1061.25,1040.25,1061.5,128043,180909,2/14/2017,343.8,339.5,338.8,343.8,40586,80304,2/15/2017,374,378.75,371.75,379,234393,367835
,2/14/2017,1055,1045,1042.5,1056,118663,188634,2/13/2017,342.5,343.2,340.5,345.5,59228,85252,2/14/2017,375,374.25,373,375.25,182589,371897
,2/13/2017,1059.25,1054.25,1050.5,1061.75,174155,204777,2/10/2017,338.4,342.1,337.2,343.9,61646,98147,2/13/2017,373.5,375.5,371.75,376.75,243363,404228
,2/10/2017,1050,1059,1047.5,1063.5,133684,220120,2/9/2017,340.7,338.4,335.9,341.6,67802,110862,2/10/2017,368.5,374.5,368.5,375.5,258226,429035
,2/9/2017,1057,1050.5,1045,1061.5,141506,235735,2/8/2017,335.8,341.2,334.9,341.5,68295,126399,2/9/2017,369.5,369.5,367.5,372.75,302879,451716
,2/8/2017,1041.75,1058.75,1040,1059.75,166533,248998,2/7/2017,333.3,335.9,330.5,336.4,68668,137904,2/8/2017,368,370.75,366.5,371,215522,500405
,2/7/2017,1038.25,1042.75,1032,1043.25,131436,266423,2/6/2017,331.2,332.8,331,336.8,38932,151973,2/7/2017,363.75,368.5,362.5,369,201065,519412
,2/6/2017,1027,1036,1026.25,1042.5,119985,281054,2/3/2017,333.9,331.6,331.2,336,45275,153119,2/6/2017,364,363.75,362.5,368.75,123030,548858
,2/3/2017,1036.75,1027,1026.25,1044.25,105988,289130,2/2/2017,336.1,333.8,332.5,337.7,51371,156218,2/3/2017,365.75,365.25,364,367.75,131487,555630
,2/2/2017,1037.25,1037.25,1031.25,1041.75,101520,297183,2/1/2017,334.3,336,331,336.2,49656,158641,2/2/2017,367.5,367.5,366.25,369.75,161840,569346
,2/1/2017,1024.5,1036.75,1017,1037.5,107158,310678,1/31/2017,334.7,334.6,332.6,335.7,41739,163390,2/1/2017,360,368.25,358,368.5,238049,579785
,1/31/2017,1023,1024.5,1019.5,1026.5,83518,316427,1/30/2017,341.2,334.4,332.5,341.3,56265,163859,1/31/2017,358.5,359.75,357.75,361.25,144840,581583
,1/30/2017,1044,1022.75,1019.25,1044.25,126814,324578,1/27/2017,341.6,343,340.2,343.8,36870,173027,1/30/2017,361.5,357.75,355.75,361.75,185498,590878
,1/27/2017,1047,1049.25,1043.25,1052,68283,336797,1/26/2017,343.3,342.4,340.6,344.3,34182,175814,1/27/2017,363.25,362.5,360.5,364.25,131330,612085
,1/26/2017,1055.5,1049.5,1045.5,1058.5,91972,341293,1/25/2017,342.4,343.3,340.1,344.4,42975,176458,1/26/2017,366,363.75,362,366.75,115941,627698
,1/25/2017,1057,1055.25,1050,1060,83009,348886,1/24/2017,344,343,339.2,346,48291,177280,1/25/2017,363.25,366.25,361,366.75,144569,631989
,1/24/2017,1059.75,1058.5,1051.25,1068,95242,350164,1/23/2017,348.9,343.5,341.5,349.5,48054,180310,1/24/2017,369.25,363.25,362.25,371,198152,629582
,1/23/2017,1067.5,1057.75,1055.25,1069.75,92566,356227,1/20/2017,348.4,348.7,344.6,351,45146,179072,1/23/2017,369.5,369.5,367.5,370,145747,636887
,1/20/2017,1070,1067.5,1060,1071.25,112856,354930,1/19/2017,350.3,348.2,345.2,351.2,51746,177897,1/20/2017,366,369.75,365,370,199859,637030
,1/19/2017,1073,1070.25,1066.75,1077.25,108397,354625,1/18/2017,348.9,351.1,344.3,353.7,76574,176549,1/19/2017,364,366.25,362.75,367.5,167428,649177
,1/18/2017,1068,1075,1062.5,1080,144024,351801,1/17/2017,338.3,348.8,335.4,352.4,122087,173611,1/18/2017,364.5,365,362.75,367.75,210570,648815
,1/17/2017,1054,1069.25,1052,1075.5,201105,340590,1/13/2017,322.8,332.5,322.1,330.8,,,1/17/2017,359,365.5,358.5,366.5,317614,648705
,1/13/2017,1029.5,1042.5,1025.5,1043,,,1/12/2017,312,324.2,310,322,453,211,1/13/2017,357.5,358.5,355.25,359.5,168019,649019
,1/12/2017,1002.75,1032,998.5,1033,813,342,1/11/2017,312.1,310.7,308.2,312.2,859,477,1/12/2017,357,358.25,353,360,256246,653664
,1/11/2017,1004.5,1003,993,1004.5,1835,739,1/10/2017,310,313.4,307.5,313.4,1261,661,1/11/2017,357.75,357.25,352,358.25,209456,654227
,1/10/2017,993.75,1005.5,990,1006,2449,1549,1/9/2017,307.3,309.8,307,310.5,1466,1043,1/10/2017,359.25,358.25,357.25,359.5,134078,660154
,1/9/2017,986.25,996.5,986,996.75,2857,2584,1/6/2017,312.8,307.5,307,312.9,1407,1389,1/9/2017,359,360,355.25,360.75,185761,671536
,1/6/2017,1003.5,986,985,1003.5,3350,3104,1/5/2017,314.9,314.4,312.4,314.9,1130,2398,1/6/2017,360.75,358,356.75,362.5,166335,676270
,1/5/2017,1005.5,1003.5,998.25,1006,2991,4190,1/4/2017,308,315.3,308,315.2,2436,2991,1/5/2017,359.5,361.25,358.5,362.75,194539,677366
,1/4/2017,986,1006.25,984,1006.5,6191,5303,1/3/2017,313,308.3,308.2,314.2,2390,3933,1/4/2017,355,359.75,354.75,360,171286,690721
,1/3/2017,996,986.75,986.5,1002.75,6581,6760,12/30/2016,314.7,312.9,309.7,317.1,5580,4951,1/3/2017,352,355.75,351.5,358.5,174702,689843
,12/30/2016,1003.5,996.5,995,1010.5,13373,8661,12/29/2016,316.4,314.8,314,319.7,23294,7984,12/30/2016,349.5,352,347.75,353,112011,686275
,12/29/2016,1006.5,1003.25,1002,1014.25,46236,15266,12/28/2016,317.6,316.2,315.1,320.5,25200,11217,12/29/2016,348.25,349.75,347.5,351,92596,691924
,12/28/2016,1014,1006.75,1001.5,1018.75,54617,30010,12/27/2016,308.2,317.8,307.9,318,28684,17656,12/28/2016,354.25,348.25,347.25,354.75,122291,690078
,12/27/2016,989.75,1014.75,989.25,1015.25,82741,54391,12/23/2016,309.3,308,307.1,310.2,25924,22054,12/27/2016,346.5,355,346.25,356,132722,691904
,12/23/2016,994.25,989,987.75,996.75,67094,67474,12/22/2016,309.4,309.3,308,311.1,30348,29425,12/23/2016,347,345.75,345.5,347.75,79909,689759
,12/22/2016,1007.75,994.5,993.5,1008.75,108937,88124,12/21/2016,308.9,309.5,308,311.2,29129,36926,12/22/2016,347.25,347.25,346,348,97049,699700
,12/21/2016,1005.25,1006.75,1005,1012.25,80135,101575,12/20/2016,312.2,308.8,307.6,312.7,40266,41585,12/21/2016,350,347.25,346.75,351.25,105211,702103
,12/20/2016,1021.25,1005.25,1004,1024,124535,118711,12/19/2016,316.5,312.2,311.9,316.5,43130,47474,12/20/2016,353.25,350.25,349.25,353.75,103799,696757
,12/19/2016,1034,1021.5,1020.5,1039,136168,137653,12/16/2016,314.1,317.1,312.9,317.6,41835,54742,12/19/2016,356,353.25,351.5,356.75,93939,692715
,12/16/2016,1029.25,1036.75,1023,1038,95865,152751,12/15/2016,313,314,311.5,317,65560,60357,12/16/2016,356,356.25,353.5,359,113012,696578
,12/15/2016,1023.5,1029,1018.5,1038.5,147570,163611,12/14/2016,312.7,311.1,310.7,312.7,164,53,12/15/2016,361.5,356.5,356.25,363,136198,704862
,12/14/2016,1027.25,1023.75,1020.75,1029.25,128094,172698,12/13/2016,314.8,313.5,313.1,316.3,510,137,12/14/2016,356.75,351.75,353.5,357,524,172
,12/13/2016,1031.25,1028,1025.25,1038.75,132890,183543,12/12/2016,317.5,314.8,312.8,318.6,447,550,12/13/2016,355.25,356.25,353.5,359,1367,446
,12/12/2016,1041.75,1031,1026.5,1047.5,145111,198764,12/9/2016,312.5,317.4,311,319,382,903,12/12/2016,352.25,354.5,349.75,355,1998,1508
,12/9/2016,1026,1037.5,1021.5,1039.5,136393,220542,12/8/2016,320,312.4,311.7,320,1581,1147,12/9/2016,349,352.5,344.5,352.5,1723,3172
,12/8/2016,1049,1027,1023.5,1049,171728,236545,12/7/2016,320.3,319.2,315.3,320.8,3224,1901,12/8/2016,350.25,346.5,344.25,352.75,1936,4375
,12/7/2016,1047,1049,1039.75,1053,127733,267824,12/6/2016,318.8,320.2,318.5,325.9,1305,3471,12/7/2016,350.25,350.5,347.25,351,2348,5135
,12/6/2016,1042.5,1047.75,1039,1061.75,135200,286743,12/5/2016,311.7,317.7,311.3,321.6,1203,4135,12/6/2016,348.25,351,348.25,354,2553,6480
,12/5/2016,1030.5,1043.5,1027.75,1049.75,125624,293750,12/2/2016,312.2,310.7,310.7,316,2754,4411,12/5/2016,337.5,349.5,337.5,350,4153,7837
,12/2/2016,1033,1027.5,1026.5,1037.75,84039,297090,12/1/2016,318.2,310.9,309.3,318.5,4228,5284,12/2/2016,332.75,337.5,332.75,338,8162,8813
,12/1/2016,1033.5,1029.75,1022.25,1040,128533,307524,11/30/2016,323.8,316.4,316.2,324.7,9291,6854,12/1/2016,337,331.75,331,338.25,8929,11913
,11/30/2016,1043,1032.25,1031.25,1052.75,133965,320504,11/29/2016,325.5,321.7,320.6,326,30435,11344,11/30/2016,337.25,336.75,336,341.75,35069,17582
,11/29/2016,1055,1042.5,1039.25,1058.75,126698,330877,11/28/2016,319.3,325.9,318.9,326.9,42862,17922,11/29/2016,348,336.75,335.5,348.25,190795,29407
,11/28/2016,1043.25,1056,1042.5,1065,161412,330776,11/25/2016,316.4,320.8,315.1,321,30820,29209,11/28/2016,349.25,348.5,346.75,353,208947,87798
,11/25/2016,1032,1046,1029.5,1046.75,76517,329481,11/23/2016,325,316.4,313.7,326,57268,38908,11/25/2016,349.75,349.25,348.5,350.75,176197,142305
,11/23/2016,1030.25,1034.25,1017.25,1035.75,136725,328725,11/22/2016,319.6,324.9,318.6,326,44798,53458,11/23/2016,350.25,350.75,346.5,351,190746,216484
,11/22/2016,1020,1030,1015.25,1033.25,131446,322944,11/21/2016,311.3,319.7,311.3,320.7,57370,60213,11/22/2016,349.5,351,346,351.75,197454,246018
,11/21/2016,995.5,1020.25,995.5,1021.5,150570,314186,11/18/2016,311,310.4,308.6,311.5,27831,70892,11/21/2016,345.25,349.75,344.75,350,169047,292011
,11/18/2016,989,993.75,982.25,996.5,75940,290847,11/17/2016,308.8,311.5,307.2,312.4,39335,75889,11/18/2016,342,345.5,340.5,346.75,171451,325758
,11/17/2016,985.25,989.5,981,993.75,87755,291657,11/16/2016,310.9,308.4,307.6,312,29614,81777,11/17/2016,339,342,338.25,343.5,192488,353095
,11/16/2016,993.25,985.75,982.75,997.75,94098,295051,11/15/2016,310.5,310.1,307.3,311.5,43927,84253,11/16/2016,341.5,338.5,338.5,343.5,145238,377474
,11/15/2016,985.5,989.5,978.75,992.75,86739,297219,11/14/2016,309.3,309.9,305.1,311.3,45883,89201,11/15/2016,337,341.5,335.75,342.25,190521,393843
,11/14/2016,980.75,971,968,982.25,588,165,11/11/2016,313.1,307.8,305.4,316.6,58931,94886,11/14/2016,340.5,337.25,335.5,341,181713,412870
,11/11/2016,997,978.5,969.5,1005.5,2558,649,11/10/2016,311.4,311.4,310.6,319.1,44346,99609,11/11/2016,343.25,340.25,339,345,212977,429829
,11/10/2016,982.25,989,982,1007.75,2172,2376,11/9/2016,315.5,311.4,307.9,319.3,72024,104312,11/10/2016,341.5,343.5,340.25,346.5,261282,451487
,11/9/2016,1000,982,975.5,1007,3399,3296,11/8/2016,312.4,315.7,311.5,319.2,48846,112351,11/9/2016,353,340.75,340.5,355,323409,478619
,11/8/2016,989.5,1001.75,989,1011.25,3434,4343,11/7/2016,309.5,311.9,309.4,313.4,35023,116797,11/8/2016,346,354.25,345,356.5,351911,497003
,11/7/2016,981.75,989.25,981.75,992.25,4549,5079,11/4/2016,306.6,309,304.8,309.9,32983,119223,11/7/2016,348,346.25,345,349.5,200743,539348
,11/4/2016,980.5,981.5,975,985.5,4407,6147,11/3/2016,306.5,306.4,305.4,309.6,37263,120757,11/4/2016,348,348.75,345.5,349.75,126191,564542
,11/3/2016,976.5,979.75,976.5,984.5,4007,7487,11/2/2016,309.5,306.7,305.7,311.3,44354,121802,11/3/2016,346.25,348,345,348.75,138695,573811
,11/2/2016,983,976.75,973.5,986.25,8873,8780,11/1/2016,316.3,309.5,309.1,317,54568,127180,11/2/2016,348.75,346.25,344.25,350.5,217593,585827
,11/1/2016,1002,984.25,983,1006.25,11397,11225,10/31/2016,317.9,316.1,313,320.3,61628,133419,11/1/2016,354.75,349,347.25,354.75,219271,606214
,10/31/2016,1002,1002.25,996.25,1008,18438,15994,10/28/2016,327.3,317.5,316,328.6,57661,142281,10/31/2016,355,354.75,352.25,358,171941,619522
,10/28/2016,1013,1001.25,999.5,1017.5,75224,21455,10/27/2016,319.3,327.6,317.7,328.8,88900,146029,10/28/2016,357.5,355,354.25,358.25,122846,624401
,10/27/2016,1008.5,1014.25,1002.75,1020,101226,40440,10/26/2016,308.3,319.1,307.6,319.9,70449,149899,10/27/2016,353.75,357.5,352.25,358.5,197466,629919
,10/26/2016,990.25,1010,988.75,1011,149629,65009,10/25/2016,306.7,308.2,304,310.9,63627,147607,10/26/2016,349.25,354,349,355.75,170676,638427
,10/25/2016,991.25,990.75,981.25,997,176985,91534,10/24/2016,307.2,307.3,305.6,310.5,39322,154340,10/25/2016,348.25,349.25,347.25,352.25,127783,643632
,10/24/2016,982.75,992,980,999.75,177604,116925,10/21/2016,305,306.5,304.6,307.6,30887,154573,10/24/2016,351.5,348.25,346.25,354.5,152704,651954
,10/21/2016,976.25,983,974.5,984.25,140150,150630,10/20/2016,306.3,304.6,303.9,311.9,51569,154825,10/21/2016,351.25,352.5,350.5,354.25,115808,655662
,10/20/2016,981.25,975.5,973.25,989.75,136370,222392,10/19/2016,302.3,306.4,302,306.8,43329,156910,10/20/2016,357.5,351,349.25,359.25,173299,666779
,10/19/2016,972,981.5,971,982.75,133115,229943,10/18/2016,303.5,303.4,302.3,308.9,51653,155176,10/19/2016,353.5,357.5,351,358,168837,668464
,10/18/2016,977.5,972.5,971.5,987,178280,242535,10/17/2016,300.1,303.5,300,304.1,37282,154718,10/18/2016,354.25,353.75,351.5,357.5,140470,670356
,10/17/2016,961.75,978.25,961,979,158663,252451,10/14/2016,302.1,299.8,302.1,302.1,10,7,10/17/2016,353,354,350.25,357.75,150351,676813
,10/14/2016,955.5,962.5,952,974.25,186056,265250,10/13/2016,293,299.8,293,297.3,37,13,10/14/2016,349.5,354.25,348.75,358.75,275680,680363
,10/13/2016,946,956.25,937.25,959.5,178127,269286,10/12/2016,297,294.5,294,303,413,177,10/13/2016,337.5,349.5,337.25,349.75,216225,694659
,10/12/2016,953,945.5,943.25,971.25,233145,272975,10/11/2016,296,297.6,296,298.6,545,399,10/12/2016,345,337,336.5,348.5,219044,704092
,10/11/2016,953.5,954.25,951.5,960.75,147788,280393,10/10/2016,297.5,296.3,296.7,300.4,642,505,10/11/2016,343,345.5,341,347,148301,702054
,10/10/2016,955.75,954.5,950,964.25,133359,292833,10/7/2016,301.9,298.6,298.2,306.6,793,864,10/10/2016,339.5,343.25,339.25,344.25,112526,706401
,10/7/2016,958.75,956.75,955.25,973.25,173884,297623,10/6/2016,303.9,301.5,297,303.9,737,1492,10/7/2016,340.75,339.75,339.5,344.75,173884,710397
,10/6/2016,956,958.5,947.25,959.75,114537,310522,10/5/2016,305.5,303.8,302.8,307.7,1499,2103,10/6/2016,347.25,340.5,338.5,347.75,178132,722211
,10/5/2016,963.5,956.75,950.5,967.5,139606,311421,10/4/2016,305.7,304.5,304.4,308.9,725,2765,10/5/2016,347.75,347.75,345.25,349.25,142713,728584
,10/4/2016,970.75,963.5,960.25,972,123524,322962,10/3/2016,297.9,305.9,297.7,307.1,2941,3068,10/4/2016,345,348.25,343.5,349,158042,742274
,10/3/2016,952.5,973,946.5,975,139848,327816,9/30/2016,297.5,297.9,293.9,299.5,6328,4057,10/3/2016,336.25,346,335.25,347.75,234811,755148
,9/30/2016,950,954,943,958.5,155973,324636,9/29/2016,300.8,297.9,297,303.3,16737,6342,9/30/2016,329,336.75,325,337.5,258970,758152
,9/29/2016,947,950.25,946,957.25,101651,328452,9/28/2016,299.3,299.7,298,304.6,24413,12036,9/29/2016,329.75,329.25,328,333.5,119728,756985
,9/28/2016,951.75,945.5,944.5,955.75,114901,335903,9/27/2016,298.1,299.3,294.3,299.9,24240,18372,9/28/2016,331.75,329.25,328.75,332.5,107525,755019
,9/27/2016,946.75,952.5,934,953.5,153261,337629,9/26/2016,302.5,297.6,297.2,304.5,20334,22712,9/27/2016,329.25,331.75,327.25,332.5,147073,755157
,9/26/2016,951.5,945.25,943.75,960.25,114173,340606,9/23/2016,307.8,303.3,302.2,307.9,18297,26336,9/26/2016,334,329,328.5,336.5,160536,762249
,9/23/2016,975,955,952.5,976.25,138512,348353,9/22/2016,308.7,307.9,307,311.1,19543,28493,9/23/2016,336,336.5,333.75,338.5,150668,759893
,9/22/2016,975,976.5,970.25,983.5,90697,347674,9/21/2016,312.2,308.7,306.5,313.9,14221,31723,9/22/2016,339.25,336.75,334.75,341.5,122257,758174
,9/21/2016,988.25,975.5,971.5,990.25,104727,352440,9/20/2016,312.7,313.1,311.6,317.4,18516,33059,9/21/2016,339,340,338,341,101255,754124
,9/20/2016,973.5,989.75,970.75,994,116064,359254,9/19/2016,314.7,311.9,309.5,317.5,15624,35536,9/20/2016,336,340.5,335,342.25,127944,760102
,9/19/2016,970.5,972.5,966.25,981.25,96833,352615,9/16/2016,307.2,313.7,306.7,314.3,17077,35576,9/19/2016,337.25,337.25,332.25,340,139737,763735
,9/16/2016,949,966,945.75,969,102819,353156,9/15/2016,307.1,308.6,305.3,309,10916,38948,9/16/2016,329,337,327.5,338.25,165288,754439
,9/15/2016,943,950.5,941.25,953,76306,352209,9/14/2016,313.7,315.7,313.3,317.3,78,48,9/15/2016,331.5,330,327.5,334.75,131018,755609
,9/14/2016,971.75,972,967.75,971.75,259,0,9/13/2016,314.5,310.4,309.1,314.9,884,82,9/14/2016,320.5,322.25,317.5,320.5,42,35
,9/13/2016,982.5,968.25,968.5,982.5,256,259,9/12/2016,323.4,318.3,315.6,327.5,1339,640,9/13/2016,329.25,319.25,320.25,330,709,176
,9/12/2016,990.25,984.5,980,1006.75,385,466,9/9/2016,324,323.3,321.9,325.3,732,1338,9/12/2016,329.25,329.25,326,330.5,1200,633
,9/9/2016,989.5,997.25,988.5,999.75,942,796,9/8/2016,323.8,325.1,322.5,326.4,807,1827,9/9/2016,326.5,330,323.75,330.5,780,1432
,9/8/2016,994.5,992,987.75,999.25,592,1434,9/7/2016,317.2,323.8,317.1,324.5,1644,2394,9/8/2016,322,327,321.5,326.75,1477,1900
,9/7/2016,980.5,991.75,980.5,993.5,900,1874,9/6/2016,313.7,317.1,311.5,317.4,955,3448,9/7/2016,316.25,321,315,322,2568,2802
,9/6/2016,969,974.25,965.5,978,1159,2581,9/2/2016,313.5,313.7,310.5,314.8,1198,4189,9/6/2016,316,316.75,312.25,317.75,2455,3191
,9/2/2016,960,968.5,960,971,639,3426,9/1/2016,312,313.1,310.5,315.2,3056,4781,9/2/2016,311,316.5,311,317.75,3408,3789
,9/1/2016,960.25,959,954,965,809,3835,8/31/2016,315,312.2,311.5,316.2,5084,6404,9/1/2016,302,311,301.75,311.5,11499,5319
,8/31/2016,966.5,960,956,970.5,3145,4225,8/30/2016,319.5,313.8,312.1,320.5,25858,8284,8/31/2016,304,301.5,301,307.25,25255,9646
,8/30/2016,984,965.5,960.5,986.75,11672,5188,8/29/2016,320.9,319.5,318.5,323.6,28962,16828,8/30/2016,311.75,304,303.5,312.75,132215,19043
,8/29/2016,991.75,983.25,981.5,998.25,13450,9857,8/26/2016,324.5,321.2,319.8,326,24097,24075,8/29/2016,316.25,311.75,310.75,318.75,128342,66033
,8/26/2016,996.5,990.75,982.5,1002.25,17878,17982,8/25/2016,332.2,324.3,324,332.9,25678,31045,8/26/2016,323.5,316.25,315.75,325.25,98576,94676
,8/25/2016,1029.75,998.25,997,1029.75,27147,30909,8/24/2016,332.4,331.5,329.4,334.4,18528,33973,8/25/2016,327,323.5,322.25,328.5,94419,144554
,8/24/2016,1033.5,1030.75,1021.75,1036,13884,32995,8/23/2016,334,332.4,329.6,334.8,16906,36866,8/24/2016,328.25,327.5,325.5,330.5,77905,163255
,8/23/2016,1030.5,1034.25,1026.5,1036.75,8486,35948,8/22/2016,329.6,334.2,328.6,337.8,11758,37804,8/23/2016,333,328.5,326.5,333,90241,178092
,8/22/2016,1025.5,1035.25,1023,1041.25,9720,37883,8/19/2016,334.8,330,329.2,335.4,13936,39541,8/22/2016,333.75,333.25,330.5,334.5,71837,189291
,8/19/2016,1032.5,1027,1017,1035,11596,38518,8/18/2016,337,334.4,329.4,337.7,15074,40387,8/19/2016,332.25,334.25,330,334.75,85600,202615
,8/18/2016,1037,1032.25,1012,1037,13690,39233,8/17/2016,337,336.7,334.6,337.8,11551,41879,8/18/2016,330,332,326.5,333,72273,225745
,8/17/2016,1020.75,1030.5,1016,1031,12925,38441,8/16/2016,339.6,336.7,335.7,343.2,12431,43322,8/17/2016,327.25,330.25,327,330.75,103659,233785
,8/16/2016,1022.25,1019.5,1012.25,1028.5,14832,40740,8/15/2016,333,339.6,332.6,341.6,9923,44150,8/16/2016,326.75,327.5,324.25,329,78795,242828
,8/15/2016,998.5,1023.75,997,1026.5,14535,43763,8/12/2016,338.2,332.9,331.6,338.2,50,40,8/15/2016,321.25,326.5,321,329,75700,252791
,8/12/2016,1023.5,1003.25,994.5,1023.5,295,229,8/11/2016,338.8,333.9,333.7,340.2,204,40,8/12/2016,320.5,322.25,312,323,146083,264963
,8/11/2016,1022.25,1022.25,1017.5,1028,1327,404,8/10/2016,340.9,336.2,332.3,341,311,207,8/11/2016,322.25,321,320.5,323.75,125764,293469
,8/10/2016,1027,1017,1008,1030.5,1843,1039,8/9/2016,337.9,339.2,335.2,342,533,436,8/10/2016,322,322.5,321.25,325.5,148918,308388
,8/9/2016,1018,1022,1011.5,1032,865,1868,8/8/2016,339.8,337.9,332.5,341.9,541,628,8/9/2016,325.25,322.25,322,326.75,121417,335791
,8/8/2016,1012.5,1018.75,1006.25,1018,1472,2331,8/5/2016,331.6,335.8,331.6,336.8,644,998,8/8/2016,324.25,325.25,322.5,328,148916,359853
,8/5/2016,990.5,1003.75,990.5,1012,1775,2997,8/4/2016,334,329.7,329.5,335,1469,1284,8/5/2016,320.5,324.25,320,325,139530,388894
,8/4/2016,990,990.5,985.25,1000.25,1591,3819,8/3/2016,328.4,330.5,327.5,331.7,1447,2147,8/4/2016,325,320.75,320.5,326.75,83083,422893
,8/3/2016,987,990.5,985.75,1000.5,4121,4485,8/2/2016,334.1,328.4,324.9,334.4,1535,2739,8/3/2016,323.75,325,322.25,328.75,91696,431183
,8/2/2016,994.25,985.25,976,998.5,5283,6257,8/1/2016,346.1,334,332.6,347.8,1979,3563,8/2/2016,325.25,324.25,319.5,327.5,120083,447789
,8/1/2016,1024.5,996,991.75,1030.75,4443,9206,7/29/2016,341.7,350,338.3,351.4,6745,4303,8/1/2016,332.5,325.75,325.5,333.75,83565,457394
,7/29/2016,1005.25,1032.5,996.25,1034.25,12802,11519,7/28/2016,345.1,341.5,340.4,348.5,17903,6355,7/29/2016,331.25,334.5,328.75,335,102314,462734
,7/28/2016,1012.5,1003.5,998,1022,33849,16385,7/27/2016,341.4,344.8,339,349.3,29473,11458,7/28/2016,335.75,331.25,329,338.5,88777,464648
,7/27/2016,994,1010.5,991.25,1015.5,45394,26219,7/26/2016,338.9,341.4,337.5,345,20745,17020,7/27/2016,332.5,335.75,331.75,338,81045,471914
,7/26/2016,984,993.5,980.5,1002.75,40125,38194,7/25/2016,343.3,338.9,338,349.9,18092,23769,7/26/2016,333.5,332.5,331,336.5,95060,477108
,7/25/2016,998.25,983.75,981.75,1010.5,40930,46179,7/22/2016,353.5,346.7,335.4,353.8,28448,27911,7/25/2016,335,334.75,330.25,338.25,92724,476446
,7/22/2016,1034.25,1006.5,985,1037,52620,57058,7/21/2016,351.9,352.5,350.2,357,14742,33546,7/22/2016,334.5,335,326.75,336.75,101545,490506
,7/21/2016,1026,1032.5,1023.75,1042.5,26545,87249,7/20/2016,361.3,352.4,351.8,362.2,21735,35431,7/21/2016,337.75,334.25,332.75,341.75,92502,501032
,7/20/2016,1047,1027,1025,1056.25,32485,90751,7/19/2016,373.2,359.7,358.8,373.2,24255,36997,7/20/2016,344.25,337.5,335,346.5,111929,498293
,7/19/2016,1076.5,1044,1041,1079,45502,93937,7/18/2016,366.8,373,361.9,375.3,25278,40984,7/19/2016,356.5,341.75,341.5,356.5,88392,504311
,7/18/2016,1062,1078.25,1050.25,1082.25,50729,97901,7/15/2016,374,369.4,366.7,379.5,16091,42666,7/18/2016,352.25,357,348.25,357.5,84620,503359
,7/15/2016,1083,1072.5,1057,1097.5,32322,98840,7/14/2016,393.9,381.3,393.9,393.9,113,97,7/15/2016,356.5,352.25,343,361,104622,508684
,7/14/2016,1133.5,1111.5,1121.5,1143.5,145,73,7/13/2016,383.6,388.5,383.6,393,314,55,7/14/2016,369.5,362.25,360,374.5,228,83
,7/13/2016,1112.25,1128,1112.25,1140,404,215,7/12/2016,374,378.3,369.2,378.1,762,284,7/13/2016,353,365.75,348.5,372.75,673,209
,7/12/2016,1080,1107.25,1080,1107,757,614,7/11/2016,379,373.7,373,385.5,682,778,7/12/2016,343,349.75,339.75,350.25,388,507
,7/11/2016,1105,1082.75,1081.75,1105,1344,983,7/8/2016,369.4,378.7,368,378.8,663,1174,7/11/2016,354.25,343.75,341.75,354.75,1164,720
,7/8/2016,1054,1089.75,1053.5,1090.75,1670,1807,7/7/2016,385.8,370,368.9,386.1,687,1569,7/8/2016,337.25,349.75,336.75,349,1160,1046
,7/7/2016,1111.25,1054.25,1054.25,1111.75,1133,2597,7/6/2016,385.4,386,367.5,386.5,1723,2041,7/7/2016,338.5,335.5,334.5,348,2550,1900
,7/6/2016,1115,1106.25,1070,1117.75,3075,3167,7/5/2016,399.2,385.4,383,399.2,2275,3241,7/6/2016,344.75,335.75,333,346.5,4287,3019
,7/5/2016,1150.25,1117,1110,1150.5,2887,4379,7/1/2016,404.7,404.8,402.4,406.2,1152,3886,7/5/2016,348,344,333.75,350.5,4788,4984
,7/1/2016,1175,1168.75,1164.75,1176.5,6745,5672,6/30/2016,397,405.3,391.4,411.7,7042,4510,7/1/2016,360.75,353,351.75,362.25,6927,7872
,6/30/2016,1145,1175,1122,1182,17579,8291,6/29/2016,392.6,397.1,388.4,400.7,17773,7190,6/30/2016,375,358.75,355.75,377.5,37491,10624
,6/29/2016,1148.25,1144.5,1140,1155.75,33419,12054,6/28/2016,384,392.4,381.5,394.2,22989,12789,6/29/2016,385.5,372.75,372.25,387.25,99434,22478
,6/28/2016,1130.5,1150.5,1128.25,1165.5,48614,22892,6/27/2016,377.3,384,374.9,385.1,22250,20254,6/28/2016,383,385.25,382.5,398.25,121380,46826
,6/27/2016,1104.25,1133,1103,1138.5,52415,37757,6/24/2016,383.2,375.6,371.7,386.9,24408,24434,6/27/2016,384.25,385.25,383,392,123573,73128
,6/24/2016,1124.75,1103,1099.25,1132,87656,53333,6/23/2016,391.4,383.2,382.6,392.9,26146,37890,6/24/2016,387.5,384.5,373.5,390,180562,105751
,6/23/2016,1139,1124.5,1123,1143,83315,105110,6/22/2016,392.8,391,389.9,395.8,34990,44102,6/23/2016,392,387.25,384,392.75,164756,171291
,6/22/2016,1131.5,1137.5,1126,1147,98340,118087,6/21/2016,404,393.3,392.9,405.8,44808,50013,6/22/2016,396.5,393,392.25,401,211875,189131
,6/21/2016,1145,1133.25,1128.75,1151.75,96099,128229,6/20/2016,407,402.7,400.1,407,28166,59132,6/21/2016,420.5,396.25,396.25,422.25,292416,211739
,6/20/2016,1153.5,1143.5,1140.25,1156.75,57507,148156,6/17/2016,397.9,407.4,397.1,409,34785,65413,6/20/2016,435.5,421.25,420.5,435.75,204937,242949
,6/17/2016,1133.75,1159.5,1132.5,1160,88085,160493,6/16/2016,407.4,397.7,396.5,408.8,43866,69022,6/17/2016,425,437.75,423.5,438.25,179118,268518
,6/16/2016,1155.5,1134.5,1128.5,1160,104442,175020,6/15/2016,409,407.2,406.6,414.3,34092,72665,6/16/2016,426.25,425.25,420.5,429.75,196401,280303
,6/15/2016,1171.25,1156,1154.5,1178,103310,188357,6/14/2016,408.8,408.6,400.6,410.5,51132,74854,6/15/2016,435.75,429,428.5,439,186442,302822
,6/14/2016,1168,1169.5,1152.75,1176.5,128076,194101,6/13/2016,418.1,408.4,408,423,62220,81184,6/14/2016,429.5,436.5,423.5,436.75,236330,325753
,6/13/2016,1191.75,1169,1167.25,1198.75,150246,213315,6/10/2016,413.5,414,409.2,423.8,76576,90232,6/13/2016,427.5,430,427.5,438,304087,357265
,6/10/2016,1174.5,1178.25,1168.75,1208.5,204412,227909,6/9/2016,417.6,413.5,410.3,421,69303,101578,6/10/2016,426.5,423,420,437,291065,409359
,6/9/2016,1177,1176,1166.25,1185,146291,252306,6/8/2016,408.1,417.1,407.1,424,70023,113926,6/9/2016,430.25,426.5,423.25,430.25,262525,442892
,6/8/2016,1140.25,1177.75,1138,1189.25,194856,273414,6/7/2016,412,407.8,402.6,415.5,80569,124279,6/8/2016,427.25,431.25,426.5,439.25,342762,484486
,6/7/2016,1136.75,1141.25,1129,1148.75,159669,289583,6/6/2016,417,411.7,410.5,425.9,56632,140471,6/7/2016,426.25,427.75,422.5,428,273076,515935
,6/6/2016,1143.25,1138.25,1136,1162,131250,316115,6/3/2016,417.3,414.3,411.5,432.5,75282,146237,6/6/2016,419.75,427.25,419.25,427.5,223124,558373
,6/3/2016,1142,1132,1127.25,1169,188388,335677,6/2/2016,400.4,418.3,399.5,419,80654,152173,6/3/2016,414,418.25,410.5,419.25,183279,567702
,6/2/2016,1101.25,1144.25,1100.75,1146,233772,358239,6/1/2016,397,399.1,391,400.3,54828,155350,6/2/2016,413.75,415.25,412.5,419.5,223629,576336
,6/1/2016,1078.75,1099.75,1068,1102.5,158403,367261,5/31/2016,402.5,396.6,393.7,407,69783,156392,6/1/2016,404.25,413.75,401,414,213032,601514
,5/31/2016,1086,1078.5,1077,1096,115268,368042,5/27/2016,410,402.6,400.5,410.4,59137,155356,5/31/2016,412.5,404.75,404,413,205686,600227
,5/27/2016,1079,1086.5,1071.75,1090.75,123316,375232,5/26/2016,408,409.6,402.4,419.8,81874,159691,5/27/2016,408,412.75,406.5,413.5,174313,617364
,5/26/2016,1084.75,1079.75,1073.25,1098,153388,375548,5/25/2016,390.8,407.2,390.3,408.3,79683,163429,5/26/2016,404,408.25,400,409.25,223709,621356
,5/25/2016,1056.75,1085.5,1054.75,1088,153001,389703,5/24/2016,386.9,388.9,380.1,394.9,66187,166835,5/25/2016,396.5,404.75,395.75,405,170814,628160
,5/24/2016,1057.5,1054.75,1043.5,1069.75,143916,385408,5/23/2016,391.2,387.7,384.2,398.3,67772,165231,5/24/2016,397.25,397.5,394.5,403.25,160508,628513
,5/23/2016,1074.25,1058.5,1052,1079,138858,381056,5/20/2016,378,392.7,376.1,395.4,100937,167864,5/23/2016,394,397.75,391,399.25,156434,623985
,5/20/2016,1071.75,1074.25,1063.25,1087.5,207878,387318,5/19/2016,372,378.1,369.2,378.5,75419,177608,5/20/2016,390,394.5,389,396.75,177947,622850
,5/19/2016,1073.75,1071.5,1051,1074.75,159865,386825,5/18/2016,369.3,372.7,365.4,373.3,69055,181946,5/19/2016,397.5,390,385.5,397.75,229117,630188
,5/18/2016,1079.5,1075.25,1063.75,1088,143649,390000,5/17/2016,361,369.1,360.5,370.8,57777,181370,5/18/2016,397,399.5,394,400.5,184087,626840
,5/17/2016,1063.75,1080.25,1062.75,1086.75,134099,398277,5/16/2016,361,361.2,357.7,364.4,37104,181959,5/17/2016,392.5,397,391.75,398,193693,618129
,5/16/2016,1063,1064.5,1055,1071.75,99920,391722,5/13/2016,366.8,361,364.9,368.9,116,135,5/16/2016,390.25,394,386.25,394.25,161780,610376
,5/13/2016,1056.5,1055,1052,1059.75,114,69,5/12/2016,368,366.8,363.5,368,365,249,5/13/2016,380.25,382,380.25,385.5,285,220
,5/12/2016,1070,1064.5,1055.75,1080.5,550,115,5/11/2016,365.6,364.4,359,365.7,252,533,5/12/2016,374.75,385.25,374.5,386,787,235
,5/11/2016,1072.25,1069.75,1065.5,1082.25,648,630,5/10/2016,343.1,360.4,342.9,364.9,386,705,5/11/2016,378.5,374,371.75,381,1093,679
,5/10/2016,1018.5,1076,1018.5,1082,1003,989,5/9/2016,341.7,340.2,336.3,341.7,594,946,5/10/2016,367.75,378.5,367,383,841,1159
,5/9/2016,1031.25,1018.75,1012,1032,698,1498,5/6/2016,335,341.2,334.8,342.7,551,1153,5/9/2016,379.5,367.75,367,379.5,1035,1714
,5/6/2016,1002,1026.25,1000,1030,1539,1953,5/5/2016,342.7,335,334.5,347.6,746,1565,5/6/2016,372.25,376,372.25,377.5,1551,2194
,5/5/2016,1027.25,1003.5,1004.25,1035.5,2663,2628,5/4/2016,337,343,335,347.4,1364,2094,5/5/2016,374.5,371.75,368.5,376.75,2453,3129
,5/4/2016,1017,1024.5,1012.75,1036,6322,3649,5/3/2016,344.5,339.5,338,350.8,1558,3030,5/4/2016,376.5,373.25,372.5,377.75,10039,4032
,5/3/2016,1035,1021.5,1015,1048.25,5036,5421,5/2/2016,331.7,345.3,329.5,345.6,2259,3791,5/3/2016,390.25,378.25,375.75,393.5,5540,8217
,5/2/2016,1021.5,1035.5,1012.25,1036.25,7457,6582,4/29/2016,330,332.1,326.1,334,3171,5389,5/2/2016,388.75,390.25,383.5,391,8370,11174
,4/29/2016,1015.25,1021,1009,1029,15257,7789,4/28/2016,324.3,330.6,322.5,336.7,27371,6415,4/29/2016,387,390.25,385,392,20109,15056
,4/28/2016,1015.5,1018,1008.5,1036.75,44049,13555,4/27/2016,322.9,325.2,319,325.6,32601,10553,4/28/2016,379.75,387,378.5,390.75,74352,21879
,4/27/2016,1017,1019,1002,1020,57506,27332,4/26/2016,315.4,323.3,312.5,323.9,36429,16931,4/27/2016,382,380.75,377,382.75,89197,50626
,4/26/2016,999.25,1017.75,991.75,1018.75,88136,38734,4/25/2016,310.4,316.4,305.7,325.2,40481,22905,4/26/2016,377.25,382.25,374,383,110843,71293
,4/25/2016,985,999.75,977.25,1020,73925,58367,4/22/2016,325.9,311.7,308.2,326,43731,34626,4/25/2016,371.25,377,368.5,385,123098,93994
,4/22/2016,1016.75,987,979,1017.25,110533,77336,4/21/2016,318.4,325.2,315.7,331.7,66252,50126,4/22/2016,384.25,371.75,370.5,384.25,174983,115580
,4/21/2016,1007.75,1018.75,1002.5,1034.75,134189,139181,4/20/2016,304.1,318.9,302.5,319.2,69761,59796,4/21/2016,394,384.5,383.25,402,191428,173454
,4/20/2016,981.5,1009.75,975.75,1012.25,222893,146415,4/19/2016,293,305.1,292.8,305.5,63386,67848,4/20/2016,384.5,394.75,383.25,395.5,217781,191932
,4/19/2016,954.25,985.5,953,987,213324,174852,4/18/2016,295.6,293,291.8,299.8,59306,75128,4/19/2016,380,384.5,380,386,280508,210430
,4/18/2016,955,954.25,949.75,964.25,151588,204833,4/15/2016,289.3,295.9,288.8,297.1,48398,86256,4/18/2016,375.25,381,375,384,222137,254259
,4/15/2016,947.5,956,946.5,958.25,167980,218443,4/14/2016,293.2,290.1,288.3,295.4,60362,91576,4/15/2016,373.5,378.5,372,380.5,295448,260254
,4/14/2016,955.25,948,945.5,959.5,178212,239304,4/13/2016,285.9,292.7,285.5,293.6,86406,96292,4/14/2016,373,374,369.75,374.5,296749,290718
,4/13/2016,938,955.75,937.25,957.75,249399,253421,4/12/2016,280.1,285.1,279.2,285.9,98622,105837,4/13/2016,363,373.5,363,374.75,392883,325001
,4/12/2016,927.5,936.25,924.75,938.75,220988,265238,4/11/2016,273.7,280.1,273.4,280.7,84972,126902,4/12/2016,357,362.75,356.75,365.5,341615,373297
,4/11/2016,916.25,928.25,915.5,929.5,182496,279124,4/8/2016,266.8,273.7,266.5,274.2,93504,126902,4/11/2016,362,356.75,356,362.25,249689,418986
,4/8/2016,905.25,916.75,903,917,157543,293828,4/7/2016,267.8,266.8,266.6,268.8,39468,135392,4/8/2016,361.5,362.25,359,362.75,227920,446758
,4/7/2016,908,904.5,903.5,909.75,133446,296239,4/6/2016,268.7,267.9,265.9,269.3,48886,139595,4/7/2016,357.75,361.5,357.5,362,281791,492020
,4/6/2016,904.25,908,901,909.75,119318,314264,4/5/2016,268.2,268.7,267.5,270.2,51777,142049,4/6/2016,356.75,358,355,359,174258,546999
,4/5/2016,911.5,904.75,904,916.5,124866,316477,4/4/2016,272.5,268.2,268,273.9,48016,150999,4/5/2016,354.5,356.75,353.5,357,208622,561245
,4/4/2016,918.5,913.5,912.75,922.25,104289,332499,4/1/2016,270.6,272.3,269.6,273,40624,147956,4/4/2016,353.75,354.5,350.75,355,183736,571785
,4/1/2016,909.25,918.25,908.25,920,126750,336799,3/31/2016,271.5,270.3,268.1,274.9,76247,148925,4/1/2016,351.75,354,347.25,354.5,268649,578995
,3/31/2016,908.5,910.75,896,914,216652,341441,3/30/2016,273.2,271.9,271.4,275.2,44667,148734,3/31/2016,366.75,351.5,347.5,367.25,522428,586734
,3/30/2016,915.25,909,908.25,917,126146,339142,3/29/2016,272.1,273.2,270.6,273.5,43368,150269,3/30/2016,372.5,367,366.75,374,214614,571389
,3/29/2016,908.25,916,907,917,127052,348318,3/28/2016,275.2,272.1,271.9,276.2,38043,154363,3/29/2016,370.5,373,368.5,373,174314,582851
,3/28/2016,911,909,906.25,914.75,91130,344743,3/24/2016,271,275.3,270.1,276.6,64538,158026,3/28/2016,369.5,370.5,367.75,372,127556,600368
,3/24/2016,905.25,910.5,902,911.75,118016,346989,3/23/2016,270.8,270.9,268.2,272.2,33330,157117,3/24/2016,368.75,370,367.25,370.25,146167,607397
,3/23/2016,909.5,905.25,901.5,912.5,119595,349137,3/22/2016,268.8,271,268.2,273.4,64515,159526,3/23/2016,369.75,368.5,366,370,126700,613585
,3/22/2016,901.5,910.25,900,914,181690,352036,3/21/2016,266.7,268.8,266,269.7,38719,163881,3/22/2016,369,370,368.75,371.75,148114,616881
,3/21/2016,895,902,892.25,905,109825,342732,3/18/2016,266.8,266.6,266.2,268.8,34220,166395,3/21/2016,366.5,369.5,365.75,370,109502,629418
,3/18/2016,897,897.5,896,904.75,80428,343834,3/17/2016,267.7,267,265.5,270.8,55851,165615,3/18/2016,368,367,366,369.25,96097,634864
,3/17/2016,895,897.75,893.5,904.5,148891,341789,3/16/2016,268,267.7,265.1,268.1,40413,162858,3/17/2016,368.25,368.5,366.5,372,197301,636918
,3/16/2016,891.5,894.5,886,894.75,94822,339488,3/15/2016,271.8,268.2,266.7,271.9,60932,165518,3/16/2016,367.75,368.25,366,368.5,104231,632327
,3/15/2016,894.75,892,888.5,895.5,101683,336063,3/14/2016,,268.1,,,31,31,3/15/2016,367.75,368.5,366.25,369.25,111210,639438
,3/14/2016,889,888,888.75,890,162,53,3/11/2016,269.6,272,269.6,271.6,27,22,3/14/2016,366,366.75,364.25,367.75,387,338
,3/11/2016,882.75,888,882.75,888.75,135,109,3/10/2016,268.9,270.2,267.5,270.4,263,60,3/11/2016,362.5,366,362.25,366.25,1779,669
,3/10/2016,880,881.75,875.5,882.5,313,220,3/9/2016,271,269.6,268.8,271.1,362,197,3/10/2016,358.5,362.5,357.75,363,800,1706
,3/9/2016,880,880,877.5,882.5,398,430,3/8/2016,267.5,270.8,266.6,271,492,383,3/9/2016,358.75,359,356,360,1749,2114
,3/8/2016,872,877.5,870.5,877.5,787,712,3/7/2016,268.9,268.5,268.5,271.2,1097,880,3/8/2016,355,358.75,354.25,361,1194,3165
,3/7/2016,875,873.5,873,879.75,1293,1197,3/4/2016,263.2,267.7,263.2,267.7,655,1325,3/7/2016,357.5,355,354.5,358.5,1174,3705
,3/4/2016,860.5,870.5,860.5,871.75,6143,1843,3/3/2016,262.6,262,259.6,262.9,813,1717,3/4/2016,354,354.5,353.5,357.75,2335,6674
,3/3/2016,855,856.25,850.5,858,4904,3627,3/2/2016,258.4,261.2,258.3,262.4,964,2050,3/3/2016,354,353.75,351.75,355.5,4106,7846
,3/2/2016,850.25,854.25,849,857.75,7854,4809,3/1/2016,259.1,258.1,257.6,260.7,3712,2402,3/2/2016,353.75,354.5,352.5,355.5,2360,9878
,3/1/2016,853,850.75,849.75,858.25,9982,6007,2/29/2016,257.5,259.3,256.2,259.9,5612,3864,3/1/2016,353.5,353.75,353,355,11130,11204
,2/29/2016,854,853,852,857,12540,9800,2/26/2016,260.4,257.2,255.7,260.8,23884,4861,2/29/2016,355,353.5,353,357,23036,16103
,2/26/2016,860,855,854.5,862.5,58897,14183,2/25/2016,262.9,260,259.8,263.7,32734,14866,2/26/2016,355.5,354.5,352.5,356.25,120564,23849
,2/25/2016,867,859,858.5,871,83698,33363,2/24/2016,263.3,262.9,262.6,265,34839,30193,2/25/2016,359.75,355.5,355,361.5,147056,70946
,2/24/2016,869.25,867.5,864.5,870.5,91102,60967,2/23/2016,264.8,263.2,261.6,264.8,39926,38803,2/24/2016,362,359.75,358.75,362.75,170408,120411
,2/23/2016,880,869.25,868,880.25,110272,87205,2/22/2016,265.8,264.9,264.5,268.4,52635,54456,2/23/2016,367,362,361.5,367.25,127839,164713
,2/22/2016,881.75,881,880.25,887.5,143714,114323,2/19/2016,263.5,264.5,263.2,265.8,64110,70065,2/22/2016,366.5,367.5,366.25,369.25,218973,194169
,2/19/2016,879.5,878.25,877.75,881.75,123010,140048,2/18/2016,264.2,263.5,262.5,265,42394,87381,2/19/2016,365.25,365.5,364.75,367.5,197441,234630
,2/18/2016,882.25,879.75,878,882.75,131756,156107,2/17/2016,264.7,263.6,263.3,266.4,44482,94068,2/18/2016,367,365.5,365.25,368,231650,297265
,2/17/2016,879,882.5,876.75,885.25,171253,181091,2/16/2016,263,264.8,262.7,267.2,64326,99895,2/17/2016,362.75,367.25,362,367.5,174335,345630
,2/16/2016,875.5,879.75,873.25,882.75,168027,193641,2/12/2016,263.7,262,261,264.7,41115,107165,2/16/2016,359.75,363,359,363.5,213497,370828
,2/12/2016,873,872.75,868.5,875.5,91788,206664,2/11/2016,261,263.7,260.4,264.7,63702,116498,2/12/2016,361,358.75,358.25,362,183832,402063
,2/11/2016,862.25,873.5,862,874.25,145579,219330,2/10/2016,263.3,261,260.7,263.6,46308,125167,2/11/2016,360,360.25,358.5,363.25,219260,423379
,2/10/2016,863.5,862.25,861.5,866.25,112212,230729,2/9/2016,264.4,263.1,261.6,265.2,52674,131682,2/10/2016,361,360.25,359.25,361.75,148373,435724
,2/9/2016,862.75,863.25,859.5,866.5,136517,243044,2/8/2016,265,264.5,263.3,266.2,44927,136139,2/9/2016,362.25,361,359.25,362.75,262404,469636
,2/8/2016,867.5,862.5,861.5,868.75,114019,256337,2/5/2016,267.6,265,264.2,269.1,69027,144871,2/8/2016,366,362.25,361.5,367,222967,485639
,2/5/2016,875.75,867.5,867.25,879,150936,262700,2/4/2016,270.9,267.6,267.2,272.5,56073,153249,2/5/2016,369,365.75,365.5,369.5,232059,526724
,2/4/2016,878,874.5,872.75,884.25,160779,282141,2/3/2016,274.6,270.1,269.2,274.7,56788,155795,2/4/2016,371,368.5,368,373.5,181870,571053
,2/3/2016,885.5,876.75,874.25,886,137447,282866,2/2/2016,270.6,274.6,269.3,274.9,57866,159033,2/3/2016,372,371,370.25,373.25,156546,583358
,2/2/2016,880.25,886.25,878.25,889.5,142056,299142,2/1/2016,272.7,271,269.1,272.9,40198,163076,2/2/2016,371.25,372.5,369,373.75,203481,585645
,2/1/2016,883,880.75,876,883.25,101524,296117,1/29/2016,267.4,272.4,266.6,272.7,61689,167719,2/1/2016,371,371.25,367.75,371.75,144223,588307
,1/29/2016,868.75,882.25,867,883,137841,300555,1/28/2016,272.6,266.9,266,273.4,68266,171050,1/29/2016,365.25,372,365,372.5,220973,603521
,1/28/2016,882.5,867.75,867.25,884.25,151110,302591,1/27/2016,270,272.5,269.5,273.4,45910,171887,1/28/2016,368.75,365.5,365,370.25,180821,606956
,1/27/2016,876,883,875.5,885,120976,303513,1/26/2016,272.8,269.9,269.6,273.4,42744,174694,1/27/2016,368.75,369.25,367.5,371,176387,621800
,1/26/2016,879.75,876.5,875.5,882.5,95467,297197,1/25/2016,269.4,272.5,268.4,273.5,51826,178149,1/26/2016,369.25,369.25,367,372,167690,620023
,1/25/2016,876.5,880.5,871,882,115141,297831,1/22/2016,272.7,268.5,268.1,274.4,49511,182625,1/25/2016,370,369.75,368,373,153213,638491
,1/22/2016,879,876.5,874.5,886.5,101537,300020,1/21/2016,269.9,272.2,269,273.8,57566,182721,1/22/2016,366.75,370.25,366.5,371.5,163779,653797
,1/21/2016,874.5,878.5,872.25,885.75,147352,303866,1/20/2016,271.6,269.8,268.7,271.8,39978,183701,1/21/2016,368.75,367,365.5,372,245065,659902
,1/20/2016,882,874,870.5,883.75,137886,302941,1/19/2016,270.7,271.3,270.1,273.4,43694,185635,1/20/2016,367.5,368.75,365.25,369.25,193968,671641
,1/19/2016,881,883.5,880.5,888,120808,306888,1/15/2016,274.1,270.7,268.1,274.1,49095,190143,1/19/2016,364,367.75,364,369.5,227108,677280
,1/15/2016,882.25,879,871,882.75,120442,310946,1/14/2016,272.8,269.7,270.1,272.8,287,171,1/15/2016,358,363.25,356,363.5,179659,691677
,1/14/2016,897,896,892,900.5,421,71,1/13/2016,274.8,272.9,272.1,275.1,401,218,1/14/2016,357.75,358,355.5,360.25,163853,696238
,1/13/2016,892,899,890.75,899,1184,457,1/12/2016,269.8,274.7,267.9,275,339,318,1/13/2016,356,358,355.5,360.75,216869,701983
,1/12/2016,881.5,890.75,875.5,899.5,2427,1262,1/11/2016,267,268.8,266.3,270.4,457,537,1/12/2016,352,356.75,349.5,363.75,298175,710005
,1/11/2016,880,881,878,885.75,1143,3094,1/8/2016,268.4,267.9,267.8,269.9,455,758,1/11/2016,357,351.75,349.5,357.25,174492,725476
,1/8/2016,877.5,879.5,877.5,884.75,3592,3458,1/7/2016,266,266.2,265,267.9,800,1099,1/8/2016,353,357,352.75,357.75,178645,719406
,1/7/2016,875.75,877,869.75,880.25,3615,5368,1/6/2016,265.1,266.9,263.5,268.7,769,1526,1/7/2016,353.25,353,348.5,354.25,151656,727244
,1/6/2016,867,875.75,861.75,878.25,3910,6732,1/5/2016,263.8,265.3,263.8,267.8,1641,1947,1/6/2016,353.5,353.25,350.25,354.75,138855,727995
,1/5/2016,866.25,867.75,866.25,873.5,5460,8026,1/4/2016,264.1,263.2,262.8,265.4,1703,2648,1/5/2016,352.75,353,351.75,356,147255,730600
,1/4/2016,870.75,864.5,861.75,873.5,9343,10699,12/31/2015,265.5,264.3,263.9,266.7,4423,3283,1/4/2016,359.5,351.5,350.5,360,188747,727298
,12/31/2015,875,871.25,870,879.25,13719,13019,12/30/2015,268.5,265.8,265.4,269.8,11872,5374,12/31/2015,358.5,358.75,357.5,360.25,77003,714853
,12/30/2015,870,875.5,869,878.25,34292,18252,12/29/2015,267.5,268.5,267.1,270.2,16070,8767,12/30/2015,362.5,359,358,364,102103,709297
,12/29/2015,866.5,870,865,876.25,55929,27996,12/28/2015,268.5,267.3,266.5,268.9,23185,13531,12/29/2015,361,362.5,357,363,123500,704409
,12/28/2015,873,865,864,874.5,54719,41805,12/24/2015,272.8,269,268.8,273.6,12333,21897,12/28/2015,363.75,361,360.5,365.5,101006,696219
,12/24/2015,882.75,875.25,875,885,36085,58158,12/23/2015,277.3,272.4,272.1,278.2,26495,27451,12/24/2015,365,364.5,363.5,365.75,57476,691101
,12/23/2015,885,881.75,881,888.75,66400,71137,12/22/2015,278.9,276.9,276.5,281.6,29603,34282,12/23/2015,366.5,365.5,364.5,367.75,95523,697568
,12/22/2015,891,885.25,885,895,64155,88038,12/21/2015,281.5,279,278.2,282.8,38560,40541,12/22/2015,372,366.25,366,374.5,124216,690004
,12/21/2015,892,891.25,887,896.25,80678,97514,12/18/2015,275.6,281,275.1,282.9,47791,52848,12/21/2015,374,372,369.75,377,129720,692396
,12/18/2015,876,892.25,873.25,893.5,138493,111838,12/17/2015,269.6,275.9,266.4,276.2,52279,62285,12/18/2015,374.25,374.5,372.75,379.5,180303,689531
,12/17/2015,860,877,854,878.25,155857,131663,12/16/2015,271.8,269.9,267.9,273,43802,70076,12/17/2015,370.25,374.25,362.5,375,269285,691739
,12/16/2015,867,862.5,856,871,138449,147480,12/15/2015,275.5,271.8,271.5,276.4,44642,76788,12/16/2015,377,369.75,369.25,377.75,159022,696603
,12/15/2015,873.5,867.25,866.5,877.5,115700,156400,12/14/2015,275.3,277.8,274.8,276.2,165,0,12/15/2015,378.25,377.25,375.75,379.5,103753,695849
,12/14/2015,870.75,874.25,868,877.75,105495,167003,12/11/2015,276.5,272.2,271.1,276.5,254,160,12/14/2015,373.5,381.75,373.5,381.75,1013,92
,12/11/2015,878.25,870.75,870,884.25,130808,186489,12/10/2015,279,274.2,275.5,280,735,255,12/11/2015,377,373,372.75,378.75,2061,816
,12/10/2015,877,878.25,872.75,886.5,116291,195837,12/9/2015,277.3,278.8,276.5,279.8,726,607,12/10/2015,372.5,377.25,371.75,379.25,2951,2474
,12/9/2015,877,876.75,869.75,883.75,122830,215374,12/8/2015,280,276.6,275.9,280.4,699,1025,12/9/2015,370.75,371.75,368.5,376.75,3550,4444
,12/8/2015,886,876.75,872.75,887,155245,221560,12/7/2015,284.7,278.9,279,285.8,1393,1479,12/8/2015,369,370,367.25,371,3115,6411
,12/7/2015,906,882.25,881.25,909.75,160092,237552,12/4/2015,286.5,285.1,284.9,288.5,1850,2400,12/7/2015,375.75,368.5,368,376,3397,7935
,12/4/2015,897,906,892.75,907,124907,247737,12/3/2015,286,287.1,283.3,287.5,1500,3439,12/4/2015,370,376.25,369.75,376.5,4951,9572
,12/3/2015,891,897.5,885,898,115330,254745,12/2/2015,286.3,286.3,285.1,287.4,2667,4307,12/3/2015,363.75,370.25,361.25,371.25,11682,11442
,12/2/2015,889,892.25,884.5,894.75,113712,260336,12/1/2015,283.9,285.7,283.9,290.6,2672,5969,12/2/2015,367,364,363.5,367,4775,15879
,12/1/2015,881,889.25,880,891.75,120518,268077,11/30/2015,282.7,284.6,281,284.9,7486,7011,12/1/2015,365.25,367,364.5,368.75,10597,18089
,11/30/2015,873,881,870.25,883.25,109282,275235,11/27/2015,285,282.4,282.2,285.8,15889,9783,11/30/2015,359.75,365,359.25,366,33639,21434
,11/27/2015,874.25,873,871,877.75,62645,282226,11/25/2015,283.7,284.8,283.2,286.2,40218,14368,11/27/2015,365.25,359.25,358.75,365.75,73101,33153
,11/25/2015,863,875.25,861.5,877,105565,281387,11/24/2015,285.2,283.8,283.6,286.7,32810,28477,11/25/2015,364.25,366,364,366.5,147246,63539
,11/24/2015,864,863.75,861.25,869.25,94127,286505,11/23/2015,282.9,285.3,278.5,285.6,40294,38298,11/24/2015,367,364.25,364,367.25,163371,120790
,11/23/2015,855,864.25,844.25,865.25,135936,290631,11/20/2015,286.9,283,282.7,288.2,48504,48389,11/23/2015,362.5,367.25,360,367.5,177566,179411
,11/20/2015,860,857.5,852,861.25,111562,291143,11/19/2015,285.7,286.6,284.5,287.8,48772,64399,11/20/2015,363.5,363.25,362,366.5,188672,229126
,11/19/2015,858,860,852.5,863,96810,293611,11/18/2015,288.6,285.6,283.4,289.9,62155,74213,11/19/2015,361.75,364.25,360.25,365.5,175839,284375
,11/18/2015,864,857.75,852.5,867.5,126821,296566,11/17/2015,288.5,288.5,287.9,290,42022,82379,11/18/2015,362,361.75,358.5,364.25,245397,313903
,11/17/2015,859.5,864,857.75,865,73486,289437,11/16/2015,288,288.8,287.7,289.7,41788,87206,11/17/2015,360,362,358.25,362.5,195761,342656
,11/16/2015,854.25,859.5,851.25,860.5,72785,289829,11/13/2015,291.1,288.8,288.3,291.4,38423,94676,11/16/2015,358.25,360,357.25,360.75,139156,372830
,11/13/2015,871.75,859,860.5,871.75,153,32,11/12/2015,293.8,291.4,291,294.3,42536,99370,11/13/2015,361.5,358.25,358,362.25,165822,391571
,11/12/2015,869.75,869.25,865.25,874.75,1521,93,11/11/2015,292.1,294,291.2,294.3,36400,104352,11/12/2015,361.75,362,359.25,363.5,264486,413097
,11/11/2015,865.75,868.5,863.5,869.75,1574,978,11/10/2015,295,292.2,290.2,295.8,55858,111770,11/11/2015,360.5,362.25,359.5,363.5,274519,449695
,11/10/2015,875,864.5,859.25,875.25,1793,1997,11/9/2015,295.7,295,294.6,297.2,29232,117876,11/10/2015,367,359,356,367.75,428758,479245
,11/9/2015,872,873.5,871.25,877.25,2415,3313,11/6/2015,296.9,295.7,294,297.7,46119,121379,11/9/2015,372.75,366.75,366.5,375.5,295989,504938
,11/6/2015,868,871.25,863.25,873,1643,4324,11/5/2015,301.5,296.4,296.2,302.6,56589,125794,11/6/2015,374.75,373,370,375.25,218103,550478
,11/5/2015,882.5,867.75,867.25,882.5,3089,5260,11/4/2015,302,301.8,300.3,303.8,38460,124765,11/5/2015,379.5,374.5,373.75,379.75,241092,571498
,11/4/2015,878.5,882,878.5,886.25,4218,6397,11/3/2015,302.5,301.3,301,305.2,38954,125176,11/4/2015,379.5,380.5,376.5,383.5,245045,586275
,11/3/2015,878.5,878.5,875,887.5,7186,8220,11/2/2015,305.1,302.2,301.5,306.8,36999,126109,11/3/2015,376.5,380.5,375.75,382.25,247284,605691
,11/2/2015,883.75,877.75,877.25,889.25,8873,10170,10/30/2015,302,304.4,301.6,306.2,46894,126830,11/2/2015,381.25,376.5,376,381.75,173276,628961
,10/30/2015,877,883.75,876.75,886.75,23113,12115,10/29/2015,299.9,301.6,298.2,303.4,59736,128209,10/30/2015,379.75,382.25,378.75,383.75,152847,632271
,10/29/2015,881,878.75,873.25,885,81621,21292,10/28/2015,304.6,299.9,298.8,305.3,58430,131625,10/29/2015,376,380,375.5,380.5,146184,634218
,10/28/2015,890.5,881.5,881,891,109033,41633,10/27/2015,302.1,304.7,300.6,308.3,55842,134802,10/28/2015,379.75,376,375.75,380.75,153094,638374
,10/27/2015,885.75,891.25,882,895.25,97849,68518,10/26/2015,305,302.2,300.5,306.2,70572,138399,10/27/2015,384,380,379,387.5,205737,639249
,10/26/2015,895,885,884,899.5,146578,84077,10/23/2015,307.9,305.1,304.2,308.3,50804,152576,10/26/2015,380,384.5,378,385.75,200132,649433
,10/23/2015,898.75,895.5,892,901,135626,117713,10/22/2015,310.7,307.8,307.6,313.4,42939,157793,10/23/2015,377.75,379.75,375,380,171647,651394
,10/22/2015,905,898.75,897.5,913,161695,181644,10/21/2015,309.5,310.5,308.6,312.4,43424,160375,10/22/2015,380.25,378.25,377.5,383.5,132712,661449
,10/21/2015,896,905.25,894.5,907,141806,194338,10/20/2015,310.5,309.5,309.2,314.6,52362,162031,10/21/2015,377,380.75,375.5,381,215666,672270
,10/20/2015,890.25,896,889.5,901.75,149191,205272,10/19/2015,311.9,310.8,310,313.3,39878,161951,10/20/2015,372.75,376.75,372,377.75,169213,697602
,10/19/2015,897.5,891,890.75,900.5,154119,216471,10/16/2015,313.3,312,310.7,315.5,41051,161565,10/19/2015,377.25,373,372.5,377.5,120046,697787
,10/16/2015,904.25,898.25,897.25,910.5,141192,238573,10/15/2015,315.7,314,313.2,318.7,42331,161549,10/16/2015,375.5,376.75,372.5,378,142264,696102
,10/15/2015,909,905.25,904,915.75,141941,251395,10/14/2015,,317.8,,,15,0,10/15/2015,378.75,375.5,375,379.5,123418,699199
,10/14/2015,912,910.5,909,919.75,172208,259405,10/13/2015,313.5,320.7,313.5,322.3,259,15,10/14/2015,384.5,379,378.5,386.75,137517,702261
,10/13/2015,886.25,914,886,915,239517,272368,10/12/2015,307.6,309.3,307.6,309.2,218,215,10/13/2015,381,384.5,379,384.75,148065,705798
,10/12/2015,885.5,887.5,885.5,894.5,127467,278897,10/9/2015,303.9,306.9,302.2,308.4,213,417,10/12/2015,381.5,380.75,380.25,385.25,134597,706026
,10/9/2015,880.5,885.75,871.5,897,236991,289219,10/8/2015,305.6,303.8,302.5,305.6,290,534,10/9/2015,391,382.75,381.5,394.25,262772,705129
,10/8/2015,890,881.25,880,891.75,152530,298907,10/7/2015,302,305.2,302,305.9,420,678,10/8/2015,394.75,391.25,390.5,395.75,131351,725633
,10/7/2015,887.25,891,885.75,896,120545,317493,10/6/2015,300,301.8,300,305.4,571,931,10/7/2015,397.5,395.75,393.75,399.75,146387,735372
,10/6/2015,879.25,888,879.25,895.5,134181,332082,10/5/2015,299.6,301,299.6,302.1,953,1355,10/6/2015,392.75,398.25,391.75,399,190309,741432
,10/5/2015,874,884.25,872,886,110820,339607,10/2/2015,304.1,298.5,298.4,304.3,2391,1788,10/5/2015,389.25,393.5,388.75,394,113450,737706
,10/2/2015,877,874.25,868.25,882,169182,345293,10/1/2015,308.4,302.6,302.4,308.4,2422,2955,10/2/2015,388,389.25,384,391.5,164402,742416
,10/1/2015,891.5,877.25,876.75,899.25,170663,348203,9/30/2015,305.6,308.3,304.7,312,9182,4218,10/1/2015,387.75,388.75,385,393,136427,745070
,9/30/2015,883.5,892,881.25,902.25,196549,362761,9/29/2015,304.4,305.7,302.5,306,24224,8144,9/30/2015,389,387.75,383.5,394.5,268863,744993
,9/29/2015,876.25,884.25,873.5,884.75,106478,365610,9/28/2015,308.5,304.7,303.7,310.3,27818,15037,9/29/2015,387.25,389,385,389.5,128653,746191
,9/28/2015,888,876.75,875.75,892,122366,371625,9/25/2015,303,308.7,303,309.5,23238,22770,9/28/2015,388.75,386.75,383.75,392.5,143666,745978
,9/25/2015,869,889.25,869,890,154414,382579,9/24/2015,303.5,302.4,300.8,304.3,24680,27438,9/25/2015,381.25,389,381,389.5,143043,754864
,9/24/2015,863,868,858,869.25,112270,386310,9/23/2015,304.9,303.1,302.8,307.3,18535,33295,9/24/2015,382.75,381.5,379.25,384,106335,744278
,9/23/2015,861.25,863.75,861,869.5,106538,383886,9/22/2015,309,304.9,304.5,309.9,19783,38030,9/23/2015,379.5,383.25,379,384.5,99196,744856
,9/22/2015,871.25,861.75,861,873.5,118016,383932,9/21/2015,309.4,309.6,307.9,310.5,13763,40221,9/22/2015,384,380.5,377.25,384.5,125418,742718
,9/21/2015,868,874.25,865,877.25,98206,383368,9/18/2015,313,309,308.7,314.9,14003,42499,9/21/2015,376.5,384.5,375,385.5,148745,741798
,9/18/2015,883.75,867.25,866.5,886.5,119982,384567,9/17/2015,316.2,313.2,312.9,317.7,12687,44544,9/18/2015,380,377.25,376.5,382.5,122700,734466
,9/17/2015,886.75,884.5,880.5,890.5,79487,381796,9/16/2015,318.6,316.3,315.1,319.8,14867,45897,9/17/2015,385.25,379.75,379.25,385.5,100749,730920
,9/16/2015,889,887.25,883.25,894.5,120932,383182,9/15/2015,314.3,318.6,314.3,320,19368,47315,9/16/2015,390,386,383,391,136515,734898
,9/15/2015,886.5,889,883,894.5,106777,383492,9/14/2015,314.7,312.7,314.5,315.2,269,35,9/15/2015,392.75,390.5,388.75,395,137584,744460
,9/14/2015,887.25,882.75,882.75,898,540,73,9/11/2015,312,314.1,308,314,994,244,9/14/2015,377.5,379,375,381,741,238
,9/11/2015,886,887.75,866,888.75,454,507,9/10/2015,313,311.4,310.9,314.7,833,1000,9/11/2015,361.75,374.5,357,374.75,2234,639
,9/10/2015,882.75,884.5,882.75,888,351,877,9/9/2015,311.7,312.5,310.9,313.7,558,1609,9/10/2015,356,361.75,355.5,362.25,2090,1989
,9/9/2015,888.25,882.75,882.5,894,573,1092,9/8/2015,313.3,312,308.8,314.4,2555,1907,9/9/2015,353.25,356.5,353.25,359.25,4069,2460
,9/8/2015,884,890.75,882.25,895,923,1444,9/4/2015,316.6,313.9,313.3,317.1,958,2906,9/8/2015,354.25,355,351,355.5,4757,3661
,9/4/2015,879.75,877.25,876.5,885.5,879,2168,9/3/2015,318.1,316.5,314.1,320.2,1261,3346,9/4/2015,348,349.5,346.75,351,5793,4093
,9/3/2015,883.75,879.75,878.5,891.25,991,2757,9/2/2015,318.3,318.1,314.2,322.1,2923,4235,9/3/2015,354,347.75,347.25,354.5,8523,5156
,9/2/2015,882.5,883.75,874.25,888.5,910,3382,9/1/2015,320.9,317.9,316,320.9,2023,5581,9/2/2015,356.75,354,351.25,358,8732,6774
,9/1/2015,891.75,884.75,878.75,896,1376,3907,8/31/2015,320.8,320.9,318.5,323.2,5457,6059,9/1/2015,362.5,356,355.25,362.5,14224,8019
,8/31/2015,894.25,897.5,880.75,898,2125,4387,8/28/2015,323.5,321.4,320.4,325.8,17003,7911,8/31/2015,362.25,363.75,359.75,365.25,26929,11398
,8/28/2015,887.25,893.25,884,895.75,9497,4852,8/27/2015,325,322.9,322.6,327.8,26014,14810,8/28/2015,362.5,363.25,362.25,368.75,121534,20425
,8/27/2015,879.5,886.25,879.5,894.25,15895,10101,8/26/2015,327.6,324.4,323.9,330.1,18145,23999,8/27/2015,362.5,363.75,360.25,367.25,128432,64216
,8/26/2015,893.25,877.75,877,898.5,15241,15315,8/25/2015,326,327.6,326,331.2,23781,31181,8/26/2015,365.25,361.75,361.5,369,82911,103780
,8/25/2015,893,894.25,887,908,16197,19193,8/24/2015,325,326.4,319.5,332,23713,37891,8/25/2015,368,365.5,363.75,375,110032,127210
,8/24/2015,899.5,892.75,874,906.25,18851,23449,8/21/2015,330.9,326.9,326.5,332.3,20750,43875,8/24/2015,365,368.75,354,370.25,157282,147493
,8/21/2015,920,905.25,903.75,921,21281,29673,8/20/2015,325.2,330.9,323.1,332,18375,47779,8/21/2015,370.25,365.25,364,372.5,96220,172398
,8/20/2015,904.75,921.5,898.25,923,18829,40709,8/19/2015,324.6,324,322.2,327.6,17066,51609,8/20/2015,367,371,367,371.75,106836,210419
,8/19/2015,913,903.5,899.75,917.25,16772,42472,8/18/2015,325.1,324.6,322,326.9,14848,52365,8/19/2015,366,367.25,365.75,372,95765,224014
,8/18/2015,925.25,913.25,912.25,929.25,14548,42389,8/17/2015,324.1,325.4,324,329.7,12711,54361,8/18/2015,363,366.25,361.75,368.25,92424,239913
,8/17/2015,920,927,919.25,933.5,12809,43187,8/14/2015,333.8,330.9,333.8,333.8,5,5,8/17/2015,363.5,363.25,361.25,368,96021,254746
,8/14/2015,991.25,978.5,965,991.25,288,206,8/13/2015,335.1,344.1,333.4,345.4,145,5,8/14/2015,363.75,364,359.75,365.75,121627,274417
,8/13/2015,953,993,953,995,848,206,8/12/2015,348,335.9,327,351,630,104,8/13/2015,358.25,363.75,355.25,364.75,171458,296761
,8/12/2015,1018.75,951,950,1018.75,916,709,8/11/2015,359.8,347.9,346.6,359.8,546,551,8/12/2015,377,357.25,346.5,382.75,213756,316204
,8/11/2015,1039,1014,1013,1039.5,824,1398,8/10/2015,355,362.5,355,363.1,572,922,8/11/2015,388.5,376.5,376,388.5,150143,338664
,8/10/2015,1010.5,1044.75,1010.5,1045.75,1700,1895,8/7/2015,349.9,352.6,349,355,1380,1337,8/10/2015,374,390.25,373.75,391.5,179127,367932
,8/7/2015,982,1009,982,1010.25,1000,3023,8/6/2015,354,350.1,349.5,356,1210,2095,8/7/2015,370,372.75,366.5,375,135952,387515
,8/6/2015,991,985.5,983.75,992,1537,3625,8/5/2015,352.8,355.1,352.1,358.6,1579,2873,8/6/2015,372.5,369.75,369.25,375,90804,405888
,8/5/2015,974.5,991.75,974.5,992.25,1067,3868,8/4/2015,352.3,350.7,349.3,355.6,2602,3897,8/5/2015,368.75,372.75,367.5,373.75,124085,418120
,8/4/2015,977.5,976,971,986.5,2126,4301,8/3/2015,354.6,351.4,350.8,355.3,2629,5445,8/4/2015,368,368.75,366.75,372.75,84695,421855
,8/3/2015,978,977.5,971.5,983.75,3428,5190,7/31/2015,358.3,354.6,351,359.2,7321,6508,8/3/2015,370,366.5,365,370.5,87164,428543
,7/31/2015,993,980.75,979,995.25,9157,7202,7/30/2015,350.8,357.1,350.4,359.2,21203,10165,7/31/2015,374.75,371,369.25,377.5,108953,434934
,7/30/2015,982,990.25,982,1002.25,25531,10949,7/29/2015,346.1,350,344.5,352.3,21534,15027,7/30/2015,367.75,373.25,365.75,374.5,122979,447466
,7/29/2015,976.75,983,971.75,988.75,28191,18305,7/28/2015,343.2,345.2,342.5,349.1,18662,19570,7/29/2015,377.5,367.75,367,377.75,102337,461357
,7/28/2015,963,974.75,962.75,976.75,26707,23874,7/27/2015,352.4,344.2,342.9,352.5,28404,23786,7/28/2015,373.5,375,370,376,90252,467356
,7/27/2015,988,961.25,959.75,988.25,28464,28662,7/24/2015,359.1,354.8,351.9,359.7,27638,29880,7/27/2015,389,373,372.5,389.25,168643,473664
,7/24/2015,1010.5,991.25,988.75,1011.25,43122,35233,7/23/2015,364.7,359,355.2,366.2,32758,39638,7/24/2015,403.25,392.5,392,403.5,95623,492249
,7/23/2015,1021.25,1010,1004.25,1029,48381,53520,7/22/2015,360,363.5,357.2,365.8,27270,42388,7/23/2015,403.5,403.25,398.5,405.25,91749,505861
,7/22/2015,1018.75,1020.75,1011.5,1027.5,43514,63475,7/21/2015,356.6,359.9,355.8,360.5,15914,45316,7/22/2015,407.25,402.75,399.75,407.5,102950,512860
,7/21/2015,1011,1018.75,1008.25,1020,30275,68738,7/20/2015,359.9,356,354.4,359.9,19269,46626,7/21/2015,406.5,406.5,402.5,410.25,99828,515138
,7/20/2015,1012,1007.75,998.25,1012.75,27829,69292,7/17/2015,363.9,361.1,358.7,365.3,17130,49941,7/20/2015,418.5,405,404.5,418.5,115539,516087
,7/17/2015,1016.5,1014.75,1007.5,1021.25,19460,73938,7/16/2015,363.3,363.6,360.3,372.1,24225,53237,7/17/2015,428,420.25,418.25,429.5,108363,519669
,7/16/2015,1027.25,1019,1015.25,1038.25,24162,75991,7/15/2015,357.2,362.2,355.1,364.6,27161,55131,7/16/2015,430.25,430,428.25,438.75,144241,526143
,7/15/2015,1030,1025,1014.25,1035,28280,77773,7/14/2015,371.7,374.8,370,382.5,201,0,7/15/2015,427,429.5,421,431.75,155160,524849
,7/14/2015,1052.5,1039,1039,1060,296,99,7/13/2015,365,368,363,369,483,198,7/14/2015,433.75,424,423.25,436.25,712,473
,7/13/2015,1044.5,1045.25,1034.75,1051.5,531,265,7/10/2015,363.9,366,363.9,374.8,758,496,7/13/2015,427,433.5,424,434.25,1528,944
,7/10/2015,1037.25,1043.5,1035,1059,829,666,7/9/2015,355.2,364,355.2,366.1,1519,1204,7/10/2015,420,427.25,418,431,1961,1919
,7/9/2015,1008.75,1037.75,1008.75,1042.25,883,1421,7/8/2015,350.8,350.8,349.4,354.7,866,2202,7/9/2015,416.5,421.25,416.5,425,5157,2742
,7/8/2015,1008.25,1006.25,999,1016,1512,2115,7/7/2015,354.3,349.9,349,354.9,1381,2670,7/8/2015,414.75,416.25,411.75,420.75,5780,4344
,7/7/2015,1029,1002,1001,1034.25,2096,3290,7/6/2015,356.7,354.4,351.5,357.8,1549,3633,7/7/2015,412.5,415.75,407.75,416.25,6959,5359
,7/6/2015,1037,1033.75,1026.25,1042.5,1974,4434,7/2/2015,360.6,357.4,355.8,361.4,2162,4677,7/6/2015,417.75,418.5,408.75,419.5,10263,8072
,7/2/2015,1041.75,1045.25,1032,1055,3991,5246,7/1/2015,358.6,359.8,354,363.1,2923,6137,7/2/2015,413,419.75,409.75,422,11002,10706
,7/1/2015,1053.5,1044,1038.75,1060.25,8751,7605,6/30/2015,341.9,359.5,340,360.4,8506,7362,7/1/2015,411,413.75,403,417,18653,14585
,6/30/2015,1000.5,1056.25,993.75,1059.25,20171,11296,6/29/2015,340.7,341.9,339.3,345.1,27473,11294,6/30/2015,383.25,414,382.75,415,39750,19803
,6/29/2015,997.25,1002.5,995,1014.75,51498,16785,6/26/2015,336.8,341.3,336.1,348,38528,26124,6/29/2015,383.75,383.25,381.75,391.75,138122,26241
,6/26/2015,999,1002,997.75,1024.5,100939,36256,6/25/2015,328.3,336.7,327.4,337.2,30100,43131,6/26/2015,376,385,375.5,390,191984,75589
,6/25/2015,981,1000.25,980,1002.5,90872,69156,6/24/2015,331.9,328,327.4,332.4,33165,50515,6/25/2015,366,376.5,363.5,377,176632,131871
,6/24/2015,987.25,981.75,979,990.5,80675,83845,6/23/2015,333.2,331.9,327.2,335.9,47126,54757,6/24/2015,367,366.5,363.25,371,210672,163663
,6/23/2015,989.5,987.5,978,996,107174,96931,6/22/2015,323.8,333.6,323.1,335.3,47661,63239,6/23/2015,361,367.5,360.5,368.75,202628,206972
,6/22/2015,972.5,989.5,971.5,990,99654,110895,6/19/2015,325.8,323.1,321.6,327.8,37497,72289,6/22/2015,352.75,360,350.5,360.5,179336,234485
,6/19/2015,976,971.5,966.5,981.5,102493,129869,6/18/2015,324.1,326.6,319.8,328.3,46306,79249,6/19/2015,357.75,353.25,351.75,358,164909,270776
,6/18/2015,967,977.75,962,981.75,140565,147149,6/17/2015,320.9,323.7,319.4,325.6,59250,85858,6/18/2015,359,358,356,361.25,180245,294723
,6/17/2015,957.5,969,957.5,972,136516,166965,6/16/2015,313.2,320.8,311.5,321.9,65313,92172,6/17/2015,353.75,359.25,353.75,361.25,197540,319175
,6/16/2015,939,957.5,938.75,959,129787,186446,6/15/2015,317.7,313.2,308.9,318.2,69599,99615,6/16/2015,349,354,347.5,354.25,253135,341099
,6/15/2015,940,937.75,930.25,943.75,112442,202038,6/12/2015,313.5,317.4,312.3,323,64475,113742,6/15/2015,353,348.25,346.75,353.25,261742,370627
,6/12/2015,939,940,933.25,947,113304,208871,6/11/2015,314.4,313.4,312.2,316.4,46816,119798,6/12/2015,356,353,352.25,356.75,223042,404386
,6/11/2015,947.25,940,938,953,129713,230230,6/10/2015,316.3,314.4,313.6,318.4,64312,124013,6/11/2015,357.5,356.5,354.5,360,256052,436164
,6/10/2015,951.5,949.5,944.5,957.75,151232,245167,6/9/2015,310.2,316.5,309.9,316.9,60984,132645,6/10/2015,364.75,357.25,356.75,366.5,349011,491726
,6/9/2015,946,951.5,943.25,955,134068,267725,6/8/2015,305.8,309.5,304.8,311.9,62088,143964,6/9/2015,364.75,365,362.5,368.5,230801,534201
,6/8/2015,938.25,944.25,935.25,951,109450,289148,6/5/2015,305.7,304.9,303.9,307.5,48118,150717,6/8/2015,360.5,365.25,360.5,366.25,174596,580195
,6/5/2015,944.5,937.75,935.25,952,127998,302209,6/4/2015,302.5,305.7,301.4,307.7,46094,159828,6/5/2015,362.75,360.5,359.75,367.25,209282,598535
,6/4/2015,934.75,946.5,932,948.75,115650,320936,6/3/2015,302.4,302.7,299.3,304.7,56381,163888,6/4/2015,358.5,363.5,356.5,364.5,146468,621950
,6/3/2015,941.5,935.25,931.5,945.5,129165,331033,6/2/2015,297.7,301.8,297.2,304.5,59621,165523,6/3/2015,359,359,357,364,222940,634025
,6/2/2015,926,940.75,925.25,944.5,117943,342786,6/1/2015,304.8,296.6,296.3,304.9,73892,171578,6/2/2015,352,359,351.75,359.5,180406,643413
,6/1/2015,931,926,921.5,935,115283,350193,5/29/2015,305.2,305.7,302,307.8,54573,169200,6/1/2015,350.5,352.25,348.25,354.25,140812,655601
,5/29/2015,926,934,924.75,937.5,112312,351808,5/28/2015,307.9,304.8,302.8,311.4,75899,171892,5/29/2015,353.25,351.5,350,357,141539,663188
,5/28/2015,927,926,922,934.25,108108,349786,5/27/2015,301.9,308.1,301.8,308.6,61367,178597,5/28/2015,349.5,353.5,348.25,355,163613,669409
,5/27/2015,922,927,922,931.75,107395,350183,5/26/2015,304.2,301.9,301.7,308.1,65620,180541,5/27/2015,355,349.5,348.75,356.5,180699,682031
,5/26/2015,923.75,922.5,920.5,930.5,106436,348360,5/22/2015,304,304.2,303.6,307.9,48750,181964,5/26/2015,361,355,354,362.5,172180,693744
,5/22/2015,938,924.25,922.75,942.5,115966,354097,5/21/2015,304.3,304.1,303.5,306.4,36087,183384,5/22/2015,364,360,359.5,367.75,155675,691680
,5/21/2015,941.25,938.5,936.5,946.5,90906,352191,5/20/2015,306.8,304.5,302.7,307.2,46508,183276,5/21/2015,360,365,359.75,366.5,170412,679460
,5/20/2015,946.25,941.25,936.5,947.25,94327,351502,5/19/2015,308,307.1,305.1,308.5,44652,182981,5/20/2015,362.25,360,358.5,362.5,152947,689335
,5/19/2015,953.25,946.25,942,956,119636,352951,5/18/2015,303.2,308,302.2,308.9,44394,185170,5/19/2015,367.25,362,360.25,368.5,175468,691536
,5/18/2015,953.25,954.5,950,964.5,89562,356614,5/15/2015,302.2,303.3,301.7,304.3,43699,182792,5/18/2015,365.25,368,364,371.25,155820,687385
,5/15/2015,957.25,953.25,950.25,961.25,94596,357550,5/14/2015,303.8,310.6,301.1,306.7,118,0,5/15/2015,367.75,365.5,362,371.5,171130,684516
,5/14/2015,976.75,963,963,978.75,190,1,5/13/2015,304.5,301.7,301.8,305.1,135,112,5/14/2015,356.75,361,356,363.75,121,154
,5/13/2015,974.5,975,970.5,978.5,1392,133,5/12/2015,311.7,302.5,302.5,312.4,699,240,5/13/2015,356.25,356,352.75,359,579,298
,5/12/2015,982,967,967,991.25,1362,1299,5/11/2015,315.7,312.1,311.8,317.3,467,522,5/12/2015,358.25,357,355.25,362,406,504
,5/11/2015,983,983,981.5,989,1315,2366,5/8/2015,317.1,315.2,314.8,317.8,1287,821,5/11/2015,359,358.25,357,361,636,721
,5/8/2015,982.75,984.5,977.75,986.25,1691,3410,5/7/2015,318,317.4,315,319.2,1435,1485,5/8/2015,357.75,358.5,356.5,359,1210,1129
,5/7/2015,990.5,981.5,979.25,992.5,2962,4093,5/6/2015,318,317.6,316.2,320.8,1597,2573,5/7/2015,365.5,357.75,357.25,366.25,3293,1950
,5/6/2015,993.25,990.5,988.25,1000.5,2348,5117,5/5/2015,315,318.1,313.7,318.5,2367,3461,5/6/2015,361.75,366.5,361.75,369,2990,3769
,5/5/2015,982.5,993.5,981.5,994.5,2787,6390,5/4/2015,314.2,315.8,313.3,317.1,2172,4823,5/5/2015,357.75,361.25,354,361.75,4250,5123
,5/4/2015,968,983,966.75,984,3949,7840,5/1/2015,318.9,314.7,313.2,319.7,1897,5761,5/4/2015,359,358.75,356.75,360.75,3335,7870
,5/1/2015,979.75,968.5,964.5,980.5,5974,10287,4/30/2015,324.2,318.9,317.4,326.6,6151,6756,5/1/2015,362.5,359.75,357.5,363,6089,9164
,4/30/2015,979,978.5,975,997.25,13903,13871,4/29/2015,323.6,324.2,317.3,325.1,22127,9441,4/30/2015,364.25,362.5,360,367.75,19353,12574
,4/29/2015,977,988.5,974,989.75,51626,18964,4/28/2015,314.6,318.7,314.6,321.7,29618,16792,4/29/2015,361,363.75,359.5,364.5,79151,18412
,4/28/2015,972,977.5,972,988.5,78014,38283,4/27/2015,313.5,315.1,312.8,318,31409,23919,4/28/2015,360.5,361,359,363.5,116765,46713
,4/27/2015,968,973,965,979,62813,57783,4/24/2015,314.8,314.6,312.1,317.3,29372,34026,4/27/2015,363.75,360.75,360.5,365.25,139207,76232
,4/24/2015,978,969.75,966.75,981,62779,72606,4/23/2015,315.8,316.6,315.7,319.4,27677,42113,4/24/2015,371,364.5,363.75,371.25,145306,115999
,4/23/2015,971.25,978.25,971,983,83196,109417,4/22/2015,315.8,315.5,312.8,316.9,30819,49011,4/23/2015,372.5,370.75,370.25,378,191785,162919
,4/22/2015,973.75,970.5,965.25,976.5,108165,120913,4/21/2015,318,315.8,313.7,318.3,32338,55302,4/22/2015,373,372.5,369.25,374,141185,203968
,4/21/2015,976.75,975.25,968.75,977,67881,138943,4/20/2015,314,318.5,313.7,320,40800,61433,4/21/2015,377,373,371.25,377,179367,233266
,4/20/2015,968,977.5,967.5,981,110574,148971,4/17/2015,312,315,311.9,315.7,38588,66350,4/20/2015,379.5,378,375.75,381.75,133450,254397
,4/17/2015,965.25,968.75,963,972.5,90527,170762,4/16/2015,311.5,312.4,308.5,313.6,40234,74093,4/17/2015,376.25,379.75,375,380.75,152395,267505
,4/16/2015,964,966,955.5,970.25,90548,181989,4/15/2015,313.6,311.5,311.1,318,60011,78458,4/16/2015,375.75,376.25,373,377.75,122447,293453
,4/15/2015,959.25,965,958.75,976.75,155426,210049,4/14/2015,308.8,313.6,308.8,314.1,58462,84812,4/15/2015,372.75,376,370.5,379,220497,303003
,4/14/2015,948.75,960.25,948.5,961.5,142042,235582,4/13/2015,308.8,308.8,307.3,310,51526,95021,4/14/2015,371,373.5,370,374.75,173032,334766
,4/13/2015,948,948.75,945.75,957.5,103494,261498,4/10/2015,312.4,309.2,308.3,314.2,64690,105009,4/13/2015,375,370.5,370.25,376,184709,359817
,4/10/2015,954,951.5,944.5,958.5,125611,273410,4/9/2015,320.2,312.1,311.4,320.5,78786,117988,4/10/2015,378.25,377,374.25,379.5,196231,384552
,4/9/2015,971.25,953.5,950.25,972,170266,280951,4/8/2015,319.7,319.9,318.4,321.3,48893,127023,4/9/2015,379,378,375,380,198132,423043
,4/8/2015,971,971.5,967.75,975,108285,281257,4/7/2015,322.8,319.7,319.3,325.6,57703,134853,4/8/2015,383.25,379.25,376.75,385,214355,442882
,4/7/2015,977.75,971,970,984,107655,290388,4/6/2015,327.3,323,322.4,328.4,30700,140198,4/7/2015,385,383,382,387.25,99163,456900
,4/6/2015,985,978.5,978,990.25,59977,292860,4/3/2015,,327.3,,,0,143148,4/6/2015,386.25,385,383.5,390,84776,468910
,4/3/2015,,986,,,0,301337,4/2/2015,331.2,327.3,326.3,332.3,49767,143148,4/3/2015,,386.5,,,0,470873
,4/2/2015,988,986,980.75,993,107812,301320,4/1/2015,326.4,331.9,324.2,333.8,60068,151149,4/2/2015,381.75,386.5,378.25,388.5,177882,470964
,4/1/2015,973.25,989.75,972.75,991.75,159165,311987,3/31/2015,322.8,326.8,318.3,329.9,72384,154014,4/1/2015,377,381.75,374,382.25,221060,486519
,3/31/2015,967,973.25,951.25,981,173826,321453,3/30/2015,321.9,323.2,321.2,325.9,47253,150657,3/31/2015,394,376.25,375.25,398.5,349246,491177
,3/30/2015,968,967.75,965,976.75,88920,322399,3/27/2015,322,321.4,320.5,323.5,38898,152352,3/30/2015,391.5,394.5,390,395,175824,493974
,3/27/2015,974,967.25,965,976.25,93855,325585,3/26/2015,324,322.4,321.4,324.7,43187,157769,3/27/2015,391,391,389.25,393.5,136749,506269
,3/26/2015,977,974.5,972,981.5,101275,324777,3/25/2015,327,324.5,323.7,327.8,44376,162616,3/26/2015,394,391.25,389.25,397,156056,523290
,3/25/2015,982.75,978.75,978,987.75,113333,326466,3/24/2015,327.3,326.3,323,327.8,37424,164461,3/25/2015,392.75,395,391.5,395.75,150274,533438
,3/24/2015,983.75,981.75,975.75,985,90487,325879,3/23/2015,323.5,327.3,323.1,329,33472,163543,3/24/2015,389.25,393.25,388.5,393.75,135276,545350
,3/23/2015,974.5,983.5,973.25,990,99545,328924,3/20/2015,319.2,324,318.6,326.3,46405,164292,3/23/2015,385,390.25,385,391.75,160884,553954
,3/20/2015,961.75,973.75,960,980,126233,327656,3/19/2015,322,319.3,317.9,327.4,42673,164287,3/20/2015,373.5,385,372.75,387.5,211230,555714
,3/19/2015,969.25,961.75,956.5,980.25,111075,332392,3/18/2015,317.8,320.8,317.4,321.6,49012,169165,3/19/2015,377.5,373.5,370.5,380.5,152285,575536
,3/18/2015,954.5,965,953.5,967,102716,335980,3/17/2015,323.2,317.5,317.2,324.5,60044,172951,3/18/2015,371.5,374.75,367,375.25,146488,568157
,3/17/2015,968,954.5,953.5,973,113419,334115,3/16/2015,326.8,323.7,323.2,328.8,38204,177151,3/17/2015,379,371,370,379.75,175673,563675
,3/16/2015,972.5,969.25,967.5,978,82671,325696,3/13/2015,343.3,338,337.2,343.6,90,,3/16/2015,380.75,379,375.5,382.25,145231,551142
,3/13/2015,986.5,968.25,972.5,986.5,383,82,3/12/2015,345.7,343.5,340,346.3,246,87,3/13/2015,383.25,374,375.25,383.75,460,336
,3/12/2015,989,986.5,981.75,992.5,777,498,3/11/2015,341.9,345.7,341.9,346.3,551,306,3/12/2015,384,382.25,380,384.75,1241,648
,3/11/2015,979,989,979,991.5,841,848,3/10/2015,344.2,342,341.1,345,832,730,3/11/2015,382.25,384,381.5,387.75,1609,1429
,3/10/2015,987.25,980,978,989,1138,1252,3/9/2015,338.2,343.9,338.2,345.7,508,1304,3/10/2015,383,382.25,377,384.5,4126,2502
,3/9/2015,983,988.25,981.25,993.25,1714,2127,3/6/2015,333.6,337,333.6,338.5,757,1746,3/9/2015,379.25,383.25,379.25,384.75,1898,4555
,3/6/2015,979,979.25,971,980.75,3313,2483,3/5/2015,334,334.4,333.2,337.4,1147,2291,3/6/2015,381,379.25,376.5,382.5,4631,5666
,3/5/2015,990,979.25,979,991.75,3378,3774,3/4/2015,341.8,334.1,333.7,342.2,2314,2901,3/5/2015,381.25,382.75,380,384.75,6365,7851
,3/4/2015,1008.75,989,988.25,1010.25,5138,5558,3/3/2015,344.3,341.8,336,345.3,3574,4176,3/4/2015,382,381.5,378,382.75,10629,9472
,3/3/2015,1011.75,1008.75,998.5,1015,8847,8677,3/2/2015,353.5,344.3,343,355,3387,6392,3/3/2015,379,382,375.75,382.75,13906,12421
,3/2/2015,1029.75,1011.25,1008.75,1037.25,8388,12601,2/27/2015,355,353.7,350.6,357.4,5682,8161,3/2/2015,383,378.75,377.5,385.5,16974,16241
,2/27/2015,1023,1030.75,1020,1035.5,17636,16911,2/26/2015,350.7,354.6,348.2,355.6,16070,10314,2/27/2015,379,384.5,377,387.25,35368,21297
,2/26/2015,1007.5,1024,1006,1024.75,59154,22157,2/25/2015,356.9,350.5,347.4,357.3,28106,16744,2/26/2015,376,380,375,382.25,95565,37931
,2/25/2015,1015,1007.75,1002,1021.5,55241,36524,2/24/2015,348.2,356.9,348.2,362.6,37126,25103,2/25/2015,378,375.75,371.5,379.5,115836,71425
,2/24/2015,999.25,1016,999,1029,111284,49951,2/23/2015,348.4,348.3,344.6,351.3,34192,41639,2/24/2015,379,377.5,377.5,387,207228,107050
,2/23/2015,1000.5,999.25,992,1006.5,66189,75785,2/20/2015,347.5,347.5,346.1,350,34606,51909,2/23/2015,385.25,378.75,377.5,386,142798,160659
,2/20/2015,1006.75,999.25,998.75,1009.75,85918,90405,2/19/2015,338.6,347.5,338.3,350.2,45899,64481,2/20/2015,389,385.25,383.5,389.5,131258,195830
,2/19/2015,995.25,1007.25,993.75,1017,139528,115698,2/18/2015,342.6,338.6,336.8,344.6,40823,69881,2/19/2015,383.75,389.75,382.25,391.25,176132,259783
,2/18/2015,1007,995.75,990.75,1012.25,99252,130029,2/17/2015,332.8,342.3,332.8,342.8,41341,77209,2/18/2015,389,383.75,383,390.5,162322,282627
,2/17/2015,992,1007.75,991.5,1009,104614,141565,2/13/2015,330.3,332.3,330.3,335.6,42383,80925,2/17/2015,387,389.5,385,391,164635,318717
,2/13/2015,982.75,990.5,982.75,997.75,128959,149837,2/12/2015,329.4,330.5,327,332.7,47649,88973,2/13/2015,383,387.25,382.25,388.5,167269,335951
,2/12/2015,977.25,983.75,973.5,985,144053,176647,2/11/2015,326.9,329.6,325.5,331,46423,98357,2/12/2015,385.25,383,381.25,387.75,169376,370981
,2/11/2015,970.75,977.75,966,981,163833,202877,2/10/2015,330,326.9,326,332.8,60036,106593,2/11/2015,388,385.75,384,389.75,178879,401548
,2/10/2015,978.25,969,967,986,171876,233111,2/9/2015,329.5,329.6,327.7,333.5,46013,116269,2/10/2015,390.75,388,384.5,391.5,209348,425613
,2/9/2015,973.5,978.5,972,983.25,109143,252012,2/6/2015,331.4,329.4,328.2,333.9,47719,123561,2/9/2015,385.25,391.25,383.5,391.75,217638,445832
,2/6/2015,981.25,973.5,971.25,987.5,113427,262774,2/5/2015,332,331.4,330,334.1,38404,132396,2/6/2015,385,385.75,380,389.5,202343,476415
,2/5/2015,970,981.25,969.25,982.75,92627,270941,2/4/2015,340.7,332.7,330.4,343.4,49337,139014,2/5/2015,382.5,385.25,381.5,387.5,136397,497289
,2/4/2015,985.25,972,967.5,990.25,121561,276386,2/3/2015,328.1,340.6,327.9,344.7,68238,149813,2/4/2015,385,383.5,379.5,388.25,178698,507124
,2/3/2015,959.75,987,959.75,999,183638,288843,2/2/2015,329.9,327.9,327.5,331.9,29936,148286,2/3/2015,370,385.75,370,388.5,238534,522821
,2/2/2015,961,959.5,956.5,970.5,86688,291335,1/30/2015,337.9,329.9,328,339.5,52115,150981,2/2/2015,369.75,369.75,367.5,378.5,154763,536808
,1/30/2015,968,961,955,972.75,107062,290214,1/29/2015,336.8,337.9,336.1,340.8,41835,156012,1/30/2015,372.75,370,365.75,373,194631,540592
,1/29/2015,969.5,968.25,967,977.75,110658,286441,1/28/2015,336.3,337.4,333.1,341,43537,160072,1/29/2015,373.5,371.5,368,373.5,192836,544422
,1/28/2015,972.75,970.25,966.25,977.75,95595,290989,1/27/2015,338.9,336.6,335,342.6,38866,161673,1/28/2015,380.75,373.25,373,381.5,167615,548601
,1/27/2015,982.25,973.75,972.25,985.5,101221,298004,1/26/2015,330.9,338.9,330.2,339.3,44044,162205,1/27/2015,383.5,381.25,380,386,108698,548340
,1/26/2015,971.75,983.5,967,984.25,85312,301273,1/23/2015,330.4,331.5,326.2,334.1,40590,160668,1/26/2015,385.75,384,382.25,388.25,102852,555159
,1/23/2015,977,972.75,967.25,980.5,107015,297559,1/22/2015,330.8,330.1,327.6,335.8,44268,163685,1/23/2015,384,386.75,382,388.5,169566,563371
,1/22/2015,984.25,976.75,975,992.5,90812,304344,1/21/2015,327.5,330.5,326.2,331.7,48129,162272,1/22/2015,387.75,383.75,382.5,390.5,139782,572655
,1/21/2015,983.5,983.5,977.5,991,110963,303247,1/20/2015,324.3,326.5,321,327.3,52963,163502,1/21/2015,390,388,386.25,392.5,114626,580177
,1/20/2015,982,982,972.25,986.75,114400,297166,1/16/2015,326.7,326.2,324.3,329,40889,166875,1/20/2015,385.25,390.25,382.25,391,138122,586365
,1/16/2015,991.25,991.75,983,996,96009,300651,1/15/2015,336.7,326.7,325.6,338,53121,167858,1/16/2015,380.5,387,379.5,388,142829,589277
,1/15/2015,1014.5,991,985.25,1019.75,152445,299517,1/14/2015,348.8,328.9,328,351.2,570,200,1/15/2015,382.75,380,376,388,189766,593836
,1/14/2015,1003.5,992.5,991.75,1004,402,120,1/13/2015,356.4,349.7,350,358.8,694,364,1/14/2015,386,381,376,386.25,236408,583409
,1/13/2015,1017.5,1000,998,1022.25,1454,278,1/12/2015,362.5,356.5,355.4,365.8,717,902,1/13/2015,402,385.75,384.5,406.5,250523,590859
,1/12/2015,1047,1013.5,1013,1058.75,3313,1555,1/9/2015,361.9,363.8,360,364.1,716,1459,1/12/2015,399,402,390,407,269589,597580
,1/9/2015,1044.25,1051.5,1041.25,1052,3320,3437,1/8/2015,368.5,361.3,361,369,1482,1956,1/9/2015,394.75,400.25,393,401.5,154553,608485
,1/8/2015,1051.5,1045,1042.75,1057,4042,5202,1/7/2015,370.9,368.5,365.3,372.1,1537,2988,1/8/2015,396.5,394.25,392.75,398.75,118969,611186
,1/7/2015,1049.75,1052.75,1044.5,1055.75,3888,6333,1/6/2015,368.8,370.8,365.7,372,1823,3942,1/7/2015,404.75,396.25,395.75,407.25,131694,616439
,1/6/2015,1037.5,1051,1034,1052.5,3994,7538,1/5/2015,356.8,369,356.5,369.8,2333,5150,1/6/2015,405.5,405,402.25,409.5,138314,622973
,1/5/2015,1002.5,1039.75,1001.5,1041.25,7451,8971,1/2/2015,363.8,356.5,355.7,363.8,1737,5826,1/5/2015,395.75,406,394.5,406.75,140391,626583
,1/2/2015,1017.75,1002.5,1002.25,1017.75,9173,10874,12/31/2014,369.5,364.6,362.2,370.9,4348,7002,1/2/2015,396.25,395.75,391.5,398.5,88774,626528
,12/31/2014,1035.5,1019.25,1017.5,1041.5,19027,14106,12/30/2014,377.4,369.5,368.2,378.7,11455,8639,12/31/2014,406,397,396,406.5,119262,634682
,12/30/2014,1041.5,1037.75,1035,1049.75,50456,23307,12/29/2014,379.8,377.4,373.3,387.9,20527,12114,12/30/2014,411.75,406.5,406,412.75,95776,640798
,12/29/2014,1045.75,1041.75,1039,1061.75,57333,40203,12/26/2014,371.2,379.7,370.5,380.5,12402,21518,12/29/2014,414,412.75,410.75,417,86310,645205
,12/26/2014,1028.5,1047.5,1028.5,1048.5,34306,60124,12/24/2014,371.5,371.4,370,373.7,11179,28181,12/26/2014,410.25,414.75,405.75,415,52280,647859
,12/24/2014,1036.5,1028.75,1025.5,1041.5,43141,84171,12/23/2014,368.4,371.3,366.6,372.3,20655,32369,12/24/2014,413.5,407.75,405.75,415,68812,645230
,12/23/2014,1036.5,1038.5,1033.25,1048,68196,98067,12/22/2014,363.5,368.4,361.5,369.8,24046,35261,12/23/2014,411,414,410.5,415.75,90856,651265
,12/22/2014,1029,1038.25,1025.25,1042.25,70529,107193,12/19/2014,365.2,363.5,360,365.4,20653,42960,12/22/2014,409.75,411.75,408.5,414.25,90601,655121
,12/19/2014,1034.75,1030.5,1022.5,1035.75,83810,120253,12/18/2014,359.4,365.3,358.5,368,24374,49645,12/19/2014,410.75,410.5,405,411.25,117608,661173
,12/18/2014,1027,1035,1024,1040,95220,132576,12/17/2014,356.2,359.3,353.2,361.1,31466,54140,12/18/2014,408,411,407,414,125321,659831
,12/17/2014,1022.5,1027,1015,1034,105153,145180,12/16/2014,365.4,356.6,355.8,366.8,45620,58829,12/17/2014,405.75,408.25,403.5,410,120238,657252
,12/16/2014,1034.25,1023.5,1021.5,1039,145997,164649,12/15/2014,367.3,365.4,362.2,372,29984,68289,12/16/2014,407.75,406,404,411.5,172142,664382
,12/15/2014,1050,1039.5,1035.5,1055,119888,185488,12/12/2014,408.9,378.9,378.5,408.9,55,65,12/15/2014,407.5,408.5,405,412.5,162942,665300
,12/12/2014,1039,1047.25,1031.5,1054,115616,195389,12/11/2014,408.5,406.1,403.5,415.8,507,95,12/12/2014,389.75,396.25,388,398.5,1519,951
,12/11/2014,1032.75,1042.25,1025.75,1048.25,125928,207187,12/10/2014,412.1,405.2,402,414.3,611,550,12/11/2014,382.5,390,382.5,390.5,5451,1605
,12/10/2014,1047.75,1032,1027.75,1060.25,166290,213252,12/9/2014,402.9,411.6,400.6,413.4,1293,1053,12/10/2014,382.5,382.5,377.75,384.75,5464,5449
,12/9/2014,1043,1049.25,1038.5,1050,104304,231306,12/8/2014,395,401.5,392.8,403.3,1396,1740,12/9/2014,377.25,383,374.75,383.75,7143,8966
,12/8/2014,1035,1043.75,1030,1050.5,142323,239699,12/5/2014,386,394.2,383,395.9,1274,2751,12/8/2014,380.5,377.5,376.5,386.25,7014,12855
,12/5/2014,1009.75,1036,1003.5,1040.75,148264,251710,12/4/2014,382,385.7,379.7,389.5,1631,3519,12/5/2014,375.25,381.5,372.25,382.5,3531,16325
,12/4/2014,998.5,1010.5,991.5,1016.5,109731,262747,12/3/2014,384.3,381.1,375.5,384.3,1970,4243,12/4/2014,368.5,376,367.5,376.75,9626,18243
,12/3/2014,995.5,998.25,983.75,999.5,110020,265313,12/2/2014,385.2,383.1,381.8,388.3,3451,5727,12/3/2014,367.5,368.75,364.25,369.5,8079,21212
,12/2/2014,1017,995.75,995,1022,116216,267942,12/1/2014,390.1,384.4,383.9,392.3,3163,7479,12/2/2014,375.25,367.75,367.5,376.75,13656,24040
,12/1/2014,1010.75,1017,1006.5,1022.5,102853,272783,11/28/2014,400,391.1,385.5,407.5,5926,8850,12/1/2014,374,375.5,370.25,377.75,18534,28812
,11/28/2014,1041,1016,1013,1051.5,82915,277035,11/26/2014,390.6,401.6,389.6,402.7,23317,11755,11/28/2014,377,375.75,370.25,380.25,29217,33437
,11/26/2014,1049.25,1047,1038.5,1054.75,71418,279286,11/25/2014,375,390.6,375,391.6,26419,23136,11/26/2014,374,378.25,373.75,378.75,163797,41429
,11/25/2014,1033.75,1051,1033,1054,98567,283969,11/24/2014,378.4,374.9,373.4,382,26553,30978,11/25/2014,367.5,374.25,366.25,375.25,153228,89339
,11/24/2014,1036.25,1033.75,1026.75,1038.75,81614,281725,11/21/2014,371.4,378.4,366.2,379.8,31756,40601,11/24/2014,372.25,367.5,365.5,372.75,159589,145976
,11/21/2014,1020.5,1039,1013.5,1040,129765,288662,11/20/2014,370.7,370.8,365,375.1,34233,55416,11/21/2014,372.75,372.75,369.75,381.5,208536,191254
,11/20/2014,1005.75,1020.5,1005,1022.25,83032,298982,11/19/2014,378,370.4,370.1,378.9,34400,64355,11/20/2014,363,373.25,362.5,374.75,192317,276456
,11/19/2014,1024,1004.75,1003.75,1025,86192,297934,11/18/2014,388.7,378,377.5,392.5,41062,69229,11/19/2014,371.75,363.25,362.75,372,203634,317200
,11/18/2014,1036.75,1023.25,1021,1042,83250,299919,11/17/2014,379.9,387.1,373,389,45641,78669,11/18/2014,377.5,372,371.25,378.75,165776,347871
,11/17/2014,1023,1036.25,1014.5,1038.5,117856,302905,11/14/2014,393.1,379.9,377,393.4,42642,87370,11/17/2014,381.5,377.5,374.25,384.25,166794,371699
,11/14/2014,1046.5,1021,1027.75,1047.75,974,344,11/13/2014,396.1,393.5,390.5,407.7,41989,91980,11/14/2014,385.5,381.75,380.5,387,160958,389753
,11/13/2014,1048.5,1050.5,1044.75,1068.25,1897,512,11/12/2014,401.2,395,385.8,417.6,65315,97712,11/13/2014,377,386.25,377,389,299508,404377
,11/12/2014,1067.25,1048.25,1044.5,1086.75,3349,1721,11/11/2014,379.5,400.6,378.7,404.7,48602,106668,11/12/2014,373.5,377.75,372.75,385,337611,424617
,11/11/2014,1025.75,1066.5,1023.25,1075,3897,4095,11/10/2014,390.5,380.9,380,398.6,40166,109507,11/11/2014,368.25,373.75,365.5,374.5,225095,473151
,11/10/2014,1040.25,1027.5,1024.25,1060.5,2978,5887,11/7/2014,393,390.4,382.2,398,42649,112068,11/10/2014,366,369.25,364.75,378.75,308187,499916
,11/7/2014,1031,1040.25,1022.5,1042.25,3069,7784,11/6/2014,376.9,391.7,371.3,396.8,47098,116238,11/7/2014,370,367.5,364.25,371.75,207974,530315
,11/6/2014,1020.5,1031,1012.25,1044,7396,9267,11/5/2014,372.7,375.3,367.6,378.1,33363,116451,11/6/2014,369.5,371.25,366.5,374.5,173692,557039
,11/5/2014,1009.75,1020.5,996,1021,6907,12418,11/4/2014,372,372.5,364,376.8,47983,117729,11/5/2014,364,370.25,359,371.75,213921,574554
,11/4/2014,1027.25,1010,1005,1029,9676,14168,11/3/2014,389.2,372.7,370.4,389.3,43708,115478,11/4/2014,372.5,364.5,364,372.5,178121,581045
,11/3/2014,1043,1028.75,1025,1045.5,14610,17885,10/31/2014,380.6,389,375.4,394.7,51184,120502,11/3/2014,374.5,373.5,370.5,375.25,157753,596323
,10/31/2014,1023,1046.5,1012.25,1052.25,30601,23471,10/30/2014,400.5,380,379,408.5,57407,120231,10/31/2014,372.75,376.75,368,378,190821,604872
,10/30/2014,1042.5,1024.25,1023.5,1053.75,83976,32038,10/29/2014,374.7,397.2,374.3,404.6,73990,124448,10/30/2014,374.75,374,371.5,381,203146,618089
,10/29/2014,1005,1043,1004,1045,122706,49653,10/28/2014,377,375.1,373.8,399.8,89196,123769,10/29/2014,364.25,375.25,362.5,376,217048,629009
,10/28/2014,1004.25,1008,1000,1034.5,152117,72843,10/27/2014,349.5,376.8,346,378,66743,127673,10/28/2014,362.5,364.5,361.25,371.75,222302,638826
,10/27/2014,973.5,1006,967.75,1008.25,157476,104316,10/24/2014,353,350.2,347.1,359.2,50616,125836,10/27/2014,351.75,363,348.5,363.75,172966,648853
,10/24/2014,991.5,977.5,976.5,1002,180599,139892,10/23/2014,338.1,352.4,335.1,353.4,53640,133207,10/24/2014,359.25,353,352.25,365,162470,660516
,10/23/2014,960.75,993.25,956,994.25,182447,231196,10/22/2014,342.3,338,335.5,353.6,79813,132568,10/23/2014,352,359.75,351,360.25,144314,667119
,10/22/2014,961.25,962.75,960,982.5,164736,243862,10/21/2014,329.6,342.9,329.5,344.4,64182,138545,10/22/2014,355.5,353,352.25,361,174942,674164
,10/21/2014,944,964.25,942.75,966.75,169993,259786,10/20/2014,329.9,329.4,325.3,330.5,31170,142572,10/21/2014,347.5,356,347,358.75,159476,687769
,10/20/2014,950,944.25,936,950.75,126596,271954,10/17/2014,334.8,330.5,329.3,338.8,40052,145782,10/20/2014,345.25,348.25,342,349,140828,699404
,10/17/2014,966,951.75,951.25,972.75,116590,285766,10/16/2014,326.1,334.6,326,335.8,67192,148956,10/17/2014,351.75,348,346.5,355.75,127179,699400
,10/16/2014,949.5,966.5,949.25,967.5,119955,292553,10/15/2014,323.4,327.3,322.2,329.9,63475,155509,10/16/2014,347.75,352.25,345,353,138242,707984
,10/15/2014,962.5,952.5,950.75,978.5,188824,296791,10/14/2014,335.5,366,335.4,354.5,131,33,10/15/2014,356,347.5,346.5,358.25,183378,718838
,10/14/2014,943.75,964.75,943.25,970.5,225993,310515,10/13/2014,338.2,343.4,338.2,350.5,210,146,10/14/2014,345.5,357,343,357.5,194804,729460
,10/13/2014,920,945.25,915.75,951,180331,327915,10/10/2014,333,339.3,327.4,345,658,291,10/13/2014,333.5,346,330.5,347.5,142097,740833
,10/10/2014,939.5,922.5,921,951.25,216265,335321,10/9/2014,330.4,333,330.4,339.4,1031,881,10/10/2014,343.25,334,332.5,348.5,234751,738792
,10/9/2014,934,942,932.5,945,128358,337481,10/8/2014,327,329.8,323,330.3,1062,1425,10/9/2014,342.5,344.75,340.75,348,174549,750283
,10/8/2014,939,935,926.5,949.75,132461,349543,10/7/2014,320.2,327,319,329.3,1047,2168,10/8/2014,340,343.25,337.5,343.5,127485,753204
,10/7/2014,941,940.75,933.25,955,186992,363056,10/6/2014,309.4,320.3,308.8,320.5,1099,2913,10/7/2014,331.75,340.5,330.5,342.25,218114,756993
,10/6/2014,914,942.25,912.25,943,145530,365361,10/3/2014,309.8,308,306,310.6,2315,3348,10/6/2014,323.25,332.5,323.25,332.75,134901,755449
,10/3/2014,924,912.25,910.5,927.75,104413,375297,10/2/2014,305.2,308.7,304.5,309.7,3573,4596,10/3/2014,322.75,323.25,321,325.75,92118,754657
,10/2/2014,915.25,924.5,912.5,925.5,101126,379768,10/1/2014,303.9,305.3,302,306.1,3497,6100,10/2/2014,320.5,322.75,319.25,323.25,123125,763543
,10/1/2014,911,916.75,904,919.75,109740,382597,9/30/2014,307.5,304.6,303.5,310.3,5173,7439,10/1/2014,320.25,321.25,318.25,323.5,121907,765482
,9/30/2014,922,913.25,909.75,930,174090,392187,9/29/2014,305.6,308.1,303.7,309.3,17890,8823,9/30/2014,325.5,320.75,319.5,326.25,173979,770407
,9/29/2014,907.25,923.5,905.5,924.5,115774,401629,9/26/2014,312,307.2,306.2,313,16587,13392,9/29/2014,322.25,325.75,322,326.5,104805,772879
,9/26/2014,922,910.25,909.75,924.75,101564,400686,9/25/2014,316,312.4,312,317.3,14892,22091,9/26/2014,326,323,322.75,327,86605,772470
,9/25/2014,936,922.75,922.25,941.75,118910,405415,9/24/2014,317.2,316.4,315.1,318.1,9504,25848,9/25/2014,329.25,326,325.25,330.75,107743,785484
,9/24/2014,935,936.75,934.25,942,96008,405423,9/23/2014,318.9,317.1,316.3,320.5,14999,25996,9/24/2014,325.5,329.5,324.75,330,132651,779017
,9/23/2014,936,936.25,931,944.5,84494,407053,9/22/2014,323.6,319.4,317.7,323.7,8779,29227,9/23/2014,329.5,325.5,324.75,331,125167,785102
,9/22/2014,953,938.25,934.25,954.75,136531,410991,9/19/2014,328.6,324.1,323,328.6,9590,30781,9/22/2014,331,330.25,326.75,331.5,131674,788054
,9/19/2014,971.25,957,956,972,95315,412299,9/18/2014,336.9,328.8,328.2,338.2,15929,33182,9/19/2014,338,331.5,331.5,338.25,107635,789586
,9/18/2014,982.5,971.5,970.75,986.5,76860,410536,9/17/2014,338.5,336.4,336.2,339.7,9412,35321,9/18/2014,341,338.25,338,341.75,100943,789519
,9/17/2014,980,982.5,977.5,988,72378,412442,9/16/2014,338.4,338.3,336,342,8731,37539,9/17/2014,343.25,341.75,339.25,344.25,83632,790409
,9/16/2014,989.25,980.75,976.75,999.75,122776,411419,9/15/2014,336.7,338.8,335.1,341.3,10267,38786,9/16/2014,342.5,343.75,338.75,350.5,144551,796121
,9/15/2014,976.75,989.5,974.25,994.5,101027,413375,9/12/2014,431.2,408,407,431.5,8,12,9/15/2014,337,343,335.75,343.5,102671,797616
,9/12/2014,1066,1091,1065,1110.5,33,,9/11/2014,442.8,426.7,405.5,446.6,423,12,9/12/2014,333.5,339,330.25,335,325,41
,9/11/2014,1071,1061.5,1045,1071,84,33,9/10/2014,453.2,442.8,443,459.1,612,394,9/11/2014,338,331.75,329,338,1728,308
,9/10/2014,1077,1071,1071,1086.75,66,98,9/9/2014,447,453.7,447,463.8,1000,802,9/10/2014,336,338.75,335,340.75,1298,1703
,9/9/2014,1090,1076.5,1076,1094.5,94,162,9/8/2014,436.8,446.2,436.3,447.3,875,1523,9/9/2014,338.75,336.25,334.75,338.75,1596,2701
,9/8/2014,1090,1090.75,1076.25,1095,124,238,9/5/2014,434.7,436.1,429.5,438.5,559,2049,9/8/2014,345,339.25,336.75,348,893,3736
,9/5/2014,1068.5,1085.5,1068.5,1088.75,160,325,9/4/2014,447,431.4,430,447,765,2400,9/5/2014,336.25,346.5,335.25,347.5,3218,4236
,9/4/2014,1080,1064.25,1064,1082.5,416,419,9/3/2014,448.8,447.2,439.2,450.1,1441,2964,9/4/2014,341.25,335.75,333.25,342.25,5047,6394
,9/3/2014,1091.75,1080.75,1065.25,1092.25,340,715,9/2/2014,439.7,450.1,437.9,451,1396,3918,9/3/2014,355,341.25,340.5,355,11532,8215
,9/2/2014,1090.25,1097.25,1085,1108,388,917,8/29/2014,433.2,439.5,430.3,440.5,4172,4512,9/2/2014,357.5,355.75,355,360.75,11396,14489
,8/29/2014,1070.25,1089.5,1070.25,1095.75,747,1113,8/28/2014,416.5,433.2,411.2,434.5,8073,6400,8/29/2014,360,359,356,361.75,30831,19254
,8/28/2014,1085,1073.75,1068.75,1123,4112,1586,8/27/2014,389,416.5,388,418.5,10808,9588,8/28/2014,355.25,361.75,354.75,362,71290,27125
,8/27/2014,1070,1085.75,1064.25,1107.75,7382,2998,8/26/2014,405.4,388.7,387.6,405.4,13764,11572,8/27/2014,355,356,352.5,356.5,72872,50973
,8/26/2014,1123,1075.5,1072.75,1123,11001,4545,8/25/2014,435,406.1,404.5,437.3,20313,14961,8/26/2014,359,356,353.5,359.5,86304,74305
,8/25/2014,1161.5,1125.75,1122.25,1189.25,16195,7525,8/22/2014,417,433.3,415.5,441.5,27416,21047,8/25/2014,363.5,360,358.75,364.25,78751,97117
,8/22/2014,1137,1166,1137,1170.5,22454,10737,8/21/2014,404.6,413.8,404,414.4,22143,24583,8/22/2014,361.25,365.5,361.25,367,107057,113234
,8/21/2014,1119.75,1136.25,1119.75,1140,16302,19168,8/20/2014,400,402.6,398.8,407,26832,29232,8/21/2014,358.75,362.25,358,366,98455,171441
,8/20/2014,1119.25,1119.75,1114,1133,19824,20382,8/19/2014,392,399.8,391.5,399.7,20757,31077,8/20/2014,361.5,359.5,356.25,362,95879,179937
,8/19/2014,1112.5,1120.25,1106.5,1122.5,14811,24965,8/18/2014,388.3,392.1,385.8,393.1,17308,35800,8/19/2014,360,362.5,356.5,363.25,80142,198394
,8/18/2014,1101.75,1115.5,1099,1121,14302,27125,8/15/2014,381.3,388.3,378.3,390.7,13805,39161,8/18/2014,365.5,360.75,359.75,370,78822,214031
,8/15/2014,1097.5,1102.5,1090.75,1113.5,11052,28681,8/14/2014,427.5,464.2,427.5,450.2,66,2,8/15/2014,361,365.75,360.5,368,74813,232761
,8/14/2014,1255,1224.5,1235,1300,205,10,8/13/2014,401.1,418.7,401.1,435.2,342,63,8/14/2014,357.75,362,355,362.75,68506,243499
,8/13/2014,1290,1264.5,1245,1293,801,192,8/12/2014,400.4,400.2,396.9,403,421,253,8/13/2014,358,358,354.5,361,110215,258033
,8/12/2014,1315,1290,1281,1315,592,801,8/11/2014,399.8,400.4,399.8,406.5,729,597,8/12/2014,355.5,358.5,347.75,362,194070,284771
,8/11/2014,1281,1314.75,1281,1336.25,1495,1289,8/8/2014,393.5,397.5,392.5,397.8,488,1094,8/11/2014,351,356.75,350.5,357.75,165303,323847
,8/8/2014,1249.75,1284.75,1249.75,1285,1201,2419,8/7/2014,390.8,390.6,388,391.8,699,1423,8/8/2014,358.75,351.75,351.25,359.5,123611,365065
,8/7/2014,1237,1250,1234.75,1252,1404,3276,8/6/2014,382.8,388,381.5,388.8,922,1873,8/7/2014,362,359.5,355.75,362.75,133125,398004
,8/6/2014,1222.75,1237,1219.5,1237.5,1153,4330,8/5/2014,388.2,382.2,381.5,388.2,1133,2382,8/6/2014,355.75,363.25,355.5,364,75358,434742
,8/5/2014,1226.75,1222.75,1215.5,1226.75,2375,5106,8/4/2014,386.5,388.2,385.5,392.2,1083,3021,8/5/2014,358,356.25,353,358.25,65793,444619
,8/4/2014,1212,1232.5,1210,1235.75,1836,6239,8/1/2014,390.9,387.5,385.5,390.9,2497,3106,8/4/2014,351.5,358.75,351.5,361.25,75699,455658
,8/1/2014,1224.25,1215,1210.75,1225.75,3604,7543,7/31/2014,388.8,391.3,385,392.4,4663,4332,8/1/2014,357,352.5,351.5,358.75,73337,464043
,7/31/2014,1219.75,1224.5,1217.5,1231.25,4135,9940,7/30/2014,395.8,387.6,387.2,396.6,14501,6509,7/31/2014,360.5,357,356.75,361.5,68927,477976
,7/30/2014,1226.5,1220.5,1215,1235.75,17853,11496,7/29/2014,404,395.4,394.3,404.2,16425,12246,7/30/2014,361,361.75,357.75,364.25,78868,482210
,7/29/2014,1240,1226.5,1219.25,1242.25,24637,17700,7/28/2014,398.6,402.8,397.5,404.6,16410,17883,7/29/2014,367.5,361.5,358.5,368.5,76338,487199
,7/28/2014,1219,1236.5,1217,1239.75,21524,23704,7/25/2014,395.8,398,391.3,398.5,14820,22496,7/28/2014,363,367.75,363,369.25,62888,495687
,7/25/2014,1206.5,1212.25,1197.75,1214.5,17799,29129,7/24/2014,392,395.3,391.4,404.1,20346,29705,7/25/2014,361,363,357,363.5,76154,500907
,7/24/2014,1199.75,1207.5,1199,1232.75,25494,42553,7/23/2014,381.5,391.5,380.4,392.3,20935,32844,7/24/2014,361.75,361.5,356.5,369,80591,503321
,7/23/2014,1183.25,1201,1181.75,1204.75,28082,44192,7/22/2014,380.7,381.8,379.4,389,19839,33235,7/23/2014,360,362.5,357.5,363.5,59923,503994
,7/22/2014,1175,1184,1172.75,1196.5,25581,48266,7/21/2014,380.3,380.7,376.6,384.6,15657,37154,7/22/2014,363.5,360.25,359.75,367,56738,501399
,7/21/2014,1173.75,1175.75,1166,1185,19792,48966,7/18/2014,379,380.3,378,383,13394,39276,7/21/2014,369,364,363,369,80268,502013
,7/18/2014,1174,1176.75,1171.25,1184.75,15949,51852,7/17/2014,383.7,380.5,379,389.8,19332,40432,7/18/2014,379,371.25,370,381.25,63661,504014
,7/17/2014,1189,1174.75,1171,1200,23518,53629,7/16/2014,378.9,383.7,378.5,388.3,18376,42416,7/17/2014,378,379.5,374.5,387.75,99242,502429
,7/16/2014,1180.5,1187.25,1180.5,1203.5,24155,56453,7/15/2014,388.1,379.1,376.2,388.1,28521,42749,7/16/2014,374,378.25,373.75,386.25,87367,501855
,7/15/2014,1194.25,1180.5,1153.25,1195,48077,57231,7/14/2014,419.5,421.5,412,420,187,57,7/15/2014,381,374,371,381.25,104821,507995
,7/14/2014,1302.5,1295,1293.5,1308.5,249,137,7/11/2014,440.3,421.8,418,440.9,399,252,7/14/2014,397.75,390.25,390,408.75,641,41
,7/11/2014,1329.75,1295.75,1249.25,1340.25,992,299,7/10/2014,440,434.3,434,446.3,485,546,7/11/2014,400.5,399.75,394,403.5,1990,425
,7/10/2014,1330,1329.75,1326,1347.75,958,749,7/9/2014,437,439.5,434.5,440,500,919,7/10/2014,404,400.5,399.25,406,2865,1689
,7/9/2014,1325.75,1334.5,1314,1337.5,1044,1422,7/8/2014,445.8,437.3,436.5,446.5,1012,1324,7/9/2014,408.75,404,400.75,408.75,3041,3708
,7/8/2014,1362.25,1329.75,1325.5,1363.25,2956,1988,7/7/2014,446.4,443.7,439,446.8,1243,2108,7/8/2014,410.5,408.25,407.25,411,3811,5778
,7/7/2014,1386,1363,1358,1386,1891,3177,7/3/2014,452.5,447,447.3,455.1,1385,3070,7/7/2014,412.25,409.25,405.5,413.25,2821,8074
,7/3/2014,1395.5,1387.75,1387,1399.75,2692,4281,7/2/2014,458,452.3,450,458.3,1168,3703,7/3/2014,418.75,417,416.25,420.25,3041,9355
,7/2/2014,1399.75,1392.5,1392.75,1410,5674,6389,7/1/2014,456.6,456.1,447.8,458.5,2823,4243,7/2/2014,423,418.5,416.25,423.25,6362,10512
,7/1/2014,1400.5,1400,1380,1409.25,5871,8945,6/30/2014,469.8,458.3,448.7,477.3,7391,5469,7/1/2014,423.75,422.75,416,423.75,9735,13373
,6/30/2014,1434.5,1400.5,1372.75,1448,17766,11886,6/27/2014,465.5,469.8,462.9,472.3,14981,9120,6/30/2014,443,424.25,422.5,443.75,32988,16307
,6/27/2014,1433.5,1432,1425.75,1440.75,46875,20983,6/26/2014,451.7,465.5,451,467,23419,15002,6/27/2014,442.25,443,440,444.5,111681,24876
,6/26/2014,1416.5,1437,1415,1438.75,52923,36035,6/25/2014,448.4,451.7,448.1,452.5,21264,21094,6/26/2014,441.5,442.75,440.75,446,121751,66673
,6/25/2014,1413.75,1415.75,1411.25,1422,49180,48371,6/24/2014,455.7,448.4,447.6,455.7,24896,27848,6/25/2014,443,441,440,443,135829,101760
,6/24/2014,1423,1413.5,1407,1423,60215,63713,6/23/2014,460,455.8,450.2,464.5,31921,31784,6/24/2014,444.75,443,439.5,445,108660,141905
,6/23/2014,1423,1424.75,1404.5,1434.5,62252,67222,6/20/2014,451.2,459.2,445,465.9,41777,43314,6/23/2014,453,444.5,444,457.75,113223,165944
,6/20/2014,1421.5,1415.75,1402.25,1423,62962,83706,6/19/2014,453.3,451.2,450.2,457,31354,54379,6/20/2014,449.75,453.25,446.25,453.75,112310,193279
,6/19/2014,1409.5,1420.75,1406,1423,51600,94684,6/18/2014,450.7,453.2,448.6,457.5,40933,59522,6/19/2014,441,450.5,441,450.75,117242,231544
,6/18/2014,1398.5,1409,1393.5,1419,67269,105739,6/17/2014,462.4,450.7,450,463.1,44133,66182,6/18/2014,438.5,441.5,438.5,443.75,95337,258381
,6/17/2014,1421.5,1398.25,1395.75,1425.25,92060,112195,6/16/2014,468.2,462.4,460.7,472.3,41480,73984,6/17/2014,440.75,438.75,435.5,441.5,109891,279280
,6/16/2014,1427.75,1421.75,1417.5,1435.5,77649,127352,6/13/2014,470.2,467.9,467.2,474.3,35743,84611,6/16/2014,444.25,441,440.25,449.5,128964,301442
,6/13/2014,1415,1425.75,1411,1429,62657,137048,6/12/2014,482.3,469.2,467.5,485.4,79085,96522,6/13/2014,444,447,443.75,449.75,127960,329725
,6/12/2014,1444,1415.25,1410,1452.75,139658,142484,6/11/2014,484.9,482.3,482,492.5,45511,110799,6/12/2014,440.5,444,439.5,445,157865,353091
,6/11/2014,1461.75,1445.5,1444.5,1466.5,116254,164485,6/10/2014,482.9,484.5,481,492,44344,115599,6/11/2014,445.5,441,439.25,449.75,185493,372849
,6/10/2014,1457,1462.5,1454.25,1475.25,96312,183566,6/9/2014,488.7,482.2,480,492.3,60084,122916,6/10/2014,450.5,445.5,444.75,455,142517,403399
,6/9/2014,1458.25,1457,1452,1469.75,90654,192812,6/6/2014,490.9,487.6,486,493.3,36683,135215,6/9/2014,457,451,445.5,457.5,158202,424058
,6/6/2014,1461,1457,1456,1466.5,79585,205723,6/5/2014,497,490.6,490.2,498.9,39607,143057,6/6/2014,449,459,447,459.75,163777,449067
,6/5/2014,1482.5,1460.5,1460,1487.25,100870,221722,6/4/2014,499.6,496.5,495.5,504.3,29765,148076,6/5/2014,457,449,448.5,458,113818,459758
,6/4/2014,1481.25,1482.5,1475.75,1495.75,77246,236419,6/3/2014,505,499.6,498.1,507.2,38548,149085,6/4/2014,458.5,456.25,454.25,460.5,93357,473753
,6/3/2014,1497.5,1481.25,1475,1502,94325,243507,6/2/2014,498,506,494.1,509.4,42556,153533,6/3/2014,463.25,458.25,456,465,118132,488865
,6/2/2014,1488,1500.5,1478.25,1511.75,80719,257610,5/30/2014,500.1,500.2,497.5,501.6,24798,152574,6/2/2014,465,465.5,460.25,470.5,160531,492381
,5/30/2014,1501.5,1493.25,1490,1506.5,53201,256115,5/29/2014,498.6,498.4,497.1,502.4,27009,153623,5/30/2014,469.75,465.75,465,473.5,128747,508595
,5/29/2014,1498,1499,1493.25,1508.75,60119,258119,5/28/2014,494,498.5,492.7,500.8,29339,154897,5/29/2014,472.5,469.5,467.25,472.75,131247,519827
,5/28/2014,1488.25,1497.75,1482.75,1502,59173,259984,5/27/2014,500,494.2,493.1,502.6,35934,155670,5/28/2014,469.75,472.5,466.5,473,102757,530113
,5/27/2014,1510.5,1488.75,1486.5,1515.5,79673,264070,5/23/2014,501.5,502.6,499.6,506.8,26708,156673,5/27/2014,474.5,469.75,469.25,475,101114,538168
,5/23/2014,1519,1515.5,1512.25,1529,61663,273195,5/22/2014,497.6,501.5,497.3,508,40554,157751,5/23/2014,477.5,478,475.5,480.5,85635,544338
,5/22/2014,1505,1518.75,1503,1536.75,127419,275186,5/21/2014,485.9,498.1,485,498.9,34618,160274,5/22/2014,474.5,476.75,472.5,482.5,110932,550233
,5/21/2014,1469,1505.25,1467.5,1507.75,92239,275557,5/20/2014,489.9,486.7,485.9,499.1,39413,158865,5/21/2014,473.5,474.5,472.5,476,96480,555632
,5/20/2014,1484,1469.75,1468,1501,85714,276292,5/19/2014,480.1,490.5,477.4,494.9,44689,161021,5/20/2014,477.75,473.5,473,481.25,113173,560287
,5/19/2014,1463.75,1485.25,1456.25,1492.75,94674,275048,5/16/2014,481.4,480.2,477.1,483.4,24459,157314,5/19/2014,481.75,477.25,476.25,482.5,119746,563930
,5/16/2014,1469.25,1465,1461.5,1478.5,62692,273827,5/15/2014,486.3,481.4,477.5,488.6,37582,159613,5/16/2014,484.5,483.5,480.25,487,92663,576556
,5/15/2014,1486,1470.25,1462.5,1493.5,99019,279684,5/14/2014,492.1,497.9,488,492.1,139,67,5/15/2014,495.5,484.25,481.75,497.25,138763,586279
,5/14/2014,1503.75,1496.25,1486,1503.75,265,45,5/13/2014,492.7,497.7,492.2,498.5,344,122,5/14/2014,503.25,494.75,498,505.5,356,6
,5/13/2014,1484,1502.25,1480,1504.25,435,212,5/12/2014,494.8,489.5,488.3,494.8,288,448,5/13/2014,498,503.25,497,503.75,2036,357
,5/12/2014,1497.25,1483.75,1481,1504.5,510,596,5/9/2014,489.1,497.5,485.5,497.7,804,728,5/12/2014,503,497.5,495.75,503,2325,1938
,5/9/2014,1470,1501,1463.75,1504.5,1026,1029,5/8/2014,482.8,490.6,482.5,492,592,1354,5/9/2014,512,505,503,519.5,2068,3488
,5/8/2014,1451,1474.25,1451,1475.75,1128,1674,5/7/2014,486.6,481.3,480.3,486.6,1307,1760,5/8/2014,510.75,513.25,505,514,1655,4570
,5/7/2014,1459.25,1451,1443.75,1459.25,2858,2116,5/6/2014,488.7,486.6,481.3,488.7,1874,2576,5/7/2014,512,510.25,507,514,2555,5689
,5/6/2014,1470,1464,1451.5,1471.75,3019,3382,5/5/2014,491.2,489.1,488.5,493.5,3100,3820,5/6/2014,503,513,497.75,514,4147,7751
,5/5/2014,1481.75,1472,1471.25,1490,3125,5232,5/2/2014,487.4,491.2,485,492.1,1765,5399,5/5/2014,494,503.25,493.25,504.5,3527,8897
,5/2/2014,1475.75,1480.75,1465,1483.75,2947,6729,5/1/2014,503.5,486.7,485.7,503.5,4495,6287,5/2/2014,503,494,492,505.25,15131,9813
,5/1/2014,1528,1473.5,1472.5,1529.75,7456,8666,4/30/2014,501.7,503.9,498.8,504.8,7734,7972,5/1/2014,513.25,503.25,501,515.75,18177,17373
,4/30/2014,1525,1530.75,1516,1532,15264,12398,4/29/2014,498.1,499.9,496,503.5,20453,10595,4/30/2014,515,514,509,515.5,30696,25254
,4/29/2014,1508.25,1524,1503.75,1527.5,41472,16868,4/28/2014,490.6,496.9,490.6,501.2,27583,15589,4/29/2014,509,515.75,508.25,516,87219,35010
,4/28/2014,1502.25,1508.25,1499.25,1520.5,60343,32285,4/25/2014,480,490.6,479.5,491.4,29010,25643,4/28/2014,506.25,507.75,505.25,512.5,99351,58793
,4/25/2014,1472,1498,1472,1500,78178,46511,4/24/2014,479.1,480.2,477.5,482.4,19281,31167,4/25/2014,501.25,507,500.75,510.75,90449,100271
,4/24/2014,1468.5,1472,1464,1474,66517,77804,4/23/2014,480.4,478.1,477,485.2,25110,35157,4/24/2014,502.75,501.25,499.5,507.5,111415,132628
,4/23/2014,1480,1468.5,1466.75,1487.25,61378,88907,4/22/2014,486.8,479.8,479,489.7,37290,40971,4/23/2014,495.75,503.5,494.5,504.25,107481,153168
,4/22/2014,1502,1479.75,1477.25,1508.75,84296,98097,4/21/2014,489.8,485.7,481,492,23884,52979,4/22/2014,489,496.25,487.25,500,162634,168840
,4/21/2014,1515,1498.75,1486,1525,46278,114938,4/17/2014,490.5,488.3,484.6,495.9,29308,61706,4/21/2014,494,488.5,485.5,494,115411,204789
,4/17/2014,1518,1514,1504,1531.75,60405,121027,4/16/2014,487.4,491,486.7,494.6,40190,66945,4/17/2014,497.5,494.75,493,501.25,98960,225747
,4/16/2014,1500.25,1518.75,1499.5,1522.75,68875,130281,4/15/2014,479.4,487.4,478.7,490.7,43459,75835,4/16/2014,502.5,497.5,495.25,505,103705,243028
,4/15/2014,1476.25,1501.25,1473.5,1509.25,95184,141369,4/14/2014,472,479.1,472,479.8,38412,79771,4/15/2014,502.75,503.75,497.5,506.75,134416,262613
,4/14/2014,1462.25,1476.25,1461.25,1478,92763,151772,4/11/2014,479.5,472.9,472.2,481,43354,88957,4/14/2014,498.25,503,497.5,507,113216,291045
,4/11/2014,1481.75,1463,1460.75,1482.25,92904,170116,4/10/2014,482.1,479.5,478,484.3,42417,99879,4/11/2014,499,498.5,497.5,505.25,147245,307968
,4/10/2014,1494.75,1482.25,1476.25,1495,80017,185425,4/9/2014,478,482.1,477.6,490.9,55668,108616,4/10/2014,502,501.25,494,503,152750,353193
,4/9/2014,1482.5,1495.25,1481.5,1512,131665,198856,4/8/2014,474.1,478.1,473.7,480.8,42116,117011,4/9/2014,506.25,502.25,500,519,266121,382915
,4/8/2014,1464.25,1482.5,1462,1483.5,97342,208841,4/7/2014,479,474.3,473.5,481.4,37217,122287,4/8/2014,498.5,507,496.25,507.75,131388,417226
,4/7/2014,1472.25,1464.25,1459.5,1479.5,80388,222319,4/4/2014,480,479.1,471.7,482,30802,133667,4/7/2014,500.25,499.25,494.5,502.5,156859,440151
,4/4/2014,1474.75,1473.75,1463,1487,72120,237406,4/3/2014,476.5,480.1,473.5,484.1,28570,137573,4/4/2014,498.5,501.75,492.75,502.5,102928,469406
,4/3/2014,1462.25,1475.25,1458.25,1480.75,86242,245204,4/2/2014,482.6,476.5,473.1,486,36356,137631,4/3/2014,497,500,494,501,107969,482614
,4/2/2014,1483.25,1462.25,1456,1496,115773,249948,4/1/2014,478,482.7,477.4,485.7,39362,141555,4/2/2014,506.75,495.75,490.5,507.5,159001,492668
,4/1/2014,1463,1484.5,1460.5,1491.5,99416,257915,3/31/2014,468.4,479.3,465.2,479.8,42777,145149,4/1/2014,501.5,507.5,501.25,512.5,172036,504958
,3/31/2014,1433.5,1464,1423,1466.5,114538,264172,3/28/2014,470.1,468.4,466.1,471.4,30058,144828,3/31/2014,490.25,502,475,503.75,283223,508663
,3/28/2014,1436,1436.5,1428.25,1443.5,59818,261349,3/27/2014,469.1,470.5,466,475.3,34112,147422,3/28/2014,491,492,489,496.25,118113,526501
,3/27/2014,1439.5,1436.5,1430.5,1450.5,66708,263002,3/26/2014,463.6,469.1,461,469.8,29188,147039,3/27/2014,484,492,482,492.75,132271,530465
,3/26/2014,1426,1440,1420.75,1441.75,64024,267249,3/25/2014,462.5,463.7,458.6,467.1,27801,146688,3/26/2014,486,484.5,482.5,487.75,79966,527276
,3/25/2014,1425.75,1428,1416,1436,59859,268180,3/24/2014,455,462,450.2,466.3,31488,150166,3/25/2014,489.5,486.5,485,490,84748,536016
,3/24/2014,1404.5,1425.5,1393.25,1432.75,79050,270792,3/21/2014,466.6,455.9,455,468.4,32943,152469,3/24/2014,479,490,478.5,491,110121,538718
,3/21/2014,1433.5,1408.75,1405.25,1435.75,77887,276030,3/20/2014,462.1,466.5,461.7,471.8,47857,154950,3/21/2014,478.5,479,476,481,86237,538907
,3/20/2014,1430.5,1433.75,1422.25,1456.5,115248,284981,3/19/2014,454.8,462,454.7,463.4,36534,156055,3/20/2014,487,478.5,478,487.5,102863,548999
,3/19/2014,1416.5,1431.25,1416.5,1442,84021,291529,3/18/2014,446,455.8,445.6,456.9,38508,157393,3/19/2014,485.75,487.75,482.25,491.75,113870,554226
,3/18/2014,1390,1418.25,1384.5,1419.5,86122,299920,3/17/2014,444.2,446.6,440.4,450.3,30561,158623,3/18/2014,478.25,486.25,477,487,90577,558109
,3/17/2014,1388,1391.75,1375.5,1395.75,73501,304749,3/14/2014,448.2,449,448.2,453.7,82,100,3/17/2014,484.5,479,476.5,487.5,85187,558200
,3/14/2014,1389,1376,1384.75,1390.75,196,342,3/13/2014,446,449.6,445,455.2,219,100,3/14/2014,484.5,472.25,480.5,484.75,316,515
,3/13/2014,1382.25,1390.75,1377,1404.25,673,342,3/12/2014,450,448.3,440,450.2,463,293,3/13/2014,483.75,484.25,477.5,486.25,1123,515
,3/12/2014,1402,1381.75,1363.5,1402.5,855,702,3/11/2014,450.5,452.3,450.2,457.8,487,674,3/12/2014,477.75,484.25,472,484.5,1037,1150
,3/11/2014,1415.25,1411.5,1411.75,1430.25,786,1008,3/10/2014,462.6,452.7,452,463.2,861,1019,3/11/2014,471.75,478,468.25,480,1325,1938
,3/10/2014,1451.25,1419.25,1417.75,1451.25,2362,1505,3/7/2014,462.5,465,459.8,466.9,751,1586,3/10/2014,479,472,470.25,481.25,1561,2879
,3/7/2014,1436.5,1457.5,1435.25,1460,1384,3126,3/6/2014,459,458.4,457.7,463,1297,2077,3/7/2014,485.25,481,478,495,7131,3772
,3/6/2014,1421.75,1437.5,1418.75,1438.25,1159,3807,3/5/2014,458,457.7,452.2,460.1,2045,2807,3/6/2014,474.25,485.75,473.75,487.25,4262,7124
,3/5/2014,1421.5,1420,1407,1424,2695,4328,3/4/2014,461,458.8,458.5,465.9,2948,3900,3/5/2014,475,475.25,472.25,481,6726,9080
,3/4/2014,1404,1418,1402.25,1422.25,4703,5713,3/3/2014,471.5,461.3,460.3,475,3252,5897,3/4/2014,462.75,476.75,458,477.5,10937,11533
,3/3/2014,1418.5,1407.25,1401,1438.75,5480,7707,2/28/2014,463.9,467.9,457.2,469.4,7175,7891,3/3/2014,459,464,457.25,476.25,20819,17412
,2/28/2014,1395.25,1414.25,1384,1415,13053,9660,2/27/2014,467.5,464,461.8,486.5,24966,10742,2/28/2014,448,457.5,447.75,458.75,36979,25472
,2/27/2014,1405.25,1393.5,1391,1452.25,65635,13530,2/26/2014,469.6,468.3,464,470,24216,15388,2/27/2014,455,448,447,458,140676,38695
,2/26/2014,1397,1407.25,1392.25,1408,76292,30656,2/25/2014,465.7,469.6,462,471,36585,21441,2/26/2014,454.75,455.5,452,459,113291,92724
,2/25/2014,1384.25,1399,1377,1400,75676,51567,2/24/2014,455.9,465.9,455.9,467.1,29763,32732,2/25/2014,451,455.75,448.25,456.25,123589,129328
,2/24/2014,1370.25,1386.5,1369.25,1389.75,75579,68066,2/21/2014,451,455.8,448.7,457.9,36459,42081,2/24/2014,451.5,451.5,445.5,452.75,141751,163274
,2/21/2014,1358.5,1370.75,1351.5,1372.25,87981,82764,2/20/2014,453.4,450.9,448.1,454.4,41057,52858,2/21/2014,455.5,453,450.25,456.5,145576,200173
,2/20/2014,1354,1358.25,1343.75,1361,89864,108351,2/19/2014,457.4,453,452,462,37682,63572,2/20/2014,453.25,455.75,451,456.5,191961,244376
,2/19/2014,1360.5,1354.25,1351,1371.75,91724,125845,2/18/2014,449.5,456.9,448.9,458.5,36721,72964,2/19/2014,448.5,453.75,448.25,455.25,243325,268137
,2/18/2014,1337.25,1361,1335.5,1362.5,110545,137385,2/14/2014,452.5,450,449.5,458.1,38319,79167,2/18/2014,445,449.5,444.5,450,140683,307257
,2/14/2014,1342.25,1337.5,1336.75,1356,104800,156401,2/13/2014,444,452.8,443,455,57447,87624,2/14/2014,440.25,445.25,438,446,177419,332167
,2/13/2014,1323,1344.25,1322.5,1347.5,146027,177645,2/12/2014,449.3,443.5,442.3,452.9,47342,94234,2/13/2014,439.75,440.5,439,442,174150,354555
,2/12/2014,1335,1323,1322,1340,120903,187228,2/11/2014,443.9,449.2,438.1,451.1,56384,102759,2/12/2014,440.75,440,439.25,445.75,209920,370988
,2/11/2014,1323.25,1334.75,1312.5,1337.5,136598,206242,2/10/2014,445.4,444,440.1,450.7,52841,111601,2/11/2014,442.75,441.5,437.25,444,221223,403064
,2/10/2014,1327,1325.5,1318.5,1340,138644,220829,2/7/2014,445.9,446.4,442,448,44744,124961,2/10/2014,442.75,443,440,449,252408,438035
,2/7/2014,1324,1331.5,1320,1332.5,86853,231811,2/6/2014,442.8,446,441,448.3,36681,135388,2/7/2014,442.5,444.25,440.5,445,171623,462818
,2/6/2014,1315.25,1325.75,1314.75,1334.5,110834,239515,2/5/2014,445.7,442,438.4,448.8,41860,137988,2/6/2014,442.5,443,441.25,447.25,191086,481809
,2/5/2014,1312,1316.25,1305,1321.25,112133,240386,2/4/2014,433.9,447,433.1,447.6,54798,143001,2/5/2014,441,443.25,439,444,169908,498478
,2/4/2014,1292.75,1313.25,1291,1316,114579,241998,2/3/2014,426.7,434,424.2,436.8,36766,144015,2/4/2014,435.5,441.75,434.5,442,179800,521154
,2/3/2014,1281.75,1292.75,1278.5,1299.75,91717,243893,1/31/2014,425.3,426.1,424.2,429.3,29304,139688,2/3/2014,433.5,435.75,433.25,438.75,167839,529255
,1/31/2014,1275.5,1282.75,1271.5,1284.5,71001,245042,1/30/2014,423.3,425.2,416.8,429.9,49608,140339,1/31/2014,432.5,434,431.25,434.75,135050,548816
,1/30/2014,1269,1275,1260,1286.5,127093,246345,1/29/2014,428.6,423.3,421,429.2,35383,139961,1/30/2014,427.5,433.5,427.25,434.5,174534,563773
,1/29/2014,1284.75,1269.25,1266,1286,100762,247297,1/28/2014,430.3,428.6,425.5,432.3,32233,141232,1/29/2014,431.25,427.5,427,431.75,147425,571422
,1/28/2014,1287.25,1285.5,1277.5,1290,58970,244501,1/27/2014,425.7,430.9,425,432.6,40087,144459,1/28/2014,431,432,430.75,433.75,118856,580742
,1/27/2014,1286,1287.75,1279,1293,91707,245749,1/24/2014,418.3,425.7,415.3,426.7,44530,143490,1/27/2014,428.75,431.75,427,432.75,132838,586734
,1/24/2014,1275.75,1284.75,1263.5,1287,110447,248212,1/23/2014,419.4,418.7,418.1,427.3,51002,142655,1/24/2014,428.5,429.5,425.5,430.25,126819,592822
,1/23/2014,1279.75,1277,1275.25,1296.75,107872,253070,1/22/2014,416.5,419.4,413.8,419.8,55296,143198,1/23/2014,426,429,425.75,431.25,157783,605588
,1/22/2014,1279.75,1279.5,1272,1286,101694,259918,1/21/2014,432.2,416.5,416.2,432.3,60441,147103,1/22/2014,425,426.25,424.5,429,114794,605446
,1/21/2014,1313,1280.5,1280,1314,120155,270448,1/17/2014,431.4,434.5,428,435,30763,154508,1/21/2014,424,425,421,425.75,134010,617271
,1/17/2014,1312.75,1316.5,1305.5,1318.5,76571,279012,1/16/2014,434.4,432,430.5,440.2,38878,153288,1/17/2014,427,424,422.25,428,95493,623831
,1/16/2014,1316.5,1315,1311,1330.5,101482,277785,1/15/2014,429.8,434.5,428.1,436.7,38800,152537,1/16/2014,425.75,428,425,430,131695,627096
,1/15/2014,1305.25,1318,1303.25,1321,96559,272238,1/14/2014,446.5,452.5,444.8,447.9,17,1,1/15/2014,431,425.75,425.5,431.5,118783,634451
,1/14/2014,1327,1339,1314.75,1339,320,260,1/13/2014,435.2,446.9,431,447,496,13,1/14/2014,433.5,431.5,427.25,434,156818,635767
,1/13/2014,1301.75,1326.75,1296,1327.5,1070,409,1/10/2014,434.4,435.2,434.4,444.8,888,417,1/13/2014,431.75,434.5,430.5,435.5,219138,646057
,1/10/2014,1297.25,1303.75,1297.25,1320,1142,1148,1/9/2014,435.5,433,432.4,435.8,654,1110,1/10/2014,411.5,432.75,406.25,433,365581,653348
,1/9/2014,1300.75,1296.25,1296.25,1307.5,2454,1976,1/8/2014,433.5,430.6,430,435.2,1093,1648,1/9/2014,416,412,408,416.75,228114,654595
,1/8/2014,1299.25,1300.75,1292.25,1304.5,3050,3602,1/7/2014,429.3,434.6,426.6,437.2,1711,1984,1/8/2014,425.25,417,414,427.75,221233,654571
,1/7/2014,1297,1299.5,1287.25,1305.5,2600,5286,1/6/2014,424.7,428.8,424,431.7,1636,3153,1/7/2014,427,426,425.25,430,124441,638108
,1/6/2014,1291.25,1296.75,1290,1301.5,2906,6535,1/3/2014,425.2,424.5,421,427.2,3215,4194,1/6/2014,423.5,427.75,423.5,428,96635,642168
,1/3/2014,1287,1289.25,1281.75,1294,7385,7179,1/2/2014,437,423.8,420.7,437,5213,5857,1/3/2014,420.5,423.5,417,424,110192,646371
,1/2/2014,1312.5,1287,1280.25,1312.5,8675,10168,12/31/2013,450.5,437.7,436.2,452.5,7958,7157,1/2/2014,422,420.5,418.5,427.25,136284,643481
,12/31/2013,1327.75,1312.5,1309,1331,21149,13648,12/30/2013,443.8,450.3,441.6,451.5,17798,9075,12/31/2013,423.5,422,421,423.5,77092,644246
,12/30/2013,1324.75,1328.25,1319.25,1333.25,45721,20751,12/27/2013,441.5,445.7,441.3,446.8,13807,15197,12/30/2013,426.5,423.5,423,426.75,60441,643265
,12/27/2013,1318.75,1331.5,1318.75,1332.5,40255,36954,12/26/2013,446.6,441,438.7,447,16660,20817,12/27/2013,426.25,427.5,426,429,52403,645652
,12/26/2013,1332,1318.75,1316.75,1332,49390,59299,12/24/2013,444.8,447.4,443.1,449.7,9051,25589,12/26/2013,433,426.25,426,433,72950,638546
,12/24/2013,1328.5,1333.75,1325,1338,20848,76516,12/23/2013,448.4,444.2,443.8,450.8,21632,28390,12/24/2013,433.5,434.5,431.75,435.75,28452,635869
,12/23/2013,1343.5,1328.5,1327,1347,57204,83300,12/20/2013,441.8,446.6,439.4,448.3,21158,34314,12/23/2013,433,434.25,431.75,436,65971,638156
,12/20/2013,1325.75,1339,1321.5,1345,75189,91996,12/19/2013,442.1,442.1,437.3,445.3,27322,39703,12/20/2013,429.75,433.25,427.5,434.25,92615,644092
,12/19/2013,1325,1327,1315.75,1329.75,107255,110886,12/18/2013,447.5,441.2,440.1,454,36030,44813,12/19/2013,425,430.5,424.25,431,99370,649335
,12/18/2013,1344,1324,1323.25,1351,119032,131182,12/17/2013,438.8,448,434.3,449.3,44445,50535,12/18/2013,426,425,423,429.75,81535,651882
,12/17/2013,1336,1346.5,1328.5,1350,110864,151008,12/16/2013,432.2,439,430,440.8,39879,58580,12/17/2013,423,426.75,422,429,89620,657917
,12/16/2013,1328,1337.75,1319,1343.5,96158,161109,12/13/2013,459,462.9,455,510,54,53,12/16/2013,425.75,423.25,420.5,426.5,114420,661011
,12/13/2013,1323,1327.5,1312.25,1328,73351,168445,12/12/2013,464.6,459.4,456,465.9,531,53,12/13/2013,430,420.5,420.5,430,294,260
,12/12/2013,1343,1323.75,1318.5,1347,142780,175558,12/11/2013,464.3,464.6,463,466.8,676,477,12/12/2013,431.25,428.25,424.25,431.75,1677,260
,12/11/2013,1339.25,1344,1334.5,1345.5,95905,195187,12/10/2013,461.3,464.1,460,468.6,1327,983,12/11/2013,427.5,431.25,426,432,1779,1645
,12/10/2013,1342.75,1338.25,1330.5,1353.5,151495,208080,12/9/2013,448,461.6,448,463,755,1845,12/10/2013,428,427.5,421.75,431.25,3136,2777
,12/9/2013,1324.75,1343.75,1324.5,1346.75,119248,218434,12/6/2013,446.2,447.3,441.6,447.4,1174,2320,12/9/2013,424,428.5,422.75,429,1397,4900
,12/6/2013,1328,1325.5,1316.5,1328,89331,231531,12/5/2013,448,446.1,442.3,449,1592,3015,12/6/2013,422.5,424,419.5,425,2079,6012
,12/5/2013,1328,1328,1316,1333,105555,240786,12/4/2013,446.1,447.9,442.1,451.5,1395,3653,12/5/2013,425.5,422.75,420.5,426.25,2386,6951
,12/4/2013,1320,1329.5,1311.5,1334.75,108326,251991,12/3/2013,447.1,446.1,440.9,449.2,2571,4481,12/4/2013,421.5,425.5,418,430,7667,8292
,12/3/2013,1320.75,1319.75,1311.25,1329,92773,256213,12/2/2013,455.9,447,446.4,461.8,4487,5777,12/3/2013,416.5,422,414.75,423,9178,12366
,12/2/2013,1335.75,1321.25,1319.25,1346,100676,262424,11/29/2013,449.4,456.6,449.3,458.5,6008,6915,12/2/2013,414.75,416.5,410,417.25,14977,16418
,11/29/2013,1328.5,1336.5,1327,1339.5,56777,266848,11/27/2013,450.5,445.9,443.7,457.9,21085,8975,11/29/2013,418.75,415.25,413,419.5,21820,21716
,11/27/2013,1327.5,1320,1316,1341,105162,266377,11/26/2013,436.7,450.2,434.1,454,40994,13699,11/27/2013,418,417.25,416.25,422.25,132013,30656
,11/26/2013,1327,1329.25,1316.75,1330.75,102374,265688,11/25/2013,428,437.2,424.8,439.6,32502,27293,11/26/2013,424.75,418.5,415.75,425,134287,77050
,11/25/2013,1318.5,1329.25,1309.25,1334.5,111656,261322,11/22/2013,411,427.8,411,428.8,49417,36517,11/25/2013,422.5,424.75,422.25,426.5,122502,132267
,11/22/2013,1290.75,1319.5,1290.5,1322,131379,263185,11/21/2013,407.4,411,404.6,411.8,30767,52167,11/22/2013,422.25,422.25,420.5,426.75,191252,197884
,11/21/2013,1275.25,1291.5,1275.25,1292.5,92414,257243,11/20/2013,409.1,407,405.9,411,21998,62268,11/21/2013,417,423,416.75,424,184359,298742
,11/20/2013,1277,1273.75,1270.25,1283.75,71551,268044,11/19/2013,415.1,408.9,405,417.6,39466,65826,11/20/2013,417.5,417,415,419,146175,337603
,11/19/2013,1285.5,1276.25,1268.25,1294,114103,269432,11/18/2013,410.2,415.8,406.6,416.6,27618,70674,11/19/2013,411.75,417.75,410.75,419,184949,355128
,11/18/2013,1280,1287.5,1276.5,1290,72543,277720,11/15/2013,424.6,410.5,409.3,426.1,44578,72826,11/18/2013,421.5,412,411.5,422.5,251099,386612
,11/15/2013,1312.75,1280.5,1278,1315.75,106848,278970,11/14/2013,423.3,424.6,420.3,425.9,26539,81926,11/15/2013,426,422,421.5,430,215387,400863
,11/14/2013,1317.5,1317.25,1314.75,1323.75,228,230,11/13/2013,427.1,423.3,420.7,428.7,35092,86898,11/14/2013,429.75,426.5,425.5,431.25,166631,424584
,11/13/2013,1319.25,1319.75,1312,1322.25,940,278,11/12/2013,421.8,427.7,421.2,429.3,40619,90095,11/13/2013,432,429.75,428.75,434.5,226433,452314
,11/12/2013,1305.25,1319.25,1304,1325,1518,1013,11/11/2013,421.8,422.1,417.3,423.9,37121,90936,11/12/2013,434.25,432.25,430.25,438,176527,491356
,11/11/2013,1305,1308,1296,1312,1942,2177,11/8/2013,403.8,422.3,403.3,423.4,59160,95986,11/11/2013,427.25,434.75,427.25,437.25,256555,520324
,11/8/2013,1277.25,1306,1274.75,1306.5,1957,3200,11/7/2013,396.8,403.8,396.7,411.3,52456,102190,11/8/2013,419.5,426.75,415.5,429.5,367855,566429
,11/7/2013,1263,1278.75,1262.5,1289.5,2509,4009,11/6/2013,392.8,396.8,392.3,397.5,24058,105105,11/7/2013,421,420.5,419,424.25,240006,587101
,11/6/2013,1259,1263,1258.5,1269.75,3332,5238,11/5/2013,396.5,392.8,391.8,399.6,30749,106118,11/6/2013,424.5,421.25,420.75,426,203384,613639
,11/5/2013,1264.75,1259.25,1255,1271.75,4988,6470,11/4/2013,395.3,396.9,392.3,399.9,25606,109667,11/5/2013,425.5,425,424,427,173087,633427
,11/4/2013,1263,1264,1260,1271.25,13883,8760,11/1/2013,404.5,394.9,393.3,404.6,47306,111371,11/4/2013,426.25,426.25,425.25,428.75,154961,656892
,11/1/2013,1280,1266,1265,1285.25,14331,14142,10/31/2013,412,403.6,403,415.8,55474,116193,11/1/2013,427.75,427.25,425.75,429.75,175603,661674
,10/31/2013,1287,1280.25,1279.5,1300,25853,19404,10/30/2013,410.8,411.8,410,414.5,32492,126564,10/31/2013,430,428.25,427,436.25,226896,678918
,10/30/2013,1279,1287.5,1279,1292.5,72297,26906,10/29/2013,414.2,410.8,410,415.9,32265,127698,10/30/2013,431.5,430.25,429.5,435,145107,693800
,10/29/2013,1270,1279,1268,1280.5,95488,47842,10/28/2013,424.2,414.7,412,424.2,53257,129763,10/29/2013,430.25,432,428.25,434,160427,702790
,10/28/2013,1300,1271.25,1270.25,1301.25,124280,71794,10/25/2013,426,423.5,422.8,428,30870,133519,10/28/2013,439,430.75,430.25,440,197956,708294
,10/25/2013,1309,1300,1299.25,1312.75,104191,109532,10/24/2013,421.8,426,420.3,428.1,44558,133232,10/25/2013,440,440,439.5,442,114537,707250
,10/24/2013,1309,1309.75,1306,1318,111457,151638,10/23/2013,414.9,421.4,413.4,425.6,43807,131727,10/24/2013,442,440.25,438.5,444.5,145523,713476
,10/23/2013,1299,1310,1296.75,1318.75,139166,169206,10/22/2013,414.8,416.1,411.1,417.5,36292,128794,10/23/2013,438,442.75,437.5,446.25,154657,717718
,10/22/2013,1300.75,1302.25,1292,1305.5,117953,187362,10/21/2013,409.1,415.7,407.2,416.3,29604,129639,10/22/2013,443.25,438.25,437,444.5,94419,724761
,10/21/2013,1289,1303.25,1288.5,1304,99173,197160,10/18/2013,412.7,410.1,408.5,415.6,38966,130774,10/21/2013,440.5,444,438,444.5,105735,719403
,10/18/2013,1291.25,1291.25,1287.5,1301.5,113246,205293,10/17/2013,404.1,413,401.9,413.8,52239,132079,10/18/2013,442.5,441.5,440,447.75,113287,716588
,10/17/2013,1276.25,1293.25,1274.75,1296,131533,220000,10/16/2013,402.3,403.8,401,405.2,34097,130920,10/17/2013,442,443,441.5,446.5,109641,710178
,10/16/2013,1267,1276.5,1266,1279.5,119977,229688,10/15/2013,406.8,402.4,400.7,407.9,33793,130778,10/16/2013,443,442.75,439,446,120313,710125
,10/15/2013,1271,1267,1264.25,1276.75,92847,237520,10/14/2013,420.5,423.2,410,423.2,96,,10/15/2013,436.5,443.5,436,444,132993,711609
,10/14/2013,1263.75,1273,1261.75,1280,115468,245081,10/11/2013,427.4,422,421.2,428.4,445,92,10/14/2013,432.75,437,432,437.5,87547,712126
,10/11/2013,1286,1266.75,1266,1288,147378,248619,10/10/2013,427.4,424.4,424.1,428.9,489,347,10/11/2013,436.5,433.25,432.5,437,95879,713939
,10/10/2013,1286.5,1288,1285.5,1302,150688,253646,10/9/2013,426,425.2,423.6,428,635,732,10/10/2013,443,438.25,436.5,446.5,110458,717672
,10/9/2013,1287.5,1287.75,1281.25,1293,128973,260664,10/8/2013,433.7,428.7,427,436.1,1219,1132,10/9/2013,441.5,443.5,440.5,447,106370,716096
,10/8/2013,1296.25,1288.75,1283.75,1305.75,149055,275185,10/7/2013,432,433.7,428.3,434.5,1202,2101,10/8/2013,448.5,441.75,439.75,449.75,127958,720741
,10/7/2013,1292.25,1296.5,1288.5,1305,107027,285751,10/4/2013,427,431.3,424.5,431.8,1473,2726,10/7/2013,442.75,449.25,441.5,449.5,148378,718736
,10/4/2013,1286.25,1295,1280,1298,107858,297530,10/3/2013,418.2,427.8,417.4,428.6,3406,3450,10/4/2013,439.5,443.25,438.75,443.75,80706,720780
,10/3/2013,1273,1288.25,1271,1289.75,116591,306403,10/2/2013,408.5,417.6,407,418.2,2348,4763,10/3/2013,438.75,439.25,438,443.75,97170,723993
,10/2/2013,1267.5,1273.75,1263.75,1282,128886,312787,10/1/2013,409.5,408.5,403.1,409.5,3952,5996,10/2/2013,438.75,439,435,441,110682,723358
,10/1/2013,1278.5,1268,1263.5,1278.75,123503,321623,9/30/2013,418.5,409.9,408.4,421.2,7339,7251,10/1/2013,441.25,439,435.25,444.75,162610,725080
,9/30/2013,1312.75,1282.75,1280,1317,169923,327697,9/27/2013,417.3,419.9,414.7,421,18424,9340,9/30/2013,452.5,441.5,440.75,462,231380,727866
,9/27/2013,1316.5,1319.75,1311.5,1327.75,91120,336011,9/26/2013,418.6,416.4,415,418.6,20155,13850,9/27/2013,456.5,454,453,459,96327,723345
,9/26/2013,1320,1316.75,1311.25,1322.75,72707,340943,9/25/2013,414,418.6,412.6,420.7,16438,19274,9/26/2013,454.5,456.75,451,457.75,81835,726678
,9/25/2013,1311.5,1321.75,1306.5,1328,101566,341563,9/24/2013,411,414.1,410,418,15544,22578,9/25/2013,448.25,454.75,448.25,456.75,102257,727348
,9/24/2013,1306.5,1312.5,1305.25,1322.75,73052,339992,9/23/2013,412.2,411.1,410.5,415.6,12941,23929,9/24/2013,452.5,448.75,448,457,102415,725677
,9/23/2013,1310,1307.75,1305.5,1317.75,80316,341999,9/20/2013,421.8,413.4,411.7,422.3,11033,26121,9/23/2013,450,453.25,448.25,455,85790,721973
,9/20/2013,1340.5,1315.25,1311.75,1340.5,118735,348651,9/19/2013,428.4,421.6,421,432.5,13170,28388,9/20/2013,459.5,451,450.5,460,117384,723931
,9/19/2013,1352.5,1339.5,1331.25,1361.25,102649,346040,9/18/2013,428.4,427,425,430.6,10555,29014,9/19/2013,457,459.5,455.5,463.25,118125,728859
,9/18/2013,1341.5,1347.75,1335,1350,87033,344199,9/17/2013,432,428.8,425.6,439.1,10604,30651,9/18/2013,454,456.25,452,457,98955,732545
,9/17/2013,1349,1342.5,1332,1366.5,150137,345803,9/16/2013,443.4,431.2,428.1,443.5,10939,31159,9/17/2013,457,454,453.25,468.5,142922,726396
,9/16/2013,1374,1348.25,1342.75,1375.25,122652,347484,9/13/2013,,496.2,,,32,55,9/16/2013,457.5,456.5,454,462,96537,714609
,9/13/2013,1435,1488.75,1431,1499.5,55,52,9/12/2013,463.9,480.9,447,477.8,486,55,9/13/2013,479.75,450,450,480.75,834,748
,9/12/2013,1410,1442,1385,1440,296,52,9/11/2013,467.1,460.9,455,467.7,333,333,9/12/2013,479.75,479,466.25,485.75,2128,748
,9/11/2013,1403,1405.25,1400,1408.5,224,294,9/10/2013,464,462.5,461,468.3,672,565,9/11/2013,474.5,479.75,473,480.25,2891,2614
,9/10/2013,1390.75,1403.75,1386.25,1405,378,503,9/9/2013,484.1,465.8,461.3,486.8,1215,933,9/10/2013,475.5,474.75,472.25,476.5,5288,4602
,9/9/2013,1448.75,1404.25,1402.75,1448.75,671,701,9/6/2013,481.3,482.1,475,483.3,1028,1537,9/9/2013,491,477.25,475.5,493.5,5827,7747
,9/6/2013,1428.75,1437,1422,1440,989,1177,9/5/2013,470.3,479.5,462.6,480.2,1082,2179,9/6/2013,489.25,491.5,484.25,492.5,3032,10381
,9/5/2013,1402.75,1423,1380.25,1423.75,1317,1800,9/4/2013,486,468.6,465.1,486,1536,2612,9/5/2013,493.75,489.5,483.5,495,6334,11576
,9/4/2013,1432.75,1397.75,1389,1432.75,1805,2433,9/3/2013,482.1,485.4,478.3,493.5,3295,3148,9/4/2013,497,494,487.5,497,8034,15324
,9/3/2013,1454,1435.5,1431,1467.75,3790,3328,8/30/2013,468.5,468.2,463,470,5731,4080,9/3/2013,501.25,498,486,504.5,12789,19429
,8/30/2013,1434.5,1424,1414.25,1434.5,2867,5325,8/29/2013,463.7,467.4,463.3,473.3,13302,6599,8/30/2013,496.75,495,487.75,499.5,33789,25375
,8/29/2013,1435,1430,1421.25,1453.75,9732,6378,8/28/2013,458.5,463.3,456,469,18518,11151,8/29/2013,503.75,497.25,496,504.5,62086,36211
,8/28/2013,1414.25,1433,1408.5,1435,12481,10168,8/27/2013,458.6,455.9,453.8,470.6,18246,14911,8/28/2013,500,504.25,495.5,506.75,62695,53753
,8/27/2013,1425,1414,1412,1449,8028,13232,8/26/2013,441.9,458.6,441.4,463.2,16086,18006,8/27/2013,515,499.75,498.75,519.25,61666,69075
,8/26/2013,1382.5,1427.75,1382.25,1435.25,12961,16060,8/23/2013,416.8,433.2,415.5,433.3,23559,21491,8/26/2013,500.75,515.75,500.75,522.75,72379,90132
,8/23/2013,1326,1365.25,1325.75,1369,18028,21659,8/22/2013,420.7,413.3,412.2,425,15406,29074,8/23/2013,487.5,495.5,487,500,73982,99100
,8/22/2013,1329.5,1322,1316.5,1342,13711,24720,8/21/2013,413.5,421.5,411,422.8,15750,31399,8/22/2013,497,487.5,486.5,498.75,67915,149349
,8/21/2013,1308,1333,1304.25,1335.75,17957,25017,8/20/2013,420.6,413.8,410.4,422.7,12202,31979,8/21/2013,483.5,498,482,499.5,74947,160042
,8/20/2013,1320.75,1309.25,1304,1326.75,11955,24194,8/19/2013,410,420.3,410,422,13479,35551,8/20/2013,492.75,483.75,482.5,494.25,46399,170549
,8/19/2013,1296.5,1322,1295,1324.75,20059,25139,8/16/2013,410.5,408.8,407.3,412.4,11818,38935,8/19/2013,483.25,493.25,478.25,493.75,55413,178612
,8/16/2013,1287.75,1283.25,1282,1296,14233,27890,8/15/2013,408.5,409.8,408.2,416.3,19491,40857,8/16/2013,481,473.75,468.5,483.75,62894,184507
,8/15/2013,1271.75,1288.25,1271,1294,17639,29795,8/14/2013,425.4,433.9,425.4,434.8,125,,8/15/2013,465,481.5,464.25,485,81198,195852
,8/14/2013,1347,1368,1347,1376,225,38,8/13/2013,430.3,426.9,423,430.8,206,124,8/14/2013,455.25,464.75,455,465.75,80627,208040
,8/13/2013,1374,1359.75,1358,1386.5,449,176,8/12/2013,418.3,425.7,418.3,434.7,434,318,8/13/2013,472,455.25,453.75,476.5,112285,218652
,8/12/2013,1339.75,1373.75,1338.25,1374,482,405,8/9/2013,424.7,420.5,412,429,785,691,8/12/2013,465.5,472,457,480,110053,237834
,8/9/2013,1354.75,1340.75,1340,1366.25,757,812,8/8/2013,400.7,422.5,400.7,424,1086,1325,8/9/2013,473,465.75,464,476.75,80179,252705
,8/8/2013,1328,1355.75,1328,1358,896,1210,8/7/2013,397,400.3,395.7,402.3,849,2280,8/8/2013,468,473.5,468,475.5,90623,271347
,8/7/2013,1323.25,1327.75,1313.75,1335,720,1935,8/6/2013,402,396,393.8,406.9,538,2784,8/7/2013,472,468.25,467.25,476.25,90363,282579
,8/6/2013,1330,1324.25,1318.25,1335,689,2296,8/5/2013,412,402.6,400.7,412.7,1130,3024,8/6/2013,469,472.25,465.5,475.5,70677,298416
,8/5/2013,1332.5,1329.75,1318.5,1336,1073,2610,8/2/2013,425.5,412.1,409.5,440.4,2387,3542,8/5/2013,473,469.25,465.5,475,74631,306596
,8/2/2013,1358,1331,1328.5,1370,1670,3285,8/1/2013,436.1,425.4,424.2,437,1892,4570,8/2/2013,487.5,476,475.25,489.25,83417,311549
,8/1/2013,1371.75,1357.75,1354.5,1387,3800,3872,7/31/2013,430.9,435.1,423.5,437.5,3971,5465,8/1/2013,499,487.5,486.5,499.75,68277,318330
,7/31/2013,1350,1374,1343.5,1375.5,4285,5552,7/30/2013,439.6,429.2,427.3,447.7,9758,7334,7/31/2013,495.5,499,493,499.5,76256,326719
,7/30/2013,1370,1350,1347.75,1379.75,13491,7015,7/29/2013,428,438.9,422.2,442,14301,10017,7/30/2013,489.75,495.5,489.5,497.25,64592,344423
,7/29/2013,1345.5,1367.5,1328.75,1370.5,17663,11451,7/26/2013,427.8,430.3,427.8,454.6,25162,16213,7/29/2013,492,489.25,488.25,497.5,64514,348688
,7/26/2013,1353.5,1349.75,1330.5,1360.25,25460,17783,7/25/2013,447.8,447.8,447.8,447.8,22070,21506,7/26/2013,495.25,492,490,499.75,65924,354108
,7/25/2013,1388.25,1355.25,1348.5,1396.5,29089,26446,7/24/2013,487.9,467.8,467.8,488.3,24584,25751,7/25/2013,508.5,496,492.25,510.75,126368,363324
,7/24/2013,1460,1392.5,1392.5,1466.25,48325,27840,7/23/2013,505.4,487.8,482.7,521,39166,29796,7/24/2013,522.5,508.25,507.75,524.25,103138,362923
,7/23/2013,1515,1462.5,1460,1526.25,45710,35006,7/22/2013,485,502.4,484.2,502.4,24763,37026,7/23/2013,539.25,522.5,521.5,539.25,92858,364928
,7/22/2013,1491,1520.25,1487,1525.5,29915,39216,7/19/2013,472.9,482.4,471,484.7,24085,42103,7/22/2013,544.25,540.75,536.25,545,49041,363753
,7/19/2013,1469,1490.75,1469,1492.75,26799,41984,7/18/2013,469.1,470.4,463.4,471.5,21444,47387,7/19/2013,539.75,544,536.75,545.5,77722,361063
,7/18/2013,1475,1469.25,1458.5,1477.5,23876,44725,7/17/2013,468,469.1,463.6,471.4,21761,51062,7/18/2013,537.5,541,532,542.5,69576,353642
,7/17/2013,1475.25,1477.5,1464.25,1482,20853,47213,7/16/2013,453.8,466.8,452.2,470.7,24387,52654,7/17/2013,546.25,538.5,537.75,549,45385,351184
,7/16/2013,1456.75,1475.25,1453,1488,33964,48391,7/15/2013,441.5,451.5,440,454.4,19004,52273,7/16/2013,540,545.25,539,549.75,55368,352252
,7/15/2013,1424,1453.75,1419.5,1458,31883,51005,7/12/2013,542,535.5,531.5,545.1,190,177,7/15/2013,542.5,536.25,534.5,543.75,50492,355278
,7/12/2013,1595,1563.25,1534.5,1610,762,530,7/11/2013,523.2,525.7,521.8,543,1198,177,7/12/2013,718,701.5,700.5,800,758,625
,7/11/2013,1593.75,1601.25,1580,1610.5,1680,530,7/10/2013,521.1,520.5,518.8,526.1,925,1193,7/11/2013,712,716.75,709,730,3195,625
,7/10/2013,1617.75,1591.75,1585,1627.25,2506,1377,7/9/2013,512,520.8,510,529.5,3231,1694,7/10/2013,703.75,709.75,703.25,711.75,2647,2860
,7/9/2013,1609.75,1613.25,1607,1630,3023,2944,7/8/2013,490,511.1,490,512,1924,4235,7/9/2013,692,704,692,710,3665,4580
,7/8/2013,1585.5,1609.25,1585,1616.25,1980,5101,7/5/2013,490.4,489.1,489,492.1,1331,5743,7/8/2013,684,691.75,684,695,4255,7137
,7/5/2013,1584.75,1588,1584.75,1595,1140,6331,7/3/2013,487.4,490.6,487.2,492.5,2073,6346,7/5/2013,678,684.75,677.75,687,2868,10283
,7/3/2013,1574,1583.5,1572.75,1593,2482,7014,7/2/2013,485,487,484,490.9,1691,7918,7/3/2013,674,678.25,670,681.75,3929,11585
,7/2/2013,1570.75,1573,1565,1584.75,1612,8129,7/1/2013,490.3,484.8,483.6,499,4470,9241,7/2/2013,652.5,672.75,651,678.5,7919,13162
,7/1/2013,1565.5,1570.5,1560,1604.25,4749,8902,6/28/2013,479.5,490.3,473.3,491.5,11089,11063,7/1/2013,678.5,655.5,653.5,690,18279,15585
,6/28/2013,1547.5,1564.5,1538,1574.5,17119,10161,6/27/2013,463.3,479.6,462,480.1,30812,15657,6/28/2013,668,679.25,652.25,685.5,37861,22555
,6/27/2013,1532.25,1548.5,1530.25,1550.75,39906,14960,6/26/2013,458.3,463.3,456.7,464.9,27879,25275,6/27/2013,664,667.25,660.5,673,89216,35665
,6/26/2013,1524,1534.25,1516.5,1535,52563,30980,6/25/2013,452.2,458.8,451,459.5,28804,32724,6/26/2013,658.5,664.5,658.5,667,84387,63771
,6/25/2013,1511.75,1525.25,1507,1527.75,52405,47527,6/24/2013,448,451,445.5,452.5,29130,39850,6/25/2013,654,656.75,652,661,76136,89727
,6/24/2013,1489.75,1512,1485.5,1514,52587,64439,6/21/2013,445.6,447.7,443.3,450,31427,44209,6/24/2013,660,653.25,650.5,660.25,63780,117648
,6/21/2013,1497,1493.25,1488.75,1505.75,61612,82559,6/20/2013,453.5,445.6,445,453.5,26572,54439,6/21/2013,673,661.75,660.25,673.75,90417,136046
,6/20/2013,1521.25,1497.5,1495.75,1522,45803,121686,6/19/2013,453.2,453.6,448.8,455.8,31067,62481,6/20/2013,679.75,673.25,667.5,679.75,81189,163916
,6/19/2013,1513,1523,1505.25,1527,58940,132336,6/18/2013,450,451.8,450,459.1,37973,66291,6/19/2013,672,682.25,665.25,683.75,145518,181677
,6/18/2013,1511.75,1510.75,1510,1530,67843,143954,6/17/2013,448.5,449.1,446,453.5,30289,71873,6/18/2013,667.75,673.25,662.5,677.25,160579,206985
,6/17/2013,1508.25,1512.5,1490,1519.5,50982,154427,6/14/2013,452.7,450.7,449.3,456.7,28585,74430,6/17/2013,652.5,668.5,651.5,672,122002,234799
,6/14/2013,1510,1516.5,1506,1522,55355,161411,6/13/2013,461.6,452.6,451,463.7,46264,81685,6/14/2013,644,655,643.75,658,97377,260194
,6/13/2013,1540,1510.25,1506.5,1543.5,94100,173450,6/12/2013,463.4,461.4,459.1,469.9,57523,88706,6/13/2013,652,643.5,640.5,653,125191,278624
,6/12/2013,1539.75,1540.75,1530.5,1558.75,110605,186978,6/11/2013,450.1,463.4,449.4,466.1,56889,101046,6/12/2013,659,650.75,646.25,662,138800,293166
,6/11/2013,1515.5,1540.5,1514.75,1544,93870,199091,6/10/2013,451,448.3,445,453.9,53735,108668,6/11/2013,650.5,659.5,647.25,661.25,111234,308852
,6/10/2013,1522.75,1511.75,1502.5,1527,90119,211054,6/7/2013,454,452.5,451.8,459.8,46245,117219,6/10/2013,661.25,650,648.5,664.5,122282,326031
,6/7/2013,1528,1528.25,1521.25,1542,80293,228146,6/6/2013,456.6,454,451.6,457,27016,127760,6/7/2013,662.75,666.25,659.5,674,122077,356617
,6/6/2013,1532,1527.25,1519.25,1534.25,76211,240100,6/5/2013,452.8,455.9,451,462,41688,130495,6/6/2013,660,663.25,655.5,664.5,73049,367875
,6/5/2013,1528,1532,1523.25,1549,101120,250981,6/4/2013,454.4,452.5,449.4,455.6,28574,130175,6/5/2013,660.75,660.75,658.5,667,99328,370777
,6/4/2013,1531.75,1528.75,1518,1533,56812,258976,6/3/2013,447.3,454.4,447.2,458.2,31337,133450,6/4/2013,655.5,660.5,648,664.25,90516,383240
,6/3/2013,1509.5,1532.5,1509,1540.75,84969,262721,5/31/2013,440.8,447.2,440.3,451,36795,137080,6/3/2013,661.25,655.75,643.75,669,119563,392043
,5/31/2013,1494.25,1510,1494.25,1523,80189,266190,5/30/2013,444.3,440.8,439.1,445.8,28828,136756,5/31/2013,654,662,652.25,665.75,97577,403449
,5/30/2013,1502,1495.75,1487,1507.5,52524,267750,5/29/2013,441.9,444.3,436.3,447.3,45711,141324,5/30/2013,663.75,654.25,649.5,667.25,103450,408423
,5/29/2013,1505,1501.75,1490,1519,80708,270461,5/28/2013,429,442.3,428.4,447.4,45604,138239,5/29/2013,666,665,651.5,668.25,135982,420568
,5/28/2013,1475,1509.25,1472.5,1528.5,105640,275953,5/24/2013,434.1,428.2,427,437.7,44195,137722,5/28/2013,659,666.5,655,669.75,85496,427864
,5/24/2013,1493,1476.25,1471.25,1505.75,119652,285997,5/23/2013,440.5,437,434,451.4,70664,139319,5/24/2013,660.5,657.25,655.5,664.75,83484,433733
,5/23/2013,1492.5,1499.5,1487.5,1546.75,187905,291399,5/22/2013,438.8,440.6,433.8,441,50249,139912,5/23/2013,658,662,653,669.75,115606,437382
,5/22/2013,1477,1494.25,1470.5,1495,115680,294318,5/21/2013,435,438.7,431.2,439.2,45530,139192,5/22/2013,640.25,658.5,637.75,659.25,119109,435431
,5/21/2013,1460.5,1478.25,1456,1479.25,125501,297624,5/20/2013,425.1,435.3,424.7,435.8,48755,139117,5/21/2013,644.75,640,632.5,647,101487,435710
,5/20/2013,1446.25,1464.5,1443.25,1466,107222,294969,5/17/2013,414.9,425.1,413.2,425.5,49248,139670,5/20/2013,652,649.5,642.75,660.75,88236,437124
,5/17/2013,1427.5,1448.5,1424,1450,111419,297247,5/16/2013,410.5,414.9,408.3,416.9,40994,138166,5/17/2013,641.75,652.75,638.25,656,98929,437226
,5/16/2013,1412.75,1427.5,1408.25,1431,88796,298921,5/15/2013,412.1,410.5,407.6,414.8,42876,136961,5/16/2013,650.25,641.5,640.25,652,72057,439716
,5/15/2013,1414.75,1412.75,1402.25,1422.75,79798,295696,5/14/2013,457.9,461,453.4,460.1,402,,5/15/2013,652,650.75,645,659.75,78502,441390
,5/14/2013,1522,1524.5,1514.75,1545,1808,28,5/13/2013,444.4,457.9,444.4,458.6,953,335,5/14/2013,718,706.75,704.25,722,864,144
,5/13/2013,1486.5,1521,1486.5,1527.25,2147,1357,5/10/2013,441.4,444.3,441.4,451,1311,984,5/13/2013,694,718,694,722.5,1784,658
,5/10/2013,1490.75,1488.25,1481,1503.75,1968,2792,5/9/2013,426,440.1,425.3,440.3,1605,1931,5/10/2013,693,687.75,672,699.25,3813,1854
,5/9/2013,1475.25,1491.25,1475.25,1500.25,1692,3824,5/8/2013,416.3,425.3,416,427.5,1418,2953,5/9/2013,675,694.5,672.25,698,2383,4676
,5/8/2013,1463.25,1479,1461.5,1485,2419,4731,5/7/2013,413.1,416.3,412.6,418,1671,3911,5/8/2013,675.75,675,669,679.5,2301,6042
,5/7/2013,1445,1463.5,1445,1464,1345,6054,5/6/2013,417.5,413.1,412.6,421.4,1595,5041,5/7/2013,682,676.5,674.75,683.75,4152,7599
,5/6/2013,1450.25,1444.5,1442,1469,1827,6504,5/3/2013,420,417.8,417.5,426.4,2126,5944,5/6/2013,689,678.75,675.5,689,4247,9820
,5/3/2013,1440,1455,1440,1471,2880,7084,5/2/2013,415.6,418.6,415.3,420.4,2028,6882,5/3/2013,697,699.5,694.75,705,6150,11960
,5/2/2013,1439.75,1441,1435.75,1454.25,4084,7964,5/1/2013,427.8,415.6,414.4,428.7,5046,7902,5/2/2013,682,697.5,679.25,699.25,8678,14291
,5/1/2013,1466.25,1437.5,1429.25,1466.25,10416,9569,4/30/2013,432,428.3,427.1,437.9,9364,10527,5/1/2013,679.5,681.75,671,686.25,10235,18870
,4/30/2013,1470,1467.75,1464,1488.75,18406,12952,4/29/2013,418.8,431.4,417.9,432.5,20709,13166,4/30/2013,684.5,683.25,675.25,693,30420,24336
,4/29/2013,1430,1471.75,1425,1475,45051,20247,4/26/2013,414,417.9,411.8,418.5,17733,17549,4/29/2013,649,684,649,688.75,93276,36429
,4/26/2013,1420.75,1430.75,1417.25,1432,53807,39155,4/25/2013,406,414.3,405.6,414.5,19694,21033,4/26/2013,645,644,638.5,645,78524,70994
,4/25/2013,1404,1423.5,1403.5,1424.75,61879,57021,4/24/2013,411.1,405.9,405,414.6,25421,23327,4/25/2013,639.5,645.25,638.5,647,53896,126753
,4/24/2013,1419.25,1404,1402,1426,62113,73356,4/23/2013,410.5,411.7,410,416.1,31247,27060,4/24/2013,638.5,639.5,636,644.75,84141,142719
,4/23/2013,1417,1419.75,1417,1430,77582,90931,4/22/2013,411,410,407.7,412.5,20260,34273,4/23/2013,647.5,638.5,638,647.5,91749,161144
,4/22/2013,1424,1417.25,1408,1426.75,57241,104489,4/19/2013,411.6,412.4,408.5,414.9,22529,38902,4/22/2013,649.5,645.75,640.5,649.5,66975,177856
,4/19/2013,1430.5,1428.25,1422,1441,44549,110682,4/18/2013,407,411,406.9,417.2,34241,40358,4/19/2013,645.25,652,642.75,652.75,67425,190491
,4/18/2013,1420,1430.5,1419,1441.5,79831,112722,4/17/2013,401,407.3,400.4,408.8,32801,43818,4/18/2013,659,644.5,643,664.5,124212,202043
,4/17/2013,1411,1422.25,1406,1429.75,87099,127343,4/16/2013,393.3,401.3,392,403.7,43164,50518,4/17/2013,662.75,660.5,656.5,665.25,99184,233868
,4/16/2013,1394.5,1411.5,1389,1417,102038,133803,4/15/2013,402,393.3,392.3,402,43046,60247,4/16/2013,645,663.25,641,664,112622,258956
,4/15/2013,1413,1395,1393.75,1419.75,100251,146382,4/12/2013,395,400.2,394.4,403.3,43826,65325,4/15/2013,660.5,646.75,644.5,661,96370,278259
,4/12/2013,1401.25,1413,1399.5,1419,103806,162826,4/11/2013,392.7,395,389.8,399.1,51402,70206,4/12/2013,651.25,658.5,651.25,659.75,93743,295604
,4/11/2013,1392.75,1402,1382.5,1406.25,122393,173149,4/10/2013,394.5,392.9,390.5,400.9,51854,75427,4/11/2013,649,651.25,647,661.5,140556,312487
,4/10/2013,1394.5,1392.75,1385.5,1409.75,113167,188096,4/9/2013,393.5,394.8,391.4,397.3,55987,84290,4/10/2013,644,649,634.25,666.75,195455,328756
,4/9/2013,1378.75,1395.5,1375.5,1397,123394,201698,4/8/2013,391.3,393.3,390.3,396.5,47498,94292,4/9/2013,634.25,644.25,634,646,157851,348219
,4/8/2013,1360.25,1378,1356.25,1380,105310,218611,4/5/2013,397.1,391.8,390.3,397.6,46931,105603,4/8/2013,627.5,633.5,627.5,635.5,127966,373851
,4/5/2013,1372,1361.75,1354.5,1373.5,102344,220681,4/4/2013,398,397.1,393.4,399.3,41107,115778,4/5/2013,630,629,626.5,635.75,152288,401253
,4/4/2013,1381.5,1372,1361,1383.75,95365,232876,4/3/2013,402.1,398,395.1,402.6,42818,118627,4/4/2013,642.5,630,627,644,169841,424268
,4/3/2013,1395.25,1380.25,1375.5,1397.25,100704,235981,4/2/2013,399.5,402.1,399.2,404.4,39365,120402,4/3/2013,641.5,641.5,635.75,647,165636,438875
,4/2/2013,1393.5,1394,1386,1405.75,98588,235486,4/1/2013,404.6,398.5,396.4,406.3,41949,122114,4/2/2013,647,640.5,634,653.75,197041,462554
,4/1/2013,1401.5,1390.75,1386.25,1408.25,96120,240710,3/28/2013,423.1,404.6,404,427,65545,126193,4/1/2013,679,642.25,636.5,679,273482,492896
,3/28/2013,1455.5,1404.75,1397,1459.75,155928,245316,3/27/2013,420.2,423.1,419,424.4,31151,134357,3/28/2013,734,695.25,695.25,736.25,207050,520928
,3/27/2013,1447.75,1453.75,1443.5,1457.75,58313,260961,3/26/2013,417.8,420.2,417.2,420.7,34119,136379,3/27/2013,730,735.25,727.75,737.75,115147,529184
,3/26/2013,1437,1447.75,1434,1449.5,61945,265040,3/25/2013,419.1,417.8,415.9,421.7,30446,135552,3/26/2013,731.5,730.25,725.5,732.75,94362,526561
,3/25/2013,1440.5,1437.25,1430.5,1445.5,62846,266973,3/22/2013,422.4,419.3,416.8,423.2,41666,136700,3/25/2013,725.5,733.25,721.5,734,94637,535941
,3/22/2013,1447,1440.5,1433,1448.75,79281,268782,3/21/2013,414.3,422.9,413.7,423.4,44541,137653,3/22/2013,732.25,726.25,720,733,117973,539045
,3/21/2013,1420.5,1449,1419.5,1451.5,98509,273324,3/20/2013,411.8,413.8,410.7,415.4,33589,139033,3/21/2013,731.25,733,726.5,734.5,96276,545980
,3/20/2013,1407,1419.75,1406.25,1422,76440,271616,3/19/2013,413.9,411.6,411,416.4,39584,142136,3/20/2013,727,732.5,724.5,733,121847,546289
,3/19/2013,1409.5,1406.75,1403,1418.75,97365,274013,3/18/2013,418.8,413.3,412.3,418.8,40312,143826,3/19/2013,719,728.5,718.5,728.75,131277,547085
,3/18/2013,1424,1409.5,1404.25,1425.25,112973,279764,3/15/2013,426,418.8,417.8,427.9,45926,146264,3/18/2013,715.5,720,710,721,92674,533678
,3/15/2013,1439,1426,1422.5,1445.25,95326,290933,3/14/2013,426,422.8,423.5,426.8,155,1,3/15/2013,716,717,712.25,719.75,100018,533998
,3/14/2013,1475,1457.25,1450,1475,132,16,3/13/2013,431.2,427,427,431.9,375,73,3/14/2013,742,732.75,730,749,1132,103
,3/13/2013,1492.25,1475,1467,1495,527,136,3/12/2013,436,436.4,433.9,438.6,921,418,3/13/2013,741,741.25,730,744,2128,737
,3/12/2013,1515,1489.75,1488.75,1516,840,581,3/11/2013,439,438.1,433.9,439.2,713,947,3/12/2013,733.25,741,730,743.25,1794,1890
,3/11/2013,1516.75,1514.75,1504,1518,585,1222,3/8/2013,438.7,436.1,432,442,589,1495,3/11/2013,726.5,734.5,725.5,736.75,1514,3189
,3/8/2013,1503.5,1508.5,1488,1516.5,1788,1639,3/7/2013,434.2,436,432.6,437.8,1145,1844,3/8/2013,712.75,725.25,711.5,725.75,1684,4281
,3/7/2013,1482,1503.5,1480.25,1503,3350,2598,3/6/2013,434.9,434.2,431.2,437.9,1474,2376,3/7/2013,707.75,711.5,704,713.5,2063,5464
,3/6/2013,1496.5,1484.5,1482,1503.25,3337,4791,3/5/2013,432.3,434.9,432.3,438.7,2159,3135,3/6/2013,732.25,708,707.5,732.25,6062,6414
,3/5/2013,1488.5,1496.5,1488.25,1511,6281,5642,3/4/2013,427.4,432.2,423.2,433.1,2437,3898,3/5/2013,723,732,722.75,733.5,6351,9119
,3/4/2013,1462.25,1490.25,1460,1492.25,8398,8295,3/1/2013,434.2,427.3,427.4,437.2,5586,5083,3/4/2013,724.25,723,715.25,730.5,8020,12564
,3/1/2013,1473.5,1464.5,1453.75,1478.5,11613,11342,2/28/2013,429.3,434.8,428.8,440.8,13164,7351,3/1/2013,719.5,724.25,716,726.5,14200,16371
,2/28/2013,1458,1474.25,1454,1487.75,28018,14971,2/27/2013,428,429.3,425.7,433.2,14504,10863,2/28/2013,709.5,719.5,709.5,722,42717,22650
,2/27/2013,1449.5,1457.5,1441.5,1466.5,45526,24884,2/26/2013,425.4,427.7,421.4,429.9,21373,15013,2/27/2013,705,709.5,702.5,711.25,117894,38600
,2/26/2013,1450,1447.75,1436.25,1459,64608,36677,2/25/2013,425.7,425.6,421.4,431.9,21447,20821,2/26/2013,693.5,705,691.75,705.75,125539,79921
,2/25/2013,1461.25,1451.25,1438.5,1470.25,74054,58255,2/22/2013,437.5,426.9,426.2,445,34461,26334,2/25/2013,690,693.5,687.5,695.5,110974,115349
,2/22/2013,1487,1461.25,1459.5,1516.5,139375,73418,2/21/2013,433,437.3,428.8,439,28516,33883,2/22/2013,692,690.25,690,697.75,121671,143521
,2/21/2013,1480.75,1487.75,1470.5,1494.5,118866,105881,2/20/2013,425.2,433.6,424.7,434.8,34022,40926,2/21/2013,700,690.75,690,701.25,137028,199078
,2/20/2013,1469.75,1482.75,1466.5,1492,118253,128189,2/19/2013,413,425.3,412.5,428.3,52940,48257,2/20/2013,696.75,700.5,693.25,701.5,140765,227035
,2/19/2013,1432.5,1470.25,1432.25,1474.25,145035,139715,2/15/2013,407.5,409.4,406.2,411.1,33264,58999,2/19/2013,701,695.25,691,703.25,126555,269457
,2/15/2013,1419,1424.5,1415,1428,90717,146324,2/14/2013,409.1,407.2,402.7,410.4,32516,64402,2/15/2013,695,698.75,694,703.25,126664,278548
,2/14/2013,1423.75,1418,1406,1428.75,95572,153681,2/13/2013,411.1,408.1,406,412.4,45577,67434,2/14/2013,695.75,694.75,690,699.25,133467,294519
,2/13/2013,1423,1423,1404.5,1428.75,104862,160598,2/12/2013,413.1,410.3,408.6,416.5,47639,77657,2/13/2013,696.5,695.5,687.25,701,187129,306971
,2/12/2013,1431.25,1420.75,1417,1438.5,113176,171613,2/11/2013,421.8,413,412.7,421.9,54805,90336,2/12/2013,702.25,696.25,691.5,703.25,202092,337769
,2/11/2013,1450,1431.5,1429.25,1450.75,117728,186924,2/8/2013,437.6,422.4,421.9,441.2,63903,104839,2/11/2013,709,702.25,701,713.75,185558,363866
,2/8/2013,1486.25,1452.5,1451,1494.75,166712,195363,2/7/2013,437.5,437.6,434.1,441,47684,118909,2/8/2013,710.5,709,706.75,720.75,244566,394338
,2/7/2013,1488.5,1486.75,1478,1497,131635,202169,2/6/2013,438.5,437.1,432.6,439.1,33579,126872,2/7/2013,721.25,710.75,710,722.25,182487,430161
,2/6/2013,1495,1487.5,1477,1495,107825,205447,2/5/2013,434,438.5,431.8,438.9,32607,127847,2/6/2013,729.25,722.5,720.5,729.5,117529,451211
,2/5/2013,1488,1495.5,1478,1496.5,90371,211641,2/4/2013,430.9,434.3,428.1,438,37220,128169,2/5/2013,734,729,724,735,138896,457268
,2/4/2013,1483.75,1488.75,1475.5,1498,95992,213291,2/1/2013,426.7,428.2,425.4,433,33100,127659,2/4/2013,738.5,734.25,730.75,741.75,102032,465671
,2/1/2013,1470,1474.25,1463.75,1486.5,94849,219193,1/31/2013,432.5,426.4,424.1,434.4,37684,129052,2/1/2013,740.25,736,735,746.25,159080,471441
,1/31/2013,1477.25,1468.5,1455,1484.25,138487,220060,1/30/2013,423,432.7,422,434.3,48022,131094,1/31/2013,739.25,740.5,734.25,744.5,163800,494862
,1/30/2013,1450.25,1478.75,1447,1481.75,138947,226798,1/29/2013,419.9,423.7,418,424.5,33157,128292,1/30/2013,729,740.25,725.5,741,152247,497212
,1/29/2013,1445.75,1451.75,1441,1458,84650,220908,1/28/2013,418,420.3,414.6,421.2,35787,128428,1/29/2013,728.5,729.5,727.5,732.5,109083,488873
,1/28/2013,1446.5,1447.75,1434.75,1452.5,86823,222598,1/25/2013,415,416.4,411.2,418,31237,127141,1/28/2013,722.75,729.25,719,729.75,101032,490632
,1/25/2013,1436,1441,1426,1445,95885,223890,1/24/2013,416.5,414.7,408,417,35572,126061,1/25/2013,725,720.75,717.5,727.5,110652,492586
,1/24/2013,1437,1435.25,1415,1439,83913,224866,1/23/2013,421,416.5,414.2,424,37633,127823,1/24/2013,720.25,724.25,714.5,726,128864,495147
,1/23/2013,1449,1437,1432,1458,90653,226757,1/22/2013,416.4,421.6,415.5,425.3,41011,131046,1/23/2013,728,720.75,719.25,730.5,118851,494588
,1/22/2013,1440,1451.75,1436,1460.75,111637,228417,1/18/2013,414.1,414.4,411.6,416.6,27578,130192,1/22/2013,730.25,728.5,726.25,734.75,104383,499243
,1/18/2013,1431,1429.25,1421,1438.5,76707,227185,1/17/2013,419.1,414,412.2,423.7,40746,130654,1/18/2013,724.5,727.5,723,729.5,134681,498693
,1/17/2013,1436,1430.25,1422.25,1448,111879,228054,1/16/2013,411.9,419.1,410.7,420.3,35960,130780,1/17/2013,731.25,724.5,722.5,734,114277,502200
,1/16/2013,1413,1436.5,1412.25,1439,94398,228804,1/15/2013,416.2,411.9,411.2,423.8,45469,129663,1/16/2013,730,731.25,724.5,735,155128,510316
,1/15/2013,1416.75,1413.5,1408,1436.25,103624,229586,1/14/2013,,417.9,,,53,53,1/15/2013,723.5,730.5,722,734.5,175272,513753
,1/14/2013,1420.75,1459.75,1420.75,1464.25,382,341,1/11/2013,408.8,403.1,399.4,408.8,243,53,1/14/2013,713.75,724,713,726.75,173515,516107
,1/11/2013,1417.5,1424.75,1402,1425,1516,341,1/10/2013,409.8,408.7,408.8,412.8,458,162,1/11/2013,698.5,708.75,686.25,723.75,305608,528713
,1/10/2013,1421,1417.5,1414.5,1429.5,1253,1101,1/9/2013,410.4,411.3,408.2,412,541,516,1/10/2013,694.75,698.75,694.5,700.5,134030,528898
,1/9/2013,1413.5,1419.75,1409.25,1423,1396,1810,1/8/2013,408.4,410.6,405.3,411.8,609,949,1/9/2013,688,694.25,686.5,696,115574,528829
,1/8/2013,1412,1413.75,1405,1420,2435,2578,1/7/2013,403.1,408.5,398,408.5,1263,1445,1/8/2013,685.5,688.75,683.75,694.5,122407,523450
,1/7/2013,1381,1410.75,1381,1411.75,2123,3503,1/4/2013,407,398.2,394.5,409,1437,1924,1/7/2013,680.5,685.5,678,690,116838,522364
,1/4/2013,1403.25,1389,1378,1414,7087,4336,1/3/2013,407.7,405.6,399.7,408.4,3347,2441,1/4/2013,688,680.25,679.5,692.25,126506,524399
,1/3/2013,1406.5,1403,1386.25,1408.5,6272,7036,1/2/2013,422.1,407.1,405,425,3156,3998,1/3/2013,690.75,689.25,685,694.75,108074,532916
,1/2/2013,1437,1405.5,1398.5,1444.25,11297,9409,12/31/2012,428.2,420.6,420,429.8,5613,5186,1/2/2013,706.25,690.75,687.75,707.25,110788,536693
,12/31/2012,1423,1418.75,1409.5,1433.75,12657,13353,12/28/2012,429.8,427.7,426.9,433,12414,7085,12/31/2012,694,698.25,689.25,701.5,62119,528426
,12/28/2012,1419,1424,1417.5,1431.75,38035,17789,12/27/2012,431.7,429.8,429.2,434.4,18199,11195,12/28/2012,691.75,694,688.75,696.25,62755,531226
,12/27/2012,1423.75,1418.75,1415.75,1437,43756,30087,12/26/2012,436,431.3,428,437.4,11293,15723,12/27/2012,693.25,691.5,689.25,695.5,64279,537256
,12/26/2012,1444.75,1424.5,1421.25,1447.25,32196,41687,12/24/2012,433.6,434.8,433.5,438.4,3807,19443,12/26/2012,705,693.25,692.25,706.25,59316,545691
,12/24/2012,1432.5,1439.75,1428.5,1443.5,16653,49201,12/21/2012,427.9,433.8,427.6,436.8,23825,20412,12/24/2012,703,704.25,700.5,707.25,21068,550210
,12/21/2012,1408.75,1430.75,1408.5,1438.75,61980,56247,12/20/2012,436.5,427.7,426,437,22705,26753,12/21/2012,697,702,696.75,704.75,67201,551506
,12/20/2012,1438.25,1408.75,1402.75,1441.25,113846,80353,12/19/2012,445.1,436.5,432.8,447,34411,30880,12/20/2012,704,696.5,687.5,705,160185,572000
,12/19/2012,1468,1437,1433,1472.25,119698,95562,12/18/2012,455.8,444.9,443.5,457.4,38463,38603,12/19/2012,721.25,703,701.5,723,158527,577743
,12/18/2012,1496,1466,1462.5,1501.75,133472,108055,12/17/2012,457.7,455.4,454,462,31244,49079,12/18/2012,724,720,715.25,725.75,83591,575195
,12/17/2012,1496,1496.25,1492.5,1508.75,92953,121074,12/14/2012,463,460.1,459.6,466.1,424,416,12/17/2012,732,724,721.25,734.75,85027,581580
,12/14/2012,1475.5,1496,1474.25,1497,85466,126928,12/13/2012,459.5,460.5,458,465.1,559,416,12/14/2012,711.5,718.75,710.25,720,784,683
,12/13/2012,1471.25,1476.5,1465,1490,124841,135930,12/12/2012,452.6,459.5,450.5,460.6,1043,895,12/13/2012,721,712.25,709.25,724,2345,683
,12/12/2012,1473,1473.5,1457.25,1478.75,131637,144655,12/11/2012,453.5,455,451,455.9,1281,1601,12/12/2012,724.25,721,716.25,727.25,2342,2147
,12/11/2012,1474.75,1472,1464.25,1487.75,153947,157174,12/10/2012,449,452.4,443.5,452.9,1257,2168,12/11/2012,727,724.25,720,731.25,3072,3912
,12/10/2012,1470,1474.75,1453,1477,134366,164320,12/7/2012,458.2,450.5,450,460,1474,2974,12/10/2012,731,726.75,721,732.25,3979,6093
,12/7/2012,1490.75,1472.25,1470,1498.25,144339,187095,12/6/2012,453.2,458,453.2,458.3,1788,3919,12/7/2012,748,732.75,731.5,749,4652,8293
,12/6/2012,1477.75,1491.25,1473.25,1492.5,101950,203462,12/5/2012,447.8,453.2,447.4,454,1368,4742,12/6/2012,752.75,747.75,744.5,753.5,3380,10750
,12/5/2012,1455,1479.25,1453.5,1479.75,96796,208978,12/4/2012,445,447.8,442.9,448.2,4113,5600,12/5/2012,747,753.25,745.5,754.75,8852,12207
,12/4/2012,1453,1455.5,1436,1461,84049,212017,12/3/2012,443.4,445.2,442.5,449.3,5684,8351,12/4/2012,749,746.5,741,751.5,8862,15457
,12/3/2012,1443.75,1453.75,1442,1462.75,93809,215844,11/30/2012,442.7,442.4,437.7,443.5,5676,10801,12/3/2012,752,749,744.25,759,12172,18976
,11/30/2012,1448.5,1438.75,1429,1452,74804,222997,11/29/2012,439.9,442.7,439,445.6,18944,11737,11/30/2012,752.5,748,742,752.5,44921,22644
,11/29/2012,1447,1448,1441.25,1460,95313,233294,11/28/2012,440,439.9,438.3,442.9,30343,15259,11/29/2012,759,751.5,751,763,128067,36587
,11/28/2012,1450.25,1446.25,1440,1456.75,81547,237977,11/27/2012,432.6,439.3,431.3,440.5,33595,23916,11/28/2012,758.75,760.25,754.75,763.25,111668,74880
,11/27/2012,1424.75,1449.25,1423,1451,91378,242927,11/26/2012,430.7,431.7,427.9,433.7,21416,29190,11/27/2012,746.5,760,746.5,760.25,142387,107356
,11/26/2012,1419.75,1424.75,1416.75,1435.5,77140,249267,11/23/2012,429.9,428.6,426.4,434.7,15639,35797,11/26/2012,744.75,747.25,741.75,753,133413,158313
,11/23/2012,1422,1418.75,1414.5,1427,32994,254779,11/21/2012,429.6,427.9,426.5,435.5,30688,40420,11/23/2012,746.25,745.5,743.25,749,62192,204390
,11/21/2012,1412,1408.25,1399.25,1424,69796,257232,11/20/2012,425,429.6,420.1,431.2,31700,46940,11/21/2012,743,741,738,747,108007,225347
,11/20/2012,1395.25,1412.75,1380.75,1416,93560,257317,11/19/2012,427,424.6,423.4,430.5,27658,50924,11/20/2012,738.75,743.25,734.25,747.25,145852,243641
,11/19/2012,1386.75,1394.75,1385.5,1402.75,76443,253583,11/16/2012,431,424.6,420.9,432.3,35083,58013,11/19/2012,726.5,738.75,726.25,741.25,156748,259809
,11/16/2012,1403.25,1383.25,1372.25,1409.25,111038,256419,11/15/2012,436.6,430.5,429.8,438.7,26995,60687,11/16/2012,721.25,727,711,729.75,162450,271117
,11/15/2012,1420,1402,1401,1427.75,75222,261295,11/14/2012,433.1,436,433.1,440.7,34051,63079,11/15/2012,725.75,721.25,720.25,727.75,112562,294710
,11/14/2012,1428.5,1432.75,1427.75,1445.25,166,47,11/13/2012,432.5,433.1,427,436.4,37067,66539,11/14/2012,723,725.75,720.25,729.25,153645,307484
,11/13/2012,1422,1427,1400.75,1427,1838,316,11/12/2012,449.7,431.4,430.8,449.7,49579,71212,11/13/2012,717.5,723.5,710.5,725.75,232439,329208
,11/12/2012,1452.25,1411,1406,1452.25,1445,1137,11/9/2012,463.1,449.7,449.2,464.1,47105,76020,11/12/2012,736.75,718,712.5,743.5,260971,354925
,11/9/2012,1500,1452,1451,1501,11301,1902,11/8/2012,469.8,462.9,462.1,471.6,32488,82546,11/9/2012,741,738.75,733.5,755,260266,382832
,11/8/2012,1507.25,1499.25,1499,1513,2234,2699,11/7/2012,473.2,469.5,465.2,475.4,33962,86823,11/8/2012,744.5,741.25,740.5,748,154253,394166
,11/7/2012,1519,1508.75,1500.25,1522.75,2551,3080,11/6/2012,469.8,472.7,469,474.2,30287,90236,11/7/2012,740.5,744.25,734,751.75,179049,417411
,11/6/2012,1506.75,1516.75,1505.75,1525.75,5592,4434,11/5/2012,474.1,469,468.4,477.4,30604,93941,11/6/2012,735.5,741,735.5,741.5,118109,438093
,11/5/2012,1522.25,1504.25,1503.5,1525,9670,6136,11/2/2012,483.6,475.9,475.5,484.2,27155,96750,11/5/2012,737.5,735.5,733,745,123788,453547
,11/2/2012,1558,1527,1524.75,1558,13233,9931,11/1/2012,483,484.3,482.3,490,30462,98095,11/2/2012,750,739.5,736,751.5,175125,467132
,11/1/2012,1547,1558.5,1546.5,1570.25,15081,14086,10/31/2012,476,482.2,475.3,487.5,32965,100306,11/1/2012,755.5,751,750,763.25,161175,488109
,10/31/2012,1532,1547,1531.5,1555.25,34194,18557,10/30/2012,472.5,476,471.8,482.7,33657,99723,10/31/2012,741.75,755.75,741.75,757.75,180255,493577
,10/30/2012,1528.25,1533.75,1525.75,1548.25,75026,28679,10/29/2012,482.4,472.5,471.3,483.5,26453,99988,10/30/2012,737.25,741.75,736,743.75,105872,499864
,10/29/2012,1559,1527.25,1524,1561,94827,51452,10/26/2012,481.6,483.4,479,484,29985,102387,10/29/2012,737,737,732.5,746,86078,520106
,10/26/2012,1562.5,1561.25,1552.5,1566.75,106493,85132,10/25/2012,481.9,481.4,477.7,482.5,31191,101760,10/26/2012,742,737.75,737,744.75,112039,528451
,10/25/2012,1570,1564,1557.25,1574.5,96987,121378,10/24/2012,476.2,481.9,474.1,484.6,38152,100128,10/25/2012,753.5,742,740.75,757.5,147414,541299
,10/24/2012,1554.75,1570.5,1549.25,1574.75,136436,133707,10/23/2012,470.9,476.2,465.9,477.5,27607,99299,10/24/2012,756,754.5,751.5,763.5,157205,557376
,10/23/2012,1546.5,1553.25,1529,1555,95184,151609,10/22/2012,462.5,471,461.3,472.2,38608,98870,10/23/2012,761,756,749.5,762.5,130327,571846
,10/22/2012,1530.75,1546.5,1526.5,1558.5,118869,162191,10/19/2012,463.6,463.8,460.8,468.2,27115,100481,10/22/2012,761,761.25,758.75,767,81096,572263
,10/19/2012,1544.75,1534.25,1532.25,1555.75,114775,178186,10/18/2012,454.8,463.3,454.7,465.8,35824,101683,10/19/2012,760.75,761.5,758.25,769,138751,577086
,10/18/2012,1509,1545.5,1507.5,1547.75,144016,195434,10/17/2012,453,454.7,450.2,455.9,29118,99617,10/18/2012,745.25,760.75,744.5,762,141242,577531
,10/17/2012,1493.75,1509.25,1487.25,1511.25,80780,203382,10/16/2012,456.8,452.8,452.3,462.4,34669,100341,10/17/2012,738,745.5,736.25,746.25,81080,570901
,10/16/2012,1494,1493.75,1491.5,1514.75,103736,207982,10/15/2012,464,456.1,454.6,465.1,35973,99939,10/16/2012,737.75,738.25,735,745.25,105944,573643
,10/15/2012,1519,1492.5,1485.75,1520,129430,213016,10/12/2012,480,474.3,473,480,178,106,10/15/2012,751.5,737.25,732.5,751.5,123034,573228
,10/12/2012,1548,1522.5,1510,1553.5,133054,213716,10/11/2012,481.7,482.7,469.6,485,826,106,10/12/2012,772,752.75,749.5,772.75,148846,583482
,10/11/2012,1523,1548.5,1521.25,1568,209081,215819,10/10/2012,476.5,470.1,465.3,476.8,1149,743,10/11/2012,736.5,773.25,733.75,776,249946,597208
,10/10/2012,1547.75,1523.25,1518,1550,153713,229947,10/9/2012,478,478.1,477.3,483.6,1051,1392,10/10/2012,742,736.75,732.25,743.5,120747,575921
,10/9/2012,1550.5,1550,1547,1574,135427,251733,10/8/2012,474.9,478.5,469.7,479,977,2097,10/9/2012,741.75,742,740.25,748.5,94819,580112
,10/8/2012,1553.5,1551,1537.5,1561,118673,269088,10/5/2012,470.8,474.7,469.7,478.2,1437,2760,10/8/2012,747,742,740,748,93168,589083
,10/5/2012,1552,1551.5,1544.5,1569.5,145075,281260,10/4/2012,465.5,470.8,465.5,511.5,771,3468,10/5/2012,756.5,748,746.25,758.25,107830,596124
,10/4/2012,1532,1551.5,1531,1568.75,136541,292095,10/3/2012,463.4,465.5,455.8,468.9,1730,3850,10/4/2012,756.5,757,753,767.5,115898,603507
,10/3/2012,1531.5,1531.75,1504,1543.75,165835,299875,10/2/2012,474.6,463.4,463.1,475,1859,4453,10/3/2012,757.75,756.75,747,763.5,172279,612587
,10/2/2012,1559.75,1530.5,1526.5,1561.25,158462,305517,10/1/2012,485.4,474.6,473.6,486.3,2177,4965,10/2/2012,756.5,758.25,746,760,132144,616759
,10/1/2012,1596.5,1560.25,1558,1600,135722,317276,9/28/2012,473.1,487,471.1,490.8,7786,5599,10/1/2012,760.25,756.75,751.5,768.5,169212,624495
,9/28/2012,1570,1601,1559.5,1613.75,201224,317243,9/27/2012,475.2,473.1,469.3,478.2,16094,7087,9/28/2012,716.5,756.25,705,756.25,220632,631901
,9/27/2012,1573.5,1570.75,1557.5,1584,140165,322326,9/26/2012,485.1,475.1,471.7,485.5,19322,12131,9/27/2012,725,716.25,711.5,726.75,166276,625286
,9/26/2012,1611,1573,1565,1613.25,146255,325472,9/25/2012,481.3,485.2,480.2,488.5,13957,16022,9/26/2012,743.25,724.75,722.5,744.75,167917,624558
,9/25/2012,1608.25,1611.5,1604.25,1625.5,107344,325814,9/24/2012,485.1,481.6,476.1,485.4,12606,19493,9/25/2012,743.5,743.75,739,749.25,89281,633136
,9/24/2012,1621.75,1610,1590.25,1626,132015,329500,9/21/2012,483.9,484.5,479.5,488.9,10694,23653,9/24/2012,746.75,744.75,736.25,751.25,118906,634442
,9/21/2012,1620.25,1621.75,1607.5,1639,135462,334304,9/20/2012,499.8,482.3,481.4,505.7,15768,27549,9/21/2012,745.5,748.25,744.5,754.5,128160,640943
,9/20/2012,1668,1618.75,1616,1686,190026,342998,9/19/2012,492.5,499.7,491.8,504,8315,29519,9/20/2012,755,746,739,757.5,161680,648157
,9/19/2012,1643,1669.5,1643,1675.75,111816,343500,9/18/2012,501.8,491.4,490.1,503.7,15965,31172,9/19/2012,740.25,756.5,739.5,759.25,141542,653510
,9/18/2012,1660,1640,1630.5,1669,183122,347703,9/17/2012,522.4,503.5,503.5,522.4,22148,31339,9/18/2012,748.25,740,739,754,172645,654773
,9/17/2012,1733.25,1669,1669,1736.25,167468,350076,9/14/2012,537.6,524.6,531.6,537.6,71,40,9/17/2012,780.75,748,747,781,160250,666825
,9/14/2012,1743.5,1736.5,1742,1760.25,302,248,9/13/2012,535.4,533.5,530.9,537.6,351,40,9/14/2012,776.5,777.5,775.5,792,388,351
,9/13/2012,1738,1743.5,1731,1744.25,383,248,9/12/2012,524,535.4,521.3,541.1,649,307,9/13/2012,768.25,776.75,766.25,778,1117,351
,9/12/2012,1700,1740.75,1688.5,1744,520,536,9/11/2012,528.3,523.9,522,529.4,901,802,9/12/2012,782.5,771,761.5,786.25,1611,916
,9/11/2012,1713,1696.5,1695,1715.75,764,741,9/10/2012,528.7,527.2,527,534.8,765,1221,9/11/2012,781,782.25,778.25,786,2086,1922
,9/10/2012,1715,1713,1711.75,1732,792,1182,9/7/2012,531.7,531.6,528.5,536.6,1401,1793,9/10/2012,793.5,781,779,800.75,2685,3190
,9/7/2012,1744.5,1731.75,1722,1747.5,524,1826,9/6/2012,533.4,531.8,527.3,536.2,1963,2453,9/7/2012,795,795,790,801.25,2999,4941
,9/6/2012,1743.75,1744.5,1726,1752,1210,2173,9/5/2012,542,532,531.7,543.6,3064,3181,9/6/2012,792,797.25,787.25,800.25,3779,6531
,9/5/2012,1768.5,1748,1744.25,1771.5,1461,2690,9/4/2012,550.5,541.4,537,554.4,7236,4926,9/5/2012,805.5,789.75,789,807.25,8436,8255
,9/4/2012,1778.5,1771,1760.5,1794.75,1985,3271,8/31/2012,548.6,547.1,543.2,548.6,7326,8676,9/4/2012,805,807,800,818.25,4708,11504
,8/31/2012,1766.5,1764.5,1753,1771,2730,4301,8/30/2012,543.1,548.1,538.9,551,15676,11669,8/31/2012,811,802.75,796,813.75,12637,13377
,8/30/2012,1763.25,1770.25,1748,1780.75,11067,5421,8/29/2012,535.1,543.3,533,544.5,13868,16592,8/30/2012,810.75,811.5,807,819,51001,17378
,8/29/2012,1736,1763.25,1728.25,1764.75,8143,9951,8/28/2012,534.6,534.2,527.2,537.1,15207,20667,8/29/2012,789.75,810.25,787.75,812,53933,34616
,8/28/2012,1735.25,1732.5,1710.75,1742,8277,12114,8/27/2012,537.5,531.8,527.6,542.5,15026,25023,8/28/2012,795,789.5,788.25,798.75,57011,49610
,8/27/2012,1748.25,1729.75,1724,1765.5,9921,16050,8/24/2012,527.9,533.4,526.1,534.3,14521,28351,8/27/2012,806.25,794.5,794,811,40553,63965
,8/24/2012,1729.5,1737.5,1723.75,1749.25,15782,20234,8/23/2012,535.7,527.8,523.9,540.2,17817,34799,8/24/2012,808.5,802.25,800,817,56731,78929
,8/23/2012,1750.5,1727.25,1720,1764.75,16830,33382,8/22/2012,543.4,535.7,531.2,544.4,19295,37971,8/23/2012,829.5,808.75,805,833.75,71175,118732
,8/22/2012,1751.75,1748,1735,1755.5,11540,36187,8/21/2012,533.1,543.6,532.1,546.4,11954,39123,8/22/2012,830.25,830.25,822.75,834,59188,122605
,8/21/2012,1703.75,1753.5,1702.5,1754.75,18311,36340,8/20/2012,522.6,532.6,519.8,533.5,11956,38250,8/21/2012,814.75,831.25,813.5,832.5,56270,132598
,8/20/2012,1670.25,1703.75,1667,1705.5,14065,34594,8/17/2012,516.6,522.7,515.5,523,8855,38229,8/20/2012,799,815.25,798.75,817.5,65493,132712
,8/17/2012,1653.75,1671,1649.5,1673,7574,35584,8/16/2012,520,516.5,515.5,526,10255,39153,8/17/2012,796,798.5,793.5,804.5,57493,141366
,8/16/2012,1659.5,1656.25,1646.25,1672.75,11740,35646,8/15/2012,506.6,520,506.5,521,11339,39296,8/16/2012,793.5,797.75,789.5,801,53110,151447
,8/15/2012,1623,1659.75,1623,1661.5,9545,35966,8/14/2012,533.5,530.8,527.8,534.1,194,176,8/15/2012,780,794,778,796.25,83101,157324
,8/14/2012,1659.25,1680,1659.25,1705,506,51,8/13/2012,542.3,526.3,528.9,543.4,562,176,8/14/2012,784.75,779.75,777.75,790.5,53704,172846
,8/13/2012,1710,1656.25,1663,1713.75,445,280,8/10/2012,538.9,544.5,537.4,547.3,1227,638,8/13/2012,799,782.75,776.75,804.5,122370,183563
,8/10/2012,1700,1709.5,1694.5,1738.5,446,480,8/9/2012,521.9,538.7,520,541.1,1086,1448,8/10/2012,817.5,800,799.25,843.75,138198,201900
,8/9/2012,1633.75,1694.5,1633.75,1695,1011,733,8/8/2012,513,521.9,510.6,522.7,877,2092,8/9/2012,810,818.25,810,826,113783,218800
,8/8/2012,1608.25,1630,1602,1630.25,1334,1229,8/7/2012,520.3,512.3,511.3,522.9,1315,2520,8/8/2012,795.25,810.75,787.75,812,99517,241667
,8/7/2012,1607,1605.25,1603,1627.5,2064,1632,8/6/2012,529.4,518.2,517,529.4,3095,3145,8/7/2012,801,796,792.25,807.25,82504,262335
,8/6/2012,1630,1607.5,1606.75,1630,1512,2404,8/3/2012,524,531.5,519,533,2393,4648,8/6/2012,803.25,803,793,807.75,58540,280748
,8/3/2012,1653,1656.25,1639.25,1669.5,1920,3039,8/2/2012,540.9,523.7,517.3,542.7,2594,5348,8/3/2012,794,810,787,817.5,61332,288164
,8/2/2012,1695.75,1653,1635.75,1697,4130,3783,8/1/2012,545.4,537.2,517.3,550,8788,6277,8/2/2012,803,794,784.25,808.5,68543,290751
,8/1/2012,1721,1682.25,1651,1736,11074,5732,7/31/2012,544.3,544.7,541.4,554.2,9025,8376,8/1/2012,806.5,800.5,782.25,818,84270,300435
,7/31/2012,1722,1721,1711.5,1742,15532,9659,7/30/2012,533.7,546.3,532,548,17518,10657,7/31/2012,819,806.5,805.25,825,76761,314651
,7/30/2012,1698.75,1725.75,1698.75,1732,25537,15761,7/27/2012,518.5,527.7,512.1,532.6,21903,16071,7/30/2012,801,820,799.75,823,65043,329305
,7/27/2012,1654,1684.25,1641,1694.75,37101,20377,7/26/2012,530.2,518.8,514.5,536,20536,25367,7/27/2012,781.25,798.5,776.5,801,61017,335846
,7/26/2012,1687.25,1655.75,1648.75,1697,40717,49408,7/25/2012,510.2,529.8,497.6,529.8,23497,27996,7/26/2012,790.5,781.25,776.25,799.5,67835,341845
,7/25/2012,1645.5,1694.25,1618,1701.75,41310,54892,7/24/2012,521,509.8,495,522.6,25367,29871,7/25/2012,790,794.5,781.75,805.75,76018,346812
,7/24/2012,1702.25,1649.25,1628.5,1706.25,33431,58450,7/23/2012,544.6,523,523,548.8,24674,31926,7/24/2012,814,790,774,815.5,83135,355419
,7/23/2012,1761,1698.5,1687.5,1762.75,33773,63543,7/20/2012,532,543,531.5,552,28456,35121,7/23/2012,823,814,795.25,824,74137,361541
,7/20/2012,1731.5,1757.5,1729,1777.75,39733,67373,7/19/2012,517.5,532,514.3,534,37485,35924,7/20/2012,806.75,824.5,799.5,828.75,112767,362034
,7/19/2012,1682,1733.75,1677.5,1749,50885,69121,7/18/2012,494.1,514,491.6,514,36015,42065,7/19/2012,793,807.75,790.25,816.75,104662,365641
,7/18/2012,1639,1683.5,1626,1685.5,41661,73179,7/17/2012,487.3,494,483.5,494.7,24890,45694,7/18/2012,780,795,763.5,797,91953,368546
,7/17/2012,1643.25,1639,1616.75,1647.75,30000,71662,7/16/2012,478,487.3,478,490.6,20814,44631,7/17/2012,790,779.5,767,796.5,86968,369243
,7/16/2012,1613,1633.75,1610,1636,28066,70018,7/13/2012,480.3,488.9,479,488.9,268,254,7/16/2012,750,776.75,749.25,780.5,86532,370562
,7/13/2012,1630,1642,1630,1650,475,322,7/12/2012,480,478.8,477.6,484.4,211,254,7/13/2012,781,755.75,754,794,1090,625
,7/12/2012,1627,1625.75,1612.5,1645,1961,322,7/11/2012,481,478,469.9,494.3,485,425,7/12/2012,757.75,771.25,750,782.75,2487,625
,7/11/2012,1652.75,1623,1605.25,1679.5,2335,1250,7/10/2012,486.9,482.2,480,487.4,1140,824,7/11/2012,760.5,750.75,732.25,785.25,3845,2358
,7/10/2012,1660.25,1648.75,1644,1672.25,3756,2523,7/9/2012,480.2,485.5,479,490,1866,1666,7/10/2012,773.5,761,757.5,778,3966,5036
,7/9/2012,1637.5,1665,1637.5,1679.5,4607,4310,7/6/2012,474.1,471.6,470,476,2656,2728,7/9/2012,751.25,775.25,751.25,786.75,4321,7174
,7/6/2012,1625.75,1619.75,1605,1634.75,4222,6818,7/5/2012,462.1,474.3,460.4,475,2866,4595,7/6/2012,764.5,743.25,732,766,5217,9033
,7/5/2012,1588.5,1626.5,1586.75,1644.5,6761,8976,7/3/2012,448.3,454.1,444.7,457.5,2234,6580,7/5/2012,735,768,732.5,776.75,8332,11275
,7/3/2012,1545.25,1572.25,1534.5,1578,4044,12906,7/2/2012,440.7,442.5,439.9,446.9,3873,7608,7/3/2012,702.5,718.75,698,724,6080,15882
,7/2/2012,1526,1532.25,1522.5,1542,9024,14927,6/29/2012,428.8,436,427,438.7,5775,9021,7/2/2012,682,692.5,679.75,696,7752,19007
,6/29/2012,1467.5,1512.75,1466,1517.75,19004,18909,6/28/2012,428.8,426.6,426,434.8,14806,11540,6/29/2012,653,672.5,650,676.25,29441,22098
,6/28/2012,1475,1466,1455.75,1481,37453,24564,6/27/2012,427.2,428,425.7,433.5,17370,15642,6/28/2012,649.25,652,644,663,79775,34013
,6/27/2012,1471.5,1471,1467,1497.5,43476,36616,6/26/2012,433.2,427.2,424.9,436.9,16698,21551,6/27/2012,645.5,649.5,641.25,670,84505,59387
,6/26/2012,1489.75,1470.5,1466,1496.75,43300,47927,6/25/2012,425.5,432.8,425.5,438.1,22176,24826,6/26/2012,633.75,646,629.5,652.5,115942,86430
,6/25/2012,1461.5,1482.5,1458.5,1491.25,52669,58498,6/22/2012,428.2,422,422,435.7,40574,33083,6/25/2012,602.75,631,602.75,631,113321,117167
,6/22/2012,1437,1442.5,1435,1464.25,64024,76635,6/21/2012,427.7,429,424,434.9,31862,42213,6/22/2012,589,591,588,600.5,110744,140392
,6/21/2012,1443,1438.5,1431,1456.5,73678,99691,6/20/2012,428.2,427.4,421.9,431.5,36319,47250,6/21/2012,610,586.5,586.5,611.5,159272,176194
,6/20/2012,1434,1446.5,1426.25,1448,75242,110117,6/19/2012,413.5,427.9,412.9,432.9,47114,55484,6/20/2012,610.5,611.75,605,616.75,112767,196760
,6/19/2012,1390,1433.75,1389,1451.5,118151,119728,6/18/2012,410.6,412.9,409.3,418.1,45840,60730,6/19/2012,602.75,612.5,600.25,617,140797,215046
,6/18/2012,1383,1384.25,1375.25,1396.25,88328,137145,6/15/2012,418.1,410.1,409.7,421.4,37539,71365,6/18/2012,584.75,599.5,576.25,607.25,136335,246760
,6/15/2012,1389.75,1376,1370.5,1401.5,92839,154807,6/14/2012,422,416.5,415.6,425.9,44380,80457,6/15/2012,600,579.5,579.25,605,153416,268618
,6/14/2012,1408.25,1386,1384,1415.75,83581,170368,6/13/2012,431.6,422,420.3,432.5,39115,81843,6/14/2012,592,601.5,591.75,608.5,144137,286417
,6/13/2012,1433.5,1408.25,1404.75,1437.5,96805,176031,6/12/2012,428,433,426.1,439.9,47988,86943,6/13/2012,582.25,592.5,575.5,602,214591,306187
,6/12/2012,1425.5,1435,1416.25,1449.25,114267,182550,6/11/2012,428.4,428,424.4,434,34720,88855,6/12/2012,595,584,575.5,599,153108,344357
,6/11/2012,1426,1424.75,1418,1445.5,81841,187914,6/8/2012,426.3,429.8,421.7,433.9,37524,92106,6/11/2012,598.5,592,588.75,603.75,139081,362307
,6/8/2012,1425.25,1426.25,1408.25,1439,118117,196938,6/7/2012,414.4,425.5,413.7,429,47884,94115,6/8/2012,593,598,585.25,605.5,155163,385139
,6/7/2012,1386,1428,1383.25,1430,113429,208387,6/6/2012,401.3,414.6,399.9,416.5,43824,98258,6/7/2012,585.75,594,584.5,601.5,161002,408818
,6/6/2012,1353.5,1386.25,1352.75,1392,102726,222483,6/5/2012,396.7,400,396.6,404.8,36300,98403,6/6/2012,569.25,586.25,569,586.5,129366,425415
,6/5/2012,1340.5,1349.5,1340.5,1360.25,81935,224549,6/4/2012,398,396.1,394.8,404,34704,104195,6/5/2012,568,567.5,560.5,575.75,155718,437181
,6/4/2012,1350,1340,1331.5,1355.75,76619,230453,6/1/2012,394.5,394.5,387.8,404.3,56419,105839,6/4/2012,560.25,568,557.75,569.5,91835,448342
,6/1/2012,1340.75,1344.25,1317.5,1358,122529,234746,5/31/2012,409.5,394.5,394.2,410.5,55641,110625,6/1/2012,557.75,551.5,551,579.5,177025,452195
,5/31/2012,1377.25,1340,1339.5,1377.5,113433,244833,5/30/2012,413.3,409.9,404.7,415,36450,117659,5/31/2012,560,555.25,553.75,564,153342,460142
,5/30/2012,1388,1373.25,1364.25,1394.5,86184,250957,5/29/2012,409.4,412.5,408.2,417.2,37323,117837,5/30/2012,563.75,559.5,553.5,568.25,148989,463909
,5/29/2012,1383,1386.75,1379.25,1402,81906,256180,5/25/2012,410.8,409.3,407.6,412.3,24662,117985,5/29/2012,580,562.5,557,583.75,177673,472222
,5/25/2012,1380,1382,1371.5,1386.5,65113,259922,5/24/2012,406.1,410.8,406.1,414.3,35792,118350,5/25/2012,583,578.5,573.25,589.5,147037,472230
,5/24/2012,1367.5,1376,1367.5,1387.75,84911,263301,5/23/2012,406.6,405.8,397.3,407,51355,120893,5/24/2012,605.25,578.5,576.75,609,184176,486640
,5/23/2012,1382.5,1362.5,1351,1383.25,124246,267453,5/22/2012,415.9,405,404,419,46117,122309,5/23/2012,601.25,603.5,588.5,611,165565,487823
,5/22/2012,1410.75,1382.25,1375,1417.75,117953,269115,5/21/2012,419.9,416.5,415.5,422.5,30362,125968,5/22/2012,629,597,595,634.75,188940,497764
,5/21/2012,1413.75,1412.5,1408.5,1423,73082,268497,5/18/2012,427.8,417.9,417,430.8,41997,128709,5/21/2012,638.25,633,628.75,644.5,128305,504739
,5/18/2012,1435,1405,1405,1438.75,88009,272967,5/17/2012,425,428,423.4,434.6,44362,131989,5/18/2012,622.75,635.5,619.5,638.5,167427,513939
,5/17/2012,1423.75,1438,1420.25,1450,107784,273617,5/16/2012,416.8,425,409.4,425.3,52154,131583,5/17/2012,619,625,616,626.5,131642,519944
,5/16/2012,1413.5,1422,1386.25,1423,131249,282824,5/15/2012,404,417.2,402.2,417.7,47467,131469,5/16/2012,597,620,590.75,620.75,153375,522739
,5/15/2012,1385.5,1413,1380,1415.75,138598,287182,5/14/2012,403,406.8,403,411.5,161,11,5/15/2012,582.5,597.25,581.5,597.75,113590,531070
,5/14/2012,1400,1390,1373.5,1400,667,85,5/11/2012,424,411,409,424.1,529,74,5/14/2012,616,608,608.5,624.5,352,4
,5/11/2012,1448,1404,1402.75,1448,796,334,5/10/2012,419.6,423.9,419.2,424.5,371,567,5/11/2012,626,608,600,629.5,1769,243
,5/10/2012,1427.5,1452.25,1427.5,1455,283,712,5/9/2012,417,414.9,407.6,417,374,886,5/10/2012,647.25,625.5,621,652.5,1544,1349
,5/9/2012,1435,1427.75,1411,1435.5,1698,923,5/8/2012,425.6,416.6,414.6,426.5,760,1077,5/9/2012,666.5,641.25,639.75,666.75,1286,2517
,5/8/2012,1466.75,1437.75,1434.5,1466.75,1806,1839,5/7/2012,432.4,425.2,424.7,432.4,665,1745,5/8/2012,669.25,666,664.25,685.75,3092,3465
,5/7/2012,1472,1463.5,1458,1472.75,1258,2895,5/4/2012,425,432.1,423.5,433,1285,2219,5/7/2012,663.25,665,658.75,669.75,4523,5089
,5/4/2012,1468.75,1475,1458,1475,2145,3297,5/3/2012,427.9,425.2,423.6,429.6,1800,2979,5/4/2012,652,662.25,647.25,674,4698,6907
,5/3/2012,1477,1468.75,1461,1482.75,3420,3909,5/2/2012,432.6,428.5,427.2,436.4,2348,4157,5/3/2012,645.25,650.75,640,654,3671,9427
,5/2/2012,1494.75,1480,1478,1508.25,5415,4533,5/1/2012,434.2,432.5,429.8,434.3,2851,5339,5/2/2012,659,642.25,640.25,659,6910,10690
,5/1/2012,1500.25,1497.75,1487.5,1500.25,9507,5701,4/30/2012,427,434.3,424.2,435.1,9027,6534,5/1/2012,659.25,659.75,651,665.5,13603,13737
,4/30/2012,1490.25,1503,1480.25,1503.75,18637,7892,4/27/2012,419.6,427.4,419.3,430.2,22990,9085,4/30/2012,652.25,660.25,644,662,27347,18665
,4/27/2012,1483.25,1496.75,1483.25,1509,33163,13417,4/26/2012,414,419.6,411.4,420.5,28446,16579,4/27/2012,625.25,653,624.25,655.5,87996,27272
,4/26/2012,1473,1481.25,1463,1481.5,62414,25571,4/25/2012,411.2,413.9,410.7,422.8,23060,23777,4/26/2012,614,624,609.75,627,104596,54841
,4/25/2012,1461,1473.5,1461,1493,57852,42567,4/24/2012,401.7,412.1,399.8,413.1,26129,27560,4/25/2012,617.25,611,610.5,627.25,101004,85848
,4/24/2012,1437,1461.25,1433.75,1467.5,56841,56879,4/23/2012,402.5,399.8,400,406,31604,32907,4/24/2012,622.25,618.25,615.5,632,92630,123635
,4/23/2012,1446,1437.25,1436,1453,58926,72076,4/20/2012,392.1,406,391.7,407,38461,40147,4/23/2012,613.25,622.5,610.25,622.5,73631,149091
,4/20/2012,1415.25,1446.75,1413,1454,90809,88752,4/19/2012,390,391.9,389.3,396,33313,52987,4/20/2012,621,612.5,609.5,628.5,102915,171266
,4/19/2012,1409.25,1415.75,1407,1430,72457,112896,4/18/2012,393.5,390.6,386.5,395.5,38742,61384,4/19/2012,603.75,621,603.5,623,104316,212681
,4/18/2012,1425,1407.75,1403.75,1434,68118,124652,4/17/2012,391.9,393.8,391.1,395.3,41094,71115,4/18/2012,617,601.75,599.5,618.25,184234,232574
,4/17/2012,1420.25,1425.75,1418.25,1434.5,89852,132628,4/16/2012,395.3,391.4,390.4,395.9,41074,83403,4/17/2012,623,616.75,615.75,628,122019,257974
,4/16/2012,1434.5,1420,1415.5,1435.75,84110,146129,4/13/2012,394.1,395.8,393.1,397.4,44721,97256,4/16/2012,626.75,623.25,621,629,125988,277170
,4/13/2012,1442.5,1436.75,1431.25,1447.75,109436,157717,4/12/2012,387.7,394.6,386.9,395.8,43087,105877,4/13/2012,640,629.25,624.25,641.75,187477,288111
,4/12/2012,1423.25,1441,1420,1444.5,106415,175997,4/11/2012,389.1,386.8,386.1,389.8,43917,107839,4/12/2012,637,637.5,636.5,644.5,191727,305392
,4/11/2012,1428,1422,1415,1431.25,102354,191940,4/10/2012,390,389.8,385.6,396.6,66778,115257,4/11/2012,636.5,636,630.75,639.75,183534,333011
,4/10/2012,1431,1426,1421.75,1452.25,163221,205068,4/9/2012,391.5,388.8,387.3,395.7,36274,112962,4/10/2012,649.5,634.75,634.5,653.75,235172,354777
,4/9/2012,1431,1431,1423.5,1446.75,89287,216660,4/5/2012,388.5,391.9,387.6,393.1,39500,116718,4/9/2012,656,649,648.5,664.25,150881,380141
,4/5/2012,1420,1434,1414.75,1434.25,98989,226149,4/4/2012,386.7,388.2,385.8,392.7,53350,123382,4/5/2012,657,658.25,654.75,663.25,130477,401521
,4/4/2012,1414.5,1419.5,1408.25,1429.75,126375,231685,4/3/2012,391.1,386.5,386.5,394.8,42802,124804,4/4/2012,661,656.75,650.75,663.75,158821,411053
,4/3/2012,1421,1416.75,1413,1434.25,100870,231277,4/2/2012,390.5,391.2,389.8,395.3,46376,126857,4/3/2012,654,658.25,652,666,185188,414539
,4/2/2012,1407,1421,1406.5,1433.75,136790,231089,3/30/2012,375.4,388.7,375.1,394.3,57996,129285,4/2/2012,649.5,655,646.5,659.5,213267,423185
,3/30/2012,1355.5,1403,1353.5,1416,157501,236550,3/29/2012,377,375,374.3,382.1,59495,129819,3/30/2012,605,644,604,644,223679,434622
,3/29/2012,1369,1355.5,1351,1376.5,126649,236168,3/28/2012,375.7,377.7,374.8,378.9,44288,132004,3/29/2012,620.25,604,603,623.5,215043,437780
,3/28/2012,1370.75,1367.5,1364,1379,91500,243552,3/27/2012,377.4,376,374,379.7,45321,127448,3/28/2012,630.5,620.25,619,634.75,191250,442715
,3/27/2012,1379.75,1369.75,1368.75,1387.25,122644,248157,3/26/2012,373,377.9,372.4,378.9,43509,129920,3/27/2012,638,630.75,630.5,644.5,157245,445621
,3/26/2012,1365.75,1379.5,1364,1388.5,109894,254340,3/23/2012,370.2,373,370.1,374.5,39551,128626,3/26/2012,646.25,637.75,637.25,656,178914,465147
,3/23/2012,1350.25,1365.75,1349.5,1369.5,93950,252422,3/22/2012,369.8,370.1,365.8,371,35116,126549,3/23/2012,645.5,646.5,642.25,652,102994,472839
,3/22/2012,1355,1349.5,1338.5,1360,97000,249632,3/21/2012,365.5,369.8,365.4,371.5,42890,126659,3/22/2012,643.5,644.5,636.75,647.5,127940,484161
,3/21/2012,1345,1355,1344.75,1358,89731,253390,3/20/2012,370.7,365.6,363.8,371,47327,125423,3/21/2012,647.25,642,641.5,651,135890,483688
,3/20/2012,1367,1345,1341.75,1368,117640,253838,3/19/2012,373.2,370.9,370,374.1,36308,123597,3/20/2012,663.25,647.5,643.25,663.5,188010,495774
,3/19/2012,1374.25,1366.5,1362.5,1378,76048,259671,3/16/2012,370.6,374.4,369.6,374.5,35363,118233,3/19/2012,673,663.5,662,675.75,114877,510137
,3/16/2012,1368.5,1374,1363.5,1377.5,96440,257281,3/15/2012,366.6,371.4,366.3,371.5,42454,122852,3/16/2012,668,673,665.75,673.75,124654,514768
,3/15/2012,1352.25,1369,1352,1370,99612,263121,3/14/2012,362.5,362,362,364,122,51,3/15/2012,658.75,669,658,673,171298,510240
,3/14/2012,1348.75,1356,1347,1356,187,95,3/13/2012,358.6,363.8,358.6,364.7,899,210,3/14/2012,672.25,669.5,665,678,1827,155
,3/13/2012,1329.5,1348.75,1328.5,1352.75,833,209,3/12/2012,357.4,358.4,357.3,360,1614,950,3/13/2012,670.25,674,668.5,678.5,1889,1116
,3/12/2012,1332,1330.5,1327.75,1335.5,1014,758,3/9/2012,363.7,358.6,356.9,366.1,1030,1584,3/12/2012,653,671.5,652.5,673,2510,2566
,3/9/2012,1335.75,1331.75,1325,1349.5,1220,1491,3/8/2012,360.6,363.2,358.2,364,1101,1751,3/9/2012,644.75,654,642,660.75,1450,3543
,3/8/2012,1321.25,1332.5,1320.5,1333,1884,1892,3/7/2012,361.1,360.9,358.9,361.8,2109,2014,3/8/2012,643,645,639.25,650,5703,4590
,3/7/2012,1329.5,1321.5,1320,1332.25,2119,2960,3/6/2012,356,363.1,353.5,364.5,2047,2838,3/7/2012,657.75,643.75,642.25,659.5,5372,6967
,3/6/2012,1317,1329.75,1310,1330.5,2553,4044,3/5/2012,356.1,356.2,355.3,358.4,2195,3355,3/6/2012,665.5,658,656,666,6829,9332
,3/5/2012,1325,1319.25,1320,1330.75,3138,5309,3/2/2012,352.2,357.3,352,358.8,1713,4067,3/5/2012,659,666.25,655.5,671,10007,12621
,3/2/2012,1316,1328.25,1311.5,1328,6989,6189,3/1/2012,350.1,353.7,347,353.5,2146,4893,3/2/2012,653,659,648,660,14147,17171
,3/1/2012,1307.75,1316.75,1300,1317.5,7137,9079,2/29/2012,345.5,351.2,344.6,352.1,7462,5810,3/1/2012,655.75,653.75,649.5,657.5,18077,22371
,2/29/2012,1304.25,1313.5,1301.5,1317.5,21121,11841,2/28/2012,340.5,346.5,339.4,346.2,19445,10368,2/29/2012,653,656.5,651.25,659,48751,29577
,2/28/2012,1291.5,1305.25,1291.5,1307,53192,20142,2/27/2012,333.6,340.9,333.6,340.6,27356,13639,2/28/2012,642.5,653.5,642,654,117496,51188
,2/27/2012,1278,1293.75,1276.5,1295,73387,30025,2/24/2012,333.1,333.6,332,336.4,32603,18348,2/27/2012,638.5,644.5,633,645.75,146780,83253
,2/24/2012,1276.5,1279,1272,1284.75,106390,49685,2/23/2012,330.5,332.9,329.1,334.9,33026,25660,2/24/2012,638.5,640.75,634.5,641.5,116010,133384
,2/23/2012,1271,1276.75,1266.5,1280,108306,71937,2/22/2012,330.5,331.3,327.3,331.5,41423,32644,2/23/2012,638.25,639.5,633.25,643.5,145321,172793
,2/22/2012,1267.75,1272.25,1261.5,1272.5,94449,86690,2/21/2012,333.2,330.2,329,334.9,40716,42227,2/22/2012,630,638.25,625.75,639.5,159547,188813
,2/21/2012,1271,1271,1260,1276,98178,98151,2/17/2012,331,332.5,330.8,334.8,37791,48361,2/21/2012,643.25,629.5,625.25,645,201444,205379
,2/17/2012,1258,1267.5,1256.25,1273.25,88310,109997,2/16/2012,331.9,330.8,328.8,333.7,37942,53846,2/17/2012,635.5,641.75,635.25,646.75,148467,233427
,2/16/2012,1260.5,1258.25,1246.25,1264.5,108157,117274,2/15/2012,329.6,332.8,328.4,334.8,37476,59838,2/16/2012,627,636.25,621.75,637,185500,249410
,2/15/2012,1254.75,1261,1249,1269,121999,125000,2/14/2012,329.2,330.1,327.1,331.9,36190,61613,2/15/2012,633.5,627,625.25,638.5,171774,267369
,2/14/2012,1252,1255,1245.5,1261.75,121808,135174,2/13/2012,322.2,330.5,320.5,331,50669,64041,2/14/2012,639,633.5,631.5,640.5,193529,271108
,2/13/2012,1238,1252,1232,1255,143518,139649,2/10/2012,320.9,320,316.2,321,41771,65460,2/13/2012,634.5,639.5,632.75,643.5,220976,285333
,2/10/2012,1229.25,1229,1215,1230.75,95447,144323,2/9/2012,321.6,321,318,326,51491,66593,2/10/2012,636.5,631.75,628.25,638.75,162796,308776
,2/9/2012,1229.5,1227.5,1222.75,1247.5,133129,149155,2/8/2012,325.4,321.7,319.3,328.6,43870,69277,2/9/2012,641.75,637,632.75,652,249280,325084
,2/8/2012,1230.25,1231.5,1222.75,1244.75,103893,157520,2/7/2012,326.4,325.4,325,328.7,32494,73205,2/8/2012,642,642.5,632,648.75,226019,342615
,2/7/2012,1232,1232,1227,1239.5,97375,166350,2/6/2012,329.1,327.5,325.3,331,43426,77804,2/7/2012,643,642.25,639.25,645,168539,362950
,2/6/2012,1230.75,1233,1230.75,1244,106641,176766,2/3/2012,323,328.6,322.1,329.8,32514,80553,2/6/2012,641,644.25,639.25,648.5,124194,381111
,2/3/2012,1217,1232.5,1214,1236.5,101505,181222,2/2/2012,322.1,323.4,319.8,327.2,36944,84514,2/3/2012,642.5,644.5,638,646.5,127335,387827
,2/2/2012,1213.5,1217,1206.25,1225,96532,187197,2/1/2012,318.8,322.3,318.6,324,29909,85690,2/2/2012,641.75,643,634.25,647,165100,394919
,2/1/2012,1202,1215.25,1202,1219,103352,190463,1/31/2012,314,319.3,313.4,319.5,36131,87368,2/1/2012,639,642,638,650,165558,404642
,1/31/2012,1186.75,1199,1184.25,1204,109498,193472,1/30/2012,320.7,312.7,312.5,321.7,37127,88400,1/31/2012,632.25,639,631,642,213385,406246
,1/30/2012,1214.25,1185.25,1184.5,1218.5,110514,196170,1/27/2012,322.6,322.2,320.5,324.3,24496,88006,1/30/2012,639.5,631.75,627.5,642.75,145759,414430
,1/27/2012,1221.75,1219,1215,1225.75,60554,186896,1/26/2012,320.7,323.6,320.5,326.1,36568,89575,1/27/2012,633.5,641.75,631,642.25,142337,424263
,1/26/2012,1213.5,1222.75,1213.25,1231,84528,189612,1/25/2012,323.7,321.1,319.8,325.9,33567,89323,1/26/2012,634.25,634.5,633.25,645.75,188121,429401
,1/25/2012,1219.25,1213.5,1208.5,1226.25,81822,192081,1/24/2012,320.7,323.5,318.2,327.3,39934,89616,1/25/2012,629.5,634.5,625.5,638,181597,431967
,1/24/2012,1213.75,1220,1203.75,1229.5,102469,195404,1/23/2012,314.7,321,314.7,323.3,41701,88738,1/24/2012,619.5,630.25,614.5,636,218954,438711
,1/23/2012,1194,1217.5,1192,1219,98348,196689,1/20/2012,315.5,311.9,311,317.3,36635,89424,1/23/2012,613.5,620,612,621.25,163204,446482
,1/20/2012,1197.5,1187,1183,1204,87860,201488,1/19/2012,312,315.7,310.9,316,37396,93342,1/20/2012,606,611.5,601.25,613.75,145652,444379
,1/19/2012,1184,1197,1181.5,1198,101302,200580,1/18/2012,309.8,312,307.5,313.2,45474,90722,1/19/2012,594,606,593.75,607,185393,448884
,1/18/2012,1182.5,1183.5,1172.25,1187.25,108813,202648,1/17/2012,301.6,310.5,301.5,311,42216,87801,1/18/2012,605.25,593.5,592.5,606.5,196009,449292
,1/17/2012,1178,1183.5,1170,1186,93442,202298,1/13/2012,304.7,304.8,300,306.4,27,19,1/17/2012,608.75,604,602,608.75,142016,462614
,1/13/2012,1179,1160,1172.75,1185.25,308,330,1/12/2012,294.5,306.1,294.5,306.2,102,19,1/13/2012,608.5,599.5,598.5,614.75,203505,466460
,1/12/2012,1199.75,1178.5,1150,1206,740,330,1/11/2012,316,310,308.9,316,1010,124,1/12/2012,651,611.5,611.5,659.5,147198,478804
,1/11/2012,1221.5,1197.5,1195,1221.5,982,547,1/10/2012,318,319,316.8,319.9,918,617,1/11/2012,651.5,651.5,646,655.5,189874,489984
,1/10/2012,1224.5,1223.75,1213.5,1229.25,1495,1070,1/9/2012,311.7,320.2,311.7,321.5,736,1009,1/10/2012,651.5,652,648,657.5,151815,499821
,1/9/2012,1193.5,1225.75,1191,1227,3239,1951,1/6/2012,313.1,309.6,308.9,313.1,899,1326,1/9/2012,643,652,642.75,663,178662,507577
,1/6/2012,1198,1189.5,1188.25,1209.5,5725,2955,1/5/2012,316.8,310.3,310.7,316.8,3342,1819,1/6/2012,642,643.5,640.25,649.5,138311,506489
,1/5/2012,1221.5,1201.25,1200,1224.5,9107,4313,1/4/2012,314.1,317.5,313,317.8,3765,3146,1/5/2012,658,643.5,639.5,659.75,184873,505291
,1/4/2012,1218.25,1221.5,1211.75,1226.75,11213,7603,1/3/2012,315.9,315.8,312.3,317.8,5118,4977,1/4/2012,658,658.5,653.5,661.75,142010,507607
,1/3/2012,1223.75,1218.25,1214.25,1235,13078,9750,12/30/2011,306.7,309.4,305.6,311.9,6418,6281,1/3/2012,662,658.5,653,664.25,158650,505985
,12/30/2011,1186,1198.5,1185,1206.5,14470,12850,12/29/2011,308.7,306.6,305.4,311.2,14722,7786,12/30/2011,637.25,646.5,635.25,648.5,90619,497957
,12/29/2011,1196.75,1187.5,1183.5,1201.75,46741,15596,12/28/2011,307.7,310.1,304.8,312.6,16067,10902,12/29/2011,640,638,635.25,645.75,99957,500084
,12/28/2011,1196.25,1198.25,1183.75,1209,63730,26483,12/27/2011,299.4,307.7,299.4,309.9,19375,14581,12/28/2011,632,642.5,630.25,646.25,117486,509705
,12/27/2011,1172.75,1199.75,1172.75,1206,72938,41657,12/23/2011,298.4,297,296.2,299.5,12958,19113,12/27/2011,625,633.25,624.75,636.75,91819,517126
,12/23/2011,1160.75,1163,1156.5,1167.25,38893,65703,12/22/2011,298.9,298.4,295.8,302.4,19759,20401,12/23/2011,616.25,619.5,614.25,621.75,67761,521410
,12/22/2011,1152.25,1162.25,1144.25,1168,76744,77345,12/21/2011,295,299,291.3,301.4,42389,24374,12/22/2011,615.5,617.5,611.5,625,122666,523164
,12/21/2011,1144.5,1153.75,1132.25,1159,79410,90849,12/20/2011,292.5,295.2,292.3,296.6,30131,30773,12/21/2011,606,616.5,601,619,116715,531141
,12/20/2011,1137,1144.5,1135.5,1149.75,82124,102427,12/19/2011,290.1,293,289.6,294.3,35751,34028,12/20/2011,600,607,596.25,608.5,108191,534533
,12/19/2011,1137.25,1137,1131.75,1148.75,77637,117619,12/16/2011,282.9,290.3,282.9,290.5,37979,41345,12/19/2011,586.25,601,584.25,604,146066,538925
,12/16/2011,1112.25,1130,1111.5,1132,99647,121254,12/15/2011,280.5,282.9,280.5,284.2,27192,49357,12/16/2011,578.5,583,577.5,587.5,115007,549995
,12/15/2011,1100.75,1111.75,1100.25,1114,85020,132975,12/14/2011,282.8,280.6,278,282.8,315,182,12/15/2011,580.75,579,576.25,584,131715,553660
,12/14/2011,1115.25,1100,1094.25,1119.25,130074,143443,12/13/2011,278.8,282.2,277.6,286,323,186,12/14/2011,588.25,580,577,590.75,473,100
,12/13/2011,1112,1118.5,1106.25,1127,107292,155259,12/12/2011,276.2,278.1,273.5,278.6,548,325,12/13/2011,585.75,588.5,583.5,592,2558,342
,12/12/2011,1108,1112,1095,1115,109597,167379,12/9/2011,282.5,275.5,274.9,283.5,915,451,12/12/2011,584,585.5,576.5,588.5,2335,2544
,12/9/2011,1131,1107,1100.25,1133.5,154898,181819,12/8/2011,283.1,282.7,281.5,284.9,671,942,12/9/2011,589,585.5,576.25,593,2341,3912
,12/8/2011,1131.5,1132.5,1121,1136.5,115642,185968,12/7/2011,283,283.7,280.9,284.4,1177,1158,12/8/2011,582,590,575,591.5,2776,5219
,12/7/2011,1130.5,1131,1123.75,1137,88796,192039,12/6/2011,281.4,282.2,279.1,283,1656,1652,12/7/2011,586,582.25,578.25,588.75,3382,6607
,12/6/2011,1126,1129.5,1120,1131.75,82019,198236,12/5/2011,288.3,281.1,280.6,288.5,2876,1976,12/6/2011,580.25,585.25,570,586,7532,7864
,12/5/2011,1140,1126.25,1122,1148.5,88752,201222,12/2/2011,287.1,286.4,285.6,290.1,5208,2464,12/5/2011,588.25,580.25,580,593.75,8571,10462
,12/2/2011,1130.25,1135.75,1128.25,1144.5,86445,206030,12/1/2011,289.7,287.2,283.3,291.6,6220,3706,12/2/2011,595.5,586.5,585.25,598.25,15518,14005
,12/1/2011,1133.25,1128,1116.25,1143.75,110277,207448,11/30/2011,286.1,290.4,284,291.1,8787,4939,12/1/2011,602,594.75,590.75,606,19065,20247
,11/30/2011,1122.75,1131.25,1111.5,1146,114768,212229,11/29/2011,287,286.1,284.8,289.7,26113,6385,11/30/2011,597.75,601.25,588.25,609.75,50378,26892
,11/29/2011,1124.25,1125,1115,1138.5,95258,219419,11/28/2011,283.9,287.8,283.9,287.5,24038,15264,11/29/2011,591.75,598,588.25,605.5,178800,38832
,11/28/2011,1114.5,1121,1114,1127.25,85002,218885,11/25/2011,283.5,282.7,280.6,285.5,23955,25204,11/28/2011,586,591.75,586,596.25,180763,110954
,11/25/2011,1120.5,1106.5,1102.75,1125.75,70938,223251,11/23/2011,291.5,282.5,282.3,292.2,32020,30235,11/25/2011,588.25,582.5,580.5,594.5,103202,203945
,11/23/2011,1155,1122.5,1120.5,1158.5,109881,225683,11/22/2011,290.4,292,288.6,292.4,46334,34117,11/23/2011,600,588.75,584.25,601.25,167576,217322
,11/22/2011,1147.5,1153,1141,1155.75,96590,234481,11/21/2011,297.1,289.6,289.5,297.5,39053,41722,11/22/2011,598.25,599,594.25,601.5,185101,267115
,11/21/2011,1171,1148,1145,1174.25,84219,236630,11/18/2011,294,298.4,290.9,298.5,36131,47442,11/21/2011,610,597.75,593.25,611.25,167109,305962
,11/18/2011,1170,1168.25,1152.75,1177.5,81760,236682,11/17/2011,296.7,294.5,290.2,297.9,35640,52826,11/18/2011,614.5,610.25,601.5,617.25,189169,321122
,11/17/2011,1186.75,1168.25,1162,1192,99484,239368,11/16/2011,301.5,296.4,296,302,32076,57502,11/17/2011,641,614.5,610.25,641.75,202446,343467
,11/16/2011,1199.75,1187.75,1182.75,1203,85911,237947,11/15/2011,299,301.4,299,305.1,39694,60152,11/16/2011,644.25,642.75,636.75,648,183215,346597
,11/15/2011,1178.25,1200.25,1178.25,1206.25,112669,241894,11/14/2011,299.2,299.2,299,302.7,27315,62876,11/15/2011,633.5,645.5,631.25,645.75,188177,354048
,11/14/2011,1171.25,1172,1168.75,1181,1076,276,11/11/2011,298,299.5,296.2,301,36862,66299,11/14/2011,638,633.5,630.25,644.75,191854,370745
,11/11/2011,1160,1166,1159.25,1169.25,1387,759,11/10/2011,303.1,297.9,297.7,304.3,45172,69341,11/11/2011,646,638.5,634,650.5,192167,385165
,11/10/2011,1175,1158,1158,1180,2435,1352,11/9/2011,308.6,303.1,302,309.9,47743,71290,11/10/2011,654.5,645.5,645,662,243308,391543
,11/9/2011,1196.25,1175.75,1174,1201.5,3910,2057,11/8/2011,309.6,307.6,307,313,36021,72354,11/9/2011,660.25,656,646.75,666,328584,407685
,11/8/2011,1194,1195.25,1192.75,1206.5,5536,2759,11/7/2011,314.2,309.3,307.9,314.8,35827,75185,11/8/2011,653,660.5,652,664,229364,433917
,11/7/2011,1211,1192.25,1188.5,1213.25,7114,3426,11/4/2011,315.9,315.4,313,316.4,22580,75108,11/7/2011,654.75,653.25,648,656.5,206943,447280
,11/4/2011,1219,1212.5,1211,1220.25,3636,4957,11/3/2011,310.2,314.5,310.1,317.6,34649,78459,11/4/2011,653,655.75,644.5,657.5,155020,454247
,11/3/2011,1192.75,1219.25,1192.75,1223,6563,5903,11/2/2011,311.3,310.5,310.2,315.5,22449,80087,11/3/2011,644.75,653.5,640.75,658.5,152165,474131
,11/2/2011,1189.75,1193.5,1187.25,1208,11622,7221,11/1/2011,316.1,310.7,309.5,318,33627,79834,11/2/2011,653.25,645,640.5,659.5,190371,480775
,11/1/2011,1204.5,1192.25,1180.5,1212.75,21307,9340,10/31/2011,317.5,316.1,312.3,318,36364,80758,11/1/2011,646.25,654.25,631.5,660.25,211739,494404
,10/31/2011,1217,1207.5,1193.5,1219,30111,12642,10/28/2011,323.2,317.5,316.6,324.6,35001,81781,10/31/2011,653.75,647,638,655.75,144047,495376
,10/28/2011,1235,1217,1215.25,1241.75,69013,19404,10/27/2011,318,323.5,317.5,324.8,40028,82164,10/28/2011,651,655,645.25,657,154267,509922
,10/27/2011,1211.5,1235,1210.5,1243,96804,34520,10/26/2011,321.6,317,316.7,324,33229,84438,10/27/2011,637.75,651.5,637.75,657.5,167398,509382
,10/26/2011,1223.25,1210.5,1210,1233.5,93403,51313,10/25/2011,320.6,322.2,317.6,323.9,34516,86113,10/26/2011,649.5,637.25,633,655.5,164234,516362
,10/25/2011,1226,1225.5,1217.5,1236,103812,73073,10/24/2011,316.2,321.5,315.5,323.1,41564,86523,10/25/2011,650,650.75,647,658.5,140103,524975
,10/24/2011,1212,1226.75,1209.5,1239.75,99778,99274,10/21/2011,320.5,316.5,316,325.5,38472,90041,10/24/2011,647,651,646.5,661.75,129057,542151
,10/21/2011,1225,1212.25,1211.5,1245.75,172929,156202,10/20/2011,319.6,320.3,314.2,321.2,43777,91398,10/21/2011,649,649.25,646.5,665.5,190051,556607
,10/20/2011,1225,1225,1201.5,1226.25,145646,160159,10/19/2011,324.7,319.3,319.1,327.4,44249,92883,10/20/2011,638.25,649.5,632,651,161401,558128
,10/19/2011,1250.75,1225,1223,1259,141052,167302,10/18/2011,323.8,324.3,317.4,324.7,41348,92315,10/19/2011,645,638.5,637.5,651.25,164058,554512
,10/18/2011,1253,1250.75,1226.5,1253,147779,172072,10/17/2011,327.4,323,323,329.4,34315,91990,10/18/2011,639.75,644,630.25,646.75,181881,567735
,10/17/2011,1269,1253,1250,1272,111271,176299,10/14/2011,328.4,328.4,328.4,329.9,88,4,10/17/2011,641.75,640.5,635.25,647,139589,571653
,10/14/2011,1258,1270,1249,1275.75,154116,179946,10/13/2011,320,325.2,319.6,327.9,482,60,10/14/2011,638,640,632.25,648.5,180765,579866
,10/13/2011,1237.75,1257,1230.25,1258,180233,192199,10/12/2011,316.9,320.1,315.6,321,351,357,10/13/2011,640.75,638.25,622,643,173039,573948
,10/12/2011,1234,1239.5,1211.5,1246.75,189238,203588,10/11/2011,304.5,316.9,304.5,318.2,340,546,10/12/2011,646.25,640.75,628.75,655,205606,568515
,10/11/2011,1180,1235.5,1174.5,1245.5,243131,211126,10/10/2011,299.5,304.7,299.5,306.8,903,722,10/11/2011,606.75,645,599.75,645,230412,568266
,10/10/2011,1158.25,1177.5,1158.25,1193,148259,224736,10/7/2011,300.5,300.1,297.5,302.1,1657,988,10/10/2011,599.25,605,598.5,618.5,135540,586950
,10/7/2011,1163.25,1158.25,1152.25,1170,118950,233439,10/6/2011,301.5,299.7,300,305.7,1956,1419,10/7/2011,605.5,600,596.25,607.5,117653,592015
,10/6/2011,1165,1163.75,1158.5,1182.75,113464,242482,10/5/2011,300.7,301.5,300.4,303.4,2956,1763,10/6/2011,605.5,605.5,604,617,161053,594490
,10/5/2011,1164.5,1163.75,1161,1174,126647,247737,10/4/2011,303.1,298.3,297.5,303.6,3114,2403,10/5/2011,592.25,605.5,591,607.75,151220,590815
,10/4/2011,1174.5,1160,1152,1179,160218,255798,10/3/2011,304.1,303.2,299.1,309.8,2183,3699,10/4/2011,592.5,587.75,577,593.75,206074,597273
,10/3/2011,1176.25,1177.5,1162,1189.75,141449,261059,9/30/2011,316.9,304.7,303,318.4,6774,4587,10/3/2011,590,592.5,572.25,598.75,236400,604757
,9/30/2011,1231,1179,1175,1238.75,192883,264832,9/29/2011,315.7,316.9,312.2,319.3,16875,6816,9/30/2011,634.25,592.5,592.5,636,204007,610399
,9/29/2011,1222.75,1230,1209.25,1238,137133,270304,9/28/2011,326.8,315.4,314.6,326.9,21031,7125,9/29/2011,631,632.5,623,638.25,163097,609115
,9/28/2011,1260.5,1223.5,1221.25,1261.25,153818,279600,9/27/2011,327.5,326.6,326.9,332.4,18163,12177,9/28/2011,650,630.75,628.75,650.75,193173,615042
,9/27/2011,1262.25,1263,1259,1278.75,112498,288052,9/26/2011,329.1,326.2,320.5,329.6,18301,15458,9/27/2011,653,652.25,646,666.25,187261,622041
,9/26/2011,1265.25,1259.75,1226,1267.25,141110,291906,9/23/2011,331.7,326,325.3,333.9,25481,19615,9/26/2011,645.75,648,630,653.25,156891,626518
,9/23/2011,1286,1258,1250,1289.25,146461,297295,9/22/2011,340,330.9,329.7,340,20465,19469,9/23/2011,652.75,638.5,638,658.75,197949,633744
,9/22/2011,1319,1283,1281,1319.5,161224,302264,9/21/2011,346.2,339.9,339.8,348,11689,22597,9/22/2011,682,650,647.5,682,244194,640179
,9/21/2011,1337,1320.5,1320,1345.25,120377,305829,9/20/2011,346.4,345.8,345,348.7,16987,23056,9/21/2011,690,685.75,685,697.5,122487,655496
,9/20/2011,1341,1338,1335.25,1350.25,93484,308929,9/19/2011,348.6,344.4,341.7,348.6,15237,23980,9/20/2011,697.25,690.25,690.25,704.5,146461,657297
,9/19/2011,1356.25,1336,1326,1357.5,119166,317206,9/16/2011,350,348.7,347.9,352.9,12427,24154,9/19/2011,691.5,692.25,676.5,694.5,195620,660565
,9/16/2011,1358.75,1355.5,1350,1368.75,101023,324284,9/15/2011,358.3,349.6,349.4,358.8,19753,25088,9/16/2011,701.75,692,691.75,707.25,170554,668892
,9/15/2011,1384.75,1358.75,1356.5,1387,139562,328637,9/14/2011,357.2,357.9,356.8,359.3,142,30,9/15/2011,725,701,700.25,725,197869,677310
,9/14/2011,1375.5,1374,1373,1385,49,38,9/13/2011,360.5,357.3,357.6,360.8,729,156,9/14/2011,711,713,705,717,2535,12
,9/13/2011,1389.5,1381.25,1374,1390,932,683,9/12/2011,368.1,360.1,358.3,368.1,2357,413,9/13/2011,735,709.25,705,736.25,1589,1063
,9/12/2011,1415,1387.5,1381.5,1419,1431,810,9/9/2011,368.5,368.7,365.1,368.5,2694,1588,9/12/2011,726,734.25,717,736.5,1400,1931
,9/9/2011,1405.75,1416.5,1402.5,1416.5,1878,1350,9/8/2011,368.9,365.5,365,369.1,2978,2445,9/9/2011,723,726,719.75,729,2136,2663
,9/8/2011,1412,1407.25,1402.5,1412.75,2545,1860,9/7/2011,371.4,367.2,364.7,372.2,4879,3569,9/8/2011,737.25,723.25,721.75,739.75,3784,3615
,9/7/2011,1415.25,1411,1402.75,1425,3657,2107,9/6/2011,376.6,368.3,368.2,376.6,5957,4417,9/7/2011,748.25,736.5,733.5,756,7222,5028
,9/6/2011,1426.25,1413.5,1402.25,1426.25,4749,3373,9/2/2011,376.5,377.8,373.6,380.4,6674,5432,9/6/2011,742.5,746.75,734.75,749.5,4539,7633
,9/2/2011,1431,1436,1426,1441.75,6235,4484,9/1/2011,380.6,376.6,373.4,380.6,6624,6183,9/2/2011,733.75,750.25,730.25,753,8453,9525
,9/1/2011,1439,1424.75,1422.5,1446.25,10055,5673,8/31/2011,381,380.8,378.7,383.1,10522,7103,9/1/2011,756.5,728.75,727.75,757,19577,12208
,8/31/2011,1447.75,1449,1442,1456,7120,7694,8/30/2011,379.3,381.1,376.1,382,20476,8988,8/31/2011,763.25,757.5,756,764.25,43825,19418
,8/30/2011,1440.5,1448.75,1430,1450.5,15584,9839,8/29/2011,374,379.2,373.5,380,21809,12196,8/30/2011,756.75,763.5,746.75,765.5,95762,33529
,8/29/2011,1413.5,1438,1411.25,1438.75,14810,14964,8/26/2011,367.3,376,365.6,377.5,20715,17523,8/29/2011,751.75,756.25,751.5,765.5,87513,61174
,8/26/2011,1384,1414.75,1379,1418,21689,20086,8/25/2011,367,368,364.7,369.3,18329,20810,8/26/2011,731,752.5,729.25,755.5,112298,101552
,8/25/2011,1384.75,1386,1377.75,1391.25,14482,24497,8/24/2011,368.5,367,364.9,369.5,15179,20907,8/25/2011,730.5,732.25,723.5,736,65830,126388
,8/24/2011,1390,1386.5,1381.5,1396.25,19556,26502,8/23/2011,362.9,368.3,362.3,370,18875,22570,8/24/2011,730,731.75,727.5,737,58960,131568
,8/23/2011,1376.5,1389.5,1376.5,1392,15840,30517,8/22/2011,355.9,362.7,355.8,363,10121,23743,8/23/2011,723.5,730.25,720,731,61949,139481
,8/22/2011,1366.5,1376.5,1362.25,1379.5,13587,34316,8/19/2011,352.9,354.1,349.9,357.3,16689,24784,8/22/2011,715.5,720.5,711.5,722.25,61301,145146
,8/19/2011,1348.75,1359.75,1340,1366,10231,35038,8/18/2011,354.2,353,350,355.3,9341,27558,8/19/2011,699,711,693,714.25,44839,149664
,8/18/2011,1356.75,1352,1336,1359,8710,36260,8/17/2011,350.9,354.5,349.7,355,16307,28070,8/18/2011,710.5,699,695,711,59927,153909
,8/17/2011,1340.5,1356.75,1337.75,1361,15012,37651,8/16/2011,351.1,351.3,349,351.8,13164,28454,8/17/2011,713,711.5,708.25,720.5,56827,161716
,8/16/2011,1343,1340,1333.5,1345,13434,39077,8/15/2011,348.5,352,348.5,351.7,10477,30065,8/16/2011,707,714,700,715,66021,165666
,8/15/2011,1331,1343.5,1331,1344.75,8755,40058,8/12/2011,348.5,348.6,348.5,348.6,83,43,8/15/2011,703.75,707.25,702.75,711.75,53443,174102
,8/12/2011,1343.25,1337,1329,1347.5,211,6,8/11/2011,339.9,347.2,339.9,353,311,160,8/12/2011,702,701.75,697.5,707.75,90191,177349
,8/11/2011,1349.75,1333.75,1332.25,1350,461,157,8/10/2011,342.9,339.1,339,343,774,338,8/11/2011,676.75,702.5,676,708,98668,191737
,8/10/2011,1312.75,1300.75,1296,1313.25,1007,361,8/9/2011,339,338,338.8,344.9,1285,905,8/10/2011,682.75,678,676.25,689.25,82997,204666
,8/9/2011,1300,1298.75,1286,1320,666,840,8/8/2011,345,340.1,340.3,345,1846,1521,8/9/2011,673,678.25,658.5,687.75,99674,223919
,8/8/2011,1323,1309.25,1307,1323,1289,1180,8/5/2011,347.2,345.2,343.5,350,2263,2387,8/8/2011,680.75,675.25,670.5,691,90009,240661
,8/5/2011,1333.25,1331.5,1316,1340,1774,1791,8/4/2011,351.5,347.6,347.1,353.2,3518,3167,8/5/2011,688,693,679,699.75,104989,258957
,8/4/2011,1357.5,1339.25,1334,1357.5,2220,2683,8/3/2011,355.2,353,351.3,355.7,5879,4011,8/4/2011,705.25,693.75,681.75,706,84612,281693
,8/3/2011,1373,1364,1356.75,1374.25,2388,3555,8/2/2011,354.2,357.2,347.8,357,5082,5111,8/3/2011,711,706,700.5,714.25,88522,294072
,8/2/2011,1360,1373,1348,1377.5,3645,4512,8/1/2011,353.9,352.7,350.8,356,4370,6296,8/2/2011,680.25,711.25,677,711.25,99777,301417
,8/1/2011,1354.25,1358.75,1354.25,1371,3678,5858,7/29/2011,356.5,351.6,351.3,357.6,11746,7447,8/1/2011,668.5,681.25,665.25,684,70405,312041
,7/29/2011,1365.75,1354.25,1349,1373.75,9231,8157,7/28/2011,356,355.3,355.4,358.2,20984,10016,7/29/2011,684,665.5,662.25,684.5,78720,318950
,7/28/2011,1373.25,1367.75,1367,1380,29584,11116,7/27/2011,360,355.8,354.9,362,18869,13166,7/28/2011,690.25,682.25,680,690.5,80120,320832
,7/27/2011,1383,1375.75,1368.5,1388,29578,20138,7/26/2011,356.5,360.5,355.5,361.3,24539,16618,7/27/2011,689.5,691.5,677,693,70663,332972
,7/26/2011,1366.25,1383,1363,1384,31675,25958,7/25/2011,359,355.8,354.1,359.6,16972,20487,7/26/2011,682.25,689.75,675.5,690.5,56593,342214
,7/25/2011,1369.25,1365.5,1351.5,1371.5,27768,33648,7/22/2011,362,363,359.5,363.5,15079,22045,7/25/2011,678.25,678.75,671.75,683.75,44739,349293
,7/22/2011,1379.75,1380.25,1374.75,1388.5,25749,43604,7/21/2011,361.5,362.7,357.1,362,15048,22534,7/22/2011,679.25,690,672.75,691,70366,355152
,7/21/2011,1377.75,1380.25,1369.75,1386.25,25611,49398,7/20/2011,361.2,361.9,358.1,363.2,17302,22911,7/21/2011,687.5,679.25,670.75,690.5,59580,363739
,7/20/2011,1379.75,1378.25,1373,1390.75,22501,53209,7/19/2011,360.7,360.1,358.1,366.6,16362,25819,7/20/2011,698.25,688,685.75,708.75,55660,365535
,7/19/2011,1389,1379.25,1375.5,1408,24180,55723,7/18/2011,360,359.3,355,361.1,10802,27438,7/19/2011,703.25,698,696.5,723.5,77845,365177
,7/18/2011,1385.75,1385.5,1370,1391.75,15691,58156,7/15/2011,357.1,360.3,355.9,362.9,17191,28995,7/18/2011,701.75,696.25,683,703.25,54833,368601
,7/15/2011,1382,1385.75,1376.5,1397,20379,58239,7/14/2011,352.8,355.5,352.3,356,168,4,7/15/2011,690.75,701.25,686.75,711,72336,370827
,7/14/2011,1390.25,1390.5,1390.25,1396.75,315,80,7/13/2011,349.5,353.2,349.5,355,349,159,7/14/2011,724,716.5,711.5,742,763,55
,7/13/2011,1363,1387,1361,1392.75,442,122,7/12/2011,343,348.5,342.4,349.3,564,301,7/13/2011,702,726.75,702,740,1849,643
,7/12/2011,1352.5,1366.5,1342,1367,3121,467,7/11/2011,345,346,343.4,346.2,1056,630,7/12/2011,682,697,667,713.5,2619,1831
,7/11/2011,1356.25,1352.5,1343.75,1359.25,2098,1958,7/8/2011,343,346.3,342.9,346.5,1371,1019,7/11/2011,672.5,681.5,663.5,681,3074,3496
,7/8/2011,1346.5,1352,1341.75,1355.25,1520,3114,7/7/2011,341.9,343,341.9,346.9,2391,1322,7/8/2011,652.5,672.25,652.5,672,3027,5023
,7/7/2011,1331.25,1345.5,1331.25,1350,3849,3513,7/6/2011,341.9,341.7,339,342.3,3629,1881,7/7/2011,648.25,650,647.5,668,5513,6043
,7/6/2011,1330,1331,1321.25,1336.75,4996,5206,7/5/2011,344.2,341.7,338.8,345,5607,2518,7/6/2011,679.5,648.75,647.5,680,12818,7204
,7/5/2011,1330.5,1332.25,1322,1340,2786,7353,7/1/2011,335.9,340.9,334.8,340.1,7680,4036,7/5/2011,650.75,680.5,649,684.25,16278,12283
,7/1/2011,1308.5,1322.25,1307.25,1330,7597,8666,6/30/2011,340.4,332.2,327.7,341.7,13803,4745,7/1/2011,629,640.75,620.75,652.75,30771,19502
,6/30/2011,1335.5,1306.25,1290,1342.5,13495,11020,6/29/2011,340.1,337.9,338,345.3,21059,6957,6/30/2011,699,629,615,708.5,102047,29461
,6/29/2011,1331.5,1334.25,1326.25,1350,41246,15548,6/28/2011,343.7,338.9,339,346.5,22237,12489,6/29/2011,689.5,698,684.5,714.5,143359,45142
,6/28/2011,1334,1330.75,1328,1346.25,48313,26390,6/27/2011,339.8,343,338,344.2,23144,18881,6/28/2011,667.75,683,661,684.5,135555,97408
,6/27/2011,1318.25,1329.75,1310,1330.75,69586,45793,6/24/2011,342.9,339.9,339.3,344.6,24438,28619,6/27/2011,669,660.75,650,669.5,138082,143613
,6/24/2011,1318.5,1320.25,1311.5,1328.75,79696,92358,6/23/2011,347,340.6,339,348,28264,30111,6/24/2011,687,670,669,697.75,160547,224315
,6/23/2011,1331.25,1317.75,1292.75,1333.25,68283,94690,6/22/2011,352.4,347.1,345,353.1,37766,35102,6/23/2011,675,680.5,639,688,194372,252748
,6/22/2011,1348.75,1330.25,1320.5,1351.75,78446,102439,6/21/2011,351,351.7,350.6,355.1,27965,43953,6/22/2011,709,677.5,677.5,714,172359,261822
,6/21/2011,1338.25,1348.75,1337.75,1354.75,51448,110344,6/20/2011,349.9,350,349.1,353.4,23813,47075,6/21/2011,703,707.5,702.25,719.25,172807,290443
,6/20/2011,1334.75,1335.75,1331.75,1346,57969,119222,6/17/2011,354,349,348.5,356.9,35142,50903,6/20/2011,704.5,700.5,695.5,707.75,132757,311374
,6/17/2011,1350.5,1333,1330.5,1357.25,84043,122504,6/16/2011,359.5,353.7,353.5,361.1,25221,56036,6/17/2011,700.5,700.25,691.25,714.5,174752,328159
,6/16/2011,1370.25,1350.5,1348,1373,85809,130601,6/15/2011,359.9,360,354.5,361.4,35881,58275,6/16/2011,725.75,701.5,698.75,728.5,222258,355371
,6/15/2011,1368,1368,1354.5,1375.5,94166,137151,6/14/2011,369.1,358.7,355.3,370.1,53206,65240,6/15/2011,760.25,725.75,725.5,762.25,235152,394256
,6/14/2011,1382.25,1368,1353.5,1387,101593,147761,6/13/2011,372.6,370.1,367.5,373.8,30096,73262,6/14/2011,779.25,755.5,752.5,779.5,188439,420589
,6/13/2011,1385.25,1382.75,1378.5,1390.5,77738,155198,6/10/2011,372.8,373.3,368.1,375.8,34395,76595,6/13/2011,786,782.5,777.25,792.5,162361,439443
,6/10/2011,1396.25,1387.25,1377.25,1397.5,97627,164657,6/9/2011,372.5,372.9,369.4,379.3,44413,77686,6/10/2011,785,787,777,799.75,171077,449644
,6/9/2011,1400,1393.75,1386.25,1413.25,111737,180781,6/8/2011,367.4,372.8,365.8,377.6,61479,81714,6/9/2011,764,785.5,759.5,793,213502,466785
,6/8/2011,1392.25,1401.5,1385,1417,115628,198394,6/7/2011,360.1,368,359.5,368,50649,86917,6/8/2011,738.75,764,734.5,766.5,224538,482786
,6/7/2011,1382.75,1394,1380.25,1394.75,108072,212093,6/6/2011,370,359.4,359,371.9,36549,85784,6/7/2011,732,736.5,729.25,737.75,188507,501955
,6/6/2011,1415.75,1383.25,1382,1418.25,99425,230306,6/3/2011,365.5,368.4,365,370.9,33110,86884,6/6/2011,754,732,731.5,758,139370,522618
,6/3/2011,1406.75,1414.5,1404.5,1419.5,79159,244360,6/2/2011,359.5,366,359.3,367.2,40647,88494,6/3/2011,765.5,754,751,769,122238,539941
,6/2/2011,1386,1407,1383.75,1411.5,108926,242113,6/1/2011,355.3,360.7,352.3,361,30280,87735,6/2/2011,757.5,766.5,754.5,770,135173,551573
,6/1/2011,1377.5,1386.25,1370,1390,81193,237291,5/31/2011,353,355.3,351.5,359,36891,88675,6/1/2011,751,758.5,741,760.5,163809,556242
,5/31/2011,1371.5,1376,1366.5,1391.25,86334,237055,5/27/2011,359.5,355.6,353.6,361.4,30400,89357,5/31/2011,749,747.5,743,763.75,148538,558960
,5/27/2011,1387.75,1379.75,1376,1394.25,66398,239645,5/26/2011,357.9,360.3,357.6,363.9,32686,92962,5/27/2011,747.5,758.5,740.75,759,120456,569956
,5/26/2011,1378,1384.75,1377,1398.25,91456,242846,5/25/2011,358.2,358.3,357,360.6,27841,92006,5/26/2011,744,745.5,743.5,758.5,135062,568107
,5/25/2011,1373,1377,1372.5,1387,68753,239387,5/24/2011,359.2,359.2,356.6,362.8,30245,93669,5/25/2011,735,742.25,732.25,747,117083,573356
,5/24/2011,1373.75,1372.25,1365.75,1389,81161,237781,5/23/2011,362.3,358.8,357.2,364.8,33763,93436,5/24/2011,754.25,733.25,726.75,759,167096,574174
,5/23/2011,1386,1373.75,1366,1393,75480,241864,5/20/2011,360.6,360.6,357.6,366.2,34973,95055,5/23/2011,769,754,750,775,152056,583364
,5/20/2011,1377.25,1380.25,1365,1396,85706,245957,5/19/2011,361,361.4,358.7,365.5,37488,93583,5/20/2011,748,759.5,743.25,765,153228,594008
,5/19/2011,1377,1379.5,1369.25,1389,80605,244067,5/18/2011,350.8,361,350,363.9,55361,95223,5/19/2011,749.25,748.25,742.5,760.25,156387,597557
,5/18/2011,1340.75,1379.5,1340.75,1388,118262,243089,5/17/2011,345,350.4,343.3,352.2,42266,93340,5/18/2011,721.75,749.75,721.5,750.25,164860,600039
,5/17/2011,1324.75,1341,1312.25,1342.75,103046,242953,5/16/2011,345.8,345.7,344.3,349.5,28597,96563,5/17/2011,697.5,720.25,695.5,721,147132,606018
,5/16/2011,1330,1326.5,1322.5,1344,68277,245178,5/13/2011,349.1,343.1,349.1,349.1,127,142,5/16/2011,689,697.5,688.75,708,138184,607813
,5/13/2011,1351.5,1337,1331,1352,313,10,5/12/2011,340.1,349.1,339.7,350.7,206,142,5/13/2011,685.25,679,674.5,687.75,378,256
,5/12/2011,1333.5,1345.25,1320.5,1352.25,482,270,5/11/2011,344.9,344.1,339,344.9,460,315,5/12/2011,669.75,681.25,659.25,693,1574,456
,5/11/2011,1340,1333.5,1319,1340,572,614,5/10/2011,345.5,346.3,345,349.4,863,592,5/11/2011,708,668.75,668.5,711.25,2610,1246
,5/10/2011,1335.25,1340,1335.25,1352.25,820,1039,5/9/2011,346.1,345.9,345,347.5,423,967,5/10/2011,704,706,701,720.75,2550,2621
,5/9/2011,1330,1335,1329.5,1339.25,1158,1452,5/6/2011,340.5,344.9,339,347.3,516,1026,5/9/2011,682.75,704.5,682.75,706,4106,4138
,5/6/2011,1318.25,1325,1308.5,1338.75,2705,2089,5/5/2011,347,342.7,339.8,349.5,1986,1332,5/6/2011,704.5,682.75,677.5,716.5,5524,5493
,5/5/2011,1354,1319.75,1309,1354,1792,3377,5/4/2011,348,347.6,346.6,349.6,4055,1847,5/5/2011,728.25,705,699,733.5,6901,7255
,5/4/2011,1362.25,1350.5,1344,1362.25,2087,4336,5/3/2011,358,349.5,347,358.6,4255,2687,5/4/2011,719.5,726.5,711.75,730.75,9003,9948
,5/3/2011,1390.25,1359.25,1352,1394.75,5704,5686,5/2/2011,358.4,356.8,354.5,358.8,5362,3340,5/3/2011,735.5,719,716,738.5,18933,13983
,5/2/2011,1389.5,1390.25,1380.5,1400,5234,7768,4/29/2011,348.7,358.1,348.5,359.5,9365,4658,5/2/2011,752.75,730.75,728.25,757.75,22670,21548
,4/29/2011,1348,1392.75,1341.75,1393.5,19328,10157,4/28/2011,356.7,348.7,345.7,363,19140,5732,4/29/2011,723.25,754,719.75,758.5,55921,28694
,4/28/2011,1379.25,1350.25,1334.25,1393.5,54743,19823,4/27/2011,359.8,356.7,354.3,361.7,27278,9890,4/28/2011,757,723,715.5,761.25,161817,55883
,4/27/2011,1382.75,1378,1361.5,1390.25,53492,38180,4/26/2011,361.9,359.8,356.3,361.9,24529,13913,4/27/2011,766.75,752.25,750,767.75,160696,97438
,4/26/2011,1389,1382.75,1371.75,1390,59906,54648,4/25/2011,357,361.1,355.7,362.5,21702,19481,4/26/2011,765.5,766.25,751.25,771,158025,148223
,4/25/2011,1380.75,1389.5,1372,1391.25,63654,69699,4/21/2011,349.7,358.8,348.2,359,23980,26068,4/25/2011,748.25,762.5,746,765.25,144141,186571
,4/21/2011,1357,1380.5,1351.75,1382,73226,89672,4/20/2011,346,349.2,345.4,354,26324,32117,4/21/2011,733.25,737.25,728.5,741.5,110024,231077
,4/20/2011,1341.25,1357.75,1340.75,1373.25,71712,111302,4/19/2011,347.5,346.4,344.5,348.6,22932,37722,4/20/2011,749,732.75,728.75,768,118858,261018
,4/19/2011,1344.5,1342,1336.5,1349,74374,119321,4/18/2011,346,347.8,341.6,349.6,28735,39391,4/19/2011,752.25,749,747.5,757.25,113079,285556
,4/18/2011,1331.75,1344.25,1320.75,1350.5,83080,124182,4/15/2011,344,345.2,341.3,346.6,23631,42243,4/18/2011,740.5,751.75,733.75,753.25,196248,301301
,4/15/2011,1332.75,1331.75,1322.25,1338.5,73463,134438,4/14/2011,342.6,342.5,337.6,343.9,31312,44960,4/15/2011,755,742,739.5,758.25,164728,322020
,4/14/2011,1335.25,1331,1316.5,1337.75,79709,140009,4/13/2011,342.4,342.2,341.1,346.8,31769,50003,4/14/2011,757.5,754.25,741.25,760.25,158742,345506
,4/13/2011,1332.5,1333.5,1328.25,1349,96885,143609,4/12/2011,350.7,342.4,339.7,351,49797,54923,4/13/2011,753.25,755.5,746.5,768.5,207989,368368
,4/12/2011,1369,1329.75,1318.25,1370.25,140396,153590,4/11/2011,358.7,349.7,349.5,360,34022,60687,4/12/2011,775.25,752.5,746.75,775.5,216651,401036
,4/11/2011,1395.5,1368.5,1364,1406.5,114512,166185,4/8/2011,351.5,357.2,350.4,357.5,42354,65252,4/11/2011,772.75,776,760,783.75,166109,428161
,4/8/2011,1363,1392.25,1362.5,1394,111015,181968,4/7/2011,355.2,350.9,350.7,357.5,31960,68566,4/8/2011,759,768,751.25,769.25,240918,443078
,4/7/2011,1376,1363.5,1360.5,1383.25,111295,182926,4/6/2011,353.6,355.6,353.3,359,30585,70251,4/7/2011,762.75,759,752.75,773.25,192597,453928
,4/6/2011,1374,1376.5,1372.75,1388.25,88358,197314,4/5/2011,357.5,353.6,350.9,359.2,38780,72414,4/6/2011,765,763,757.5,767,139675,474958
,4/5/2011,1384.5,1373.25,1366.5,1389.75,86278,202594,4/4/2011,361.5,357,356.6,365,34078,75922,4/5/2011,758.25,766.75,754.5,770.75,165996,487694
,4/4/2011,1393.5,1384,1379,1402.75,93610,210823,4/1/2011,372,360.9,360,373,47324,80472,4/4/2011,736,760.25,734,765,196929,501803
,4/1/2011,1411.5,1393.75,1386.5,1416.5,113003,217833,3/31/2011,361.3,370.7,360,377.5,39919,83093,4/1/2011,730,736,725,738.25,224259,511106
,3/31/2011,1373,1410.25,1368.5,1432,108576,222913,3/30/2011,358.2,360.5,355.8,361.5,28992,79914,3/31/2011,663.25,693.25,659.25,693.25,64247,510386
,3/30/2011,1362,1372,1355.75,1374.5,74995,223552,3/29/2011,353.5,358.6,352.2,360.5,32394,82065,3/30/2011,672.25,663.25,660,675,147177,509230
,3/29/2011,1345.25,1361.5,1341,1369,80620,226137,3/28/2011,357.6,353.6,353.5,360.2,24116,82219,3/29/2011,671,671.75,661.25,677,149177,526870
,3/28/2011,1360,1348.5,1347,1369,61244,226641,3/25/2011,359.9,357.2,356.1,361.5,25604,83368,3/28/2011,692.75,671,668.25,694.75,152408,550505
,3/25/2011,1356.5,1358.25,1353.25,1367.75,72510,229365,3/24/2011,360,359.8,355.3,363.2,38107,83958,3/25/2011,702.75,689.5,688.25,717.25,204084,575186
,3/24/2011,1350,1354.5,1338,1358,88608,232289,3/23/2011,367,360,359.8,368.9,24245,84604,3/24/2011,681,702.5,676.25,703.5,213013,580884
,3/23/2011,1367,1351.25,1350,1372,62385,232232,3/22/2011,366.3,366.4,361.2,367.2,26000,84849,3/23/2011,687.5,681,678.25,691.25,116369,584645
,3/22/2011,1363.5,1365.5,1344,1366,63138,233171,3/21/2011,367.5,366.4,362,370.4,35311,83008,3/22/2011,686.75,686.75,673,687,129106,590792
,3/21/2011,1369.25,1363,1351.5,1376.75,89426,231906,3/18/2011,358.4,367.9,354.2,373.3,53166,83323,3/21/2011,685.75,686.5,676,698.5,141444,601809
,3/18/2011,1336.25,1362.5,1322.75,1385.75,124866,234566,3/17/2011,345,358.6,344.1,361.3,38018,83958,3/18/2011,656,683.5,652.25,691.5,248242,607214
,3/17/2011,1286.75,1335.25,1285.25,1346.75,105300,238120,3/16/2011,340.3,344.5,340,347.9,43489,83228,3/17/2011,618.25,646.5,616,646.5,118749,621115
,3/16/2011,1273.5,1287,1273.5,1308,115627,248411,3/15/2011,355.5,340.8,339.7,356.3,56851,85682,3/16/2011,630,616.5,608,647.75,283674,631680
,3/15/2011,1342,1270,1270,1346,160944,249684,3/14/2011,344.6,349.6,344.4,350.5,95,21,3/15/2011,667.25,636,636,667.75,189088,651786
,3/14/2011,1323.75,1329,1311.5,1332.5,354,211,3/11/2011,346.8,346.1,340,350,326,229,3/14/2011,658,664,650.5,668,678,275
,3/11/2011,1339.25,1326.5,1310,1339.25,544,359,3/10/2011,349.5,349.1,344.5,353.5,760,460,3/11/2011,677.75,659.25,646.25,677.75,1486,736
,3/10/2011,1335,1348.75,1318,1358.25,1300,712,3/9/2011,353.5,348.5,348.5,355.5,2264,753,3/10/2011,694.5,676.25,675,696,2715,1672
,3/9/2011,1369,1344,1343,1377.5,2627,1392,3/8/2011,355,355.4,354,358,2041,1484,3/9/2011,699,695,685,707.25,3446,2908
,3/8/2011,1389.25,1375.5,1368,1389.25,3098,2372,3/7/2011,364.2,358.1,356.5,364.2,2594,1945,3/8/2011,710.75,698.75,694.5,712,4674,4529
,3/7/2011,1407.75,1387.75,1379.75,1408,3289,3872,3/4/2011,365.3,363.8,360.5,368.6,2520,2855,3/7/2011,721.25,710.75,704.25,726,5401,6489
,3/4/2011,1404.75,1407.75,1391.5,1418,5382,4166,3/3/2011,358.5,366.8,358.1,367,6460,3498,3/4/2011,729.5,721.25,716.25,735,9568,8892
,3/3/2011,1385,1405.5,1380,1406.75,3646,6536,3/2/2011,358,359,357,363.5,5353,4501,3/3/2011,714,729.75,711,730,8537,12447
,3/2/2011,1365,1387.25,1364.5,1391.75,6864,8419,3/1/2011,356.4,358,351.4,359.5,9083,5159,3/2/2011,726.25,714,699.75,732.5,18565,16681
,3/1/2011,1360,1367.5,1347.25,1369,9490,12043,2/28/2011,360.3,356.4,353.8,361.3,11553,6689,3/1/2011,722,727.25,717.25,727.75,28952,23657
,2/28/2011,1367.5,1357.25,1349.5,1372.25,21470,15315,2/25/2011,350.9,359.7,348.3,365.3,20638,8660,2/28/2011,712.5,722.5,706.75,723.5,39229,34712
,2/25/2011,1318.25,1365.5,1312,1388.5,47405,25215,2/24/2011,352,350.4,346.2,352.6,16911,12573,2/25/2011,685,712,683.25,722.25,137423,48855
,2/24/2011,1321.5,1318.25,1299,1325.75,55507,38877,2/23/2011,347.6,351.8,344.3,352.5,26304,16291,2/24/2011,693,685.75,680,698,147134,94551
,2/23/2011,1297,1320,1284.75,1322,87718,52160,2/22/2011,365.7,346.5,345.2,368,49662,21985,2/23/2011,672.5,691.5,656.5,693.75,194778,146116
,2/22/2011,1379,1298,1298,1385.75,135942,65856,2/18/2011,373.7,362,361.5,374.6,41996,33071,2/22/2011,714.5,679.75,679.75,724.25,176836,206041
,2/18/2011,1406.5,1368,1361.5,1410,119679,94698,2/17/2011,364,372.7,364,373.4,40129,41772,2/18/2011,712,709.75,701.75,715,156484,256607
,2/17/2011,1366,1404.5,1366,1407,130312,129240,2/16/2011,366.7,364.3,363.3,369.3,37904,46588,2/17/2011,692,712.75,692,712.75,121105,301598
,2/16/2011,1369,1366,1357,1376,121591,141696,2/15/2011,375.4,366.6,366,376.3,43040,54382,2/16/2011,691.5,690.5,682.75,695,165499,301348
,2/15/2011,1403,1368,1364.75,1409.25,144806,152538,2/14/2011,378.6,375.5,374.6,380.4,28614,62589,2/15/2011,697,690.5,680.25,699.75,218422,322175
,2/14/2011,1419,1402.75,1400,1424.75,119509,162065,2/11/2011,383,378.1,376.1,385.5,38133,68452,2/14/2011,706.25,695.75,695,710.5,156566,343594
,2/11/2011,1433,1416,1410.25,1442.25,137725,172964,2/10/2011,388.6,382.5,381.7,390,35112,74706,2/11/2011,698.75,706.5,695,706.75,179714,369098
,2/10/2011,1451.25,1433,1430,1455,112316,188811,2/9/2011,386.4,388.6,384.4,390.5,39339,80176,2/10/2011,698,698.5,694.25,704.5,224737,403870
,2/9/2011,1437,1451,1435,1455.75,120796,201945,2/8/2011,382.4,385.7,378.3,386,30212,81450,2/9/2011,673.5,698,673.25,700.75,231721,442023
,2/8/2011,1425,1434.25,1414,1437,110561,217554,2/7/2011,384.3,382.4,380.1,386.9,26926,85301,2/8/2011,674,673.75,666.25,675,147470,472610
,2/7/2011,1438,1424.5,1421.25,1443.75,89659,229637,2/4/2011,386.5,383.2,381.1,387.3,26231,86723,2/7/2011,677,674.75,669.5,682.5,182660,503863
,2/4/2011,1438.5,1433.5,1422.25,1442.75,78364,245545,2/3/2011,387.8,386.4,383.3,389.7,26070,89899,2/4/2011,664,678.5,659.5,679.5,144574,547452
,2/3/2011,1446,1435.5,1434,1452.5,85852,248268,2/2/2011,388.4,386.9,384.1,390.7,27290,91511,2/3/2011,669,662.5,658.5,673.75,155387,553791
,2/2/2011,1439.5,1444,1433.5,1452,82257,252127,2/1/2011,380.5,390,378.3,391,34402,92624,2/2/2011,665.5,669.25,663.25,674.5,135553,567540
,2/1/2011,1413.5,1438,1408.25,1440.5,119431,255615,1/31/2011,375.2,380.3,374.5,380.7,23753,90879,2/1/2011,658.75,666,655.75,666.75,136793,580518
,1/31/2011,1395.25,1413,1394.5,1413.5,80125,254993,1/28/2011,377,377,374.7,384.4,34101,91875,1/31/2011,642.25,659.5,642.25,659.5,143660,585069
,1/28/2011,1401.5,1398,1392.5,1423.25,135660,256488,1/27/2011,375.2,377.4,371.3,377.9,31071,94300,1/28/2011,652,644,642.5,657.75,149126,585034
,1/27/2011,1389.25,1399.5,1378,1401,83207,262961,1/26/2011,373.4,374.4,370.6,377,25976,95262,1/27/2011,658.5,650.75,647.5,661.75,144411,593500
,1/26/2011,1375.5,1385.5,1364.25,1391,83339,265417,1/25/2011,380.1,372.6,371.8,380.8,41013,95723,1/26/2011,644,657.75,640.25,662,145601,602712
,1/25/2011,1404.25,1374.5,1370.25,1408,122405,265998,1/24/2011,379.9,380.2,377.3,383.5,28297,94554,1/25/2011,654.75,644,639.25,655,169909,610888
,1/24/2011,1412.5,1404.5,1396.75,1426.5,87474,274970,1/21/2011,384.4,379.6,378.2,385.3,33150,96178,1/24/2011,659.5,655.25,650.5,661.5,129965,628587
,1/21/2011,1415.75,1412.25,1405,1427,111994,281191,1/20/2011,382,385.3,375.9,385.5,31957,95331,1/21/2011,656,657.25,650.5,667,181672,647948
,1/20/2011,1413,1414.25,1383.5,1421,111340,288046,1/19/2011,383.8,383.3,378.1,387.2,36895,95377,1/20/2011,641.25,654,627.5,654.75,198694,653753
,1/19/2011,1416.5,1411.5,1402.25,1431.75,122583,292385,1/18/2011,384.2,383.4,382.2,387.8,32674,95383,1/19/2011,659.5,641.25,637.25,666.25,225524,661026
,1/18/2011,1412.25,1413.25,1408.25,1430,93778,296252,1/14/2011,378.4,377,374.8,378.6,227,197,1/18/2011,647.25,659.5,645.5,662.75,171361,674144
,1/14/2011,1413.25,1406.5,1399.5,1415,,,1/13/2011,379.2,378.6,376.3,381.9,392,197,1/14/2011,645,648.75,636.25,652,159213,678757
,1/13/2011,1412.75,1410,1407.5,1426,1558,493,1/12/2011,360.5,377.4,360.1,380.5,1105,441,1/13/2011,633.5,642.5,633.25,649.5,199502,683455
,1/12/2011,1354,1409,1353.75,1420.5,1271,1699,1/11/2011,368.2,359.2,358.3,368.2,1330,758,1/12/2011,608,631,605.5,637,214201,696621
,1/11/2011,1376.5,1350.5,1349,1380.25,2216,6132,1/10/2011,361,366.8,361,371.3,1064,1073,1/11/2011,608,607,603.5,615.5,146506,698007
,1/10/2011,1361.75,1373.25,1359.5,1385.75,3394,3447,1/7/2011,362,359.1,358,364.3,1438,1361,1/10/2011,597.5,607,597.25,614,165455,702451
,1/7/2011,1365.5,1357.75,1353,1370.75,3304,4799,1/6/2011,369.1,365.2,363.9,369.1,2344,2025,1/7/2011,600.5,595,595,604.5,164232,703823
,1/6/2011,1384.5,1369.5,1369,1390,3582,6395,1/5/2011,364.7,369.3,361.7,369.9,3207,2378,1/6/2011,618.75,602,600.25,621.5,178708,721271
,1/5/2011,1362,1386,1354,1387.25,9691,8242,1/4/2011,364,364.7,360,365.8,3362,2564,1/5/2011,609,619.25,600.25,619.75,164318,722513
,1/4/2011,1369.5,1361,1350.25,1381.75,5881,12324,1/3/2011,370,365.7,362.2,371.6,6277,3277,1/4/2011,620,608.5,603.25,623.5,177112,719829
,1/3/2011,1388.5,1370.25,1367,1399.5,9249,15020,12/31/2010,365.4,370.3,365,372,3776,3955,1/3/2011,626.25,620.5,620,634,122199,729612
,12/31/2010,1367.25,1393.75,1366.5,1394.5,11684,17809,12/30/2010,365.5,365.4,363.1,368,10463,4940,12/31/2010,616.25,629,615.75,630,69508,734311
,12/30/2010,1366,1366,1359.5,1374,24732,22422,12/29/2010,368.5,365.7,364.2,368.6,13264,7716,12/30/2010,623,616,612.5,625,94981,727836
,12/29/2010,1374,1366,1363.5,1377.5,50413,30271,12/28/2010,366,368.6,365.6,370.2,15939,11083,12/29/2010,622.5,624,619,626.5,72854,732979
,12/28/2010,1373,1375.75,1372,1385.25,52754,45017,12/27/2010,357.9,366.4,356,369,15819,14849,12/28/2010,614.5,623.25,612.5,624.25,82057,736988
,12/27/2010,1341,1373,1339.25,1378.25,45949,61688,12/23/2010,350.9,360,350.7,360.5,14734,18761,12/27/2010,610,615.25,609.25,619,62225,736226
,12/23/2010,1329.25,1349.5,1328,1355,65471,77834,12/22/2010,352.8,352.7,350,353.1,16074,20805,12/23/2010,608.5,614,606.5,614.75,86297,739167
,12/22/2010,1324.5,1328.75,1317.5,1333,69733,89753,12/21/2010,351,352.6,349.8,353.5,25312,24077,12/22/2010,602.5,609,600,609.75,101209,732746
,12/21/2010,1315.25,1326.25,1311.5,1328,84123,102644,12/20/2010,347.9,351.5,346.1,352.8,26113,29443,12/21/2010,599,602.25,598,604,75074,732442
,12/20/2010,1302.75,1315.25,1295.5,1318,88360,112050,12/17/2010,343,347.8,342.6,348.5,21160,34671,12/20/2010,597,599.5,596.5,604,93069,733741
,12/17/2010,1288.75,1298.75,1283.5,1300,83684,120686,12/16/2010,345,343.8,342.3,347.7,23148,37805,12/17/2010,587,596.5,585.5,599,113487,725562
,12/16/2010,1295.5,1289,1285,1303.75,96341,132093,12/15/2010,340.7,346.1,340.7,349.8,33450,43765,12/16/2010,583.25,587.5,581.5,590,87439,721696
,12/15/2010,1293,1296.5,1290.75,1314.75,132344,143895,12/14/2010,345,344.5,344.5,348.5,323,270,12/15/2010,586,584.25,580,594.5,128396,719315
,12/14/2010,1300,1296,1292.5,1311.25,91214,156757,12/13/2010,335.5,344.8,335.1,346.7,814,566,12/14/2010,573.75,574.5,571.5,578.25,4794,220
,12/13/2010,1269.5,1302.5,1257,1304.75,106042,168933,12/10/2010,341,339.1,335.5,341.4,1247,768,12/13/2010,561,575.25,555.5,576,5973,2432
,12/10/2010,1283.25,1273,1267.75,1288.5,102141,180575,12/9/2010,345.4,339.9,338.9,345.4,1345,1407,12/10/2010,562,560.25,553.75,565.25,11105,6164
,12/9/2010,1296,1281.5,1278.25,1299,78572,186814,12/8/2010,343,345.4,338,346.7,1407,2277,12/9/2010,559.5,560.25,554.5,564.5,12495,7435
,12/8/2010,1283,1296,1266.5,1296.5,112131,200913,12/7/2010,344.7,343,342,348.3,1297,2662,12/8/2010,547,559.5,538.25,559.75,14866,9488
,12/7/2010,1288.5,1285.5,1282.25,1303.25,121753,215966,12/6/2010,351.1,345.5,342.6,352,2064,3174,12/7/2010,554.25,547.25,542.75,562,18136,11841
,12/6/2010,1304,1288.5,1280.25,1306.75,107989,232251,12/3/2010,343.5,350.1,343.4,351.6,2016,4034,12/6/2010,559,553.75,548,560.5,24310,14715
,12/3/2010,1278,1300.25,1274,1301.5,113968,243721,12/2/2010,346,344.1,343.7,347,5603,4440,12/3/2010,541,559,541,559.5,23743,18405
,12/2/2010,1282,1279.75,1273.75,1287,87542,249326,12/1/2010,337.3,346.6,335.7,347,8845,6121,12/2/2010,550,540.75,540.5,553.25,36142,21119
,12/1/2010,1243,1283,1240.25,1284,100564,256855,11/30/2010,336.3,338.6,332.8,338.2,13787,7785,12/1/2010,530.75,551.75,528.75,552.75,49513,25984
,11/30/2010,1238,1243,1227.75,1247.25,70192,260015,11/29/2010,336.9,336.3,333.1,338.7,26495,11007,11/30/2010,539,530,529.5,541,57505,37033
,11/29/2010,1240,1235,1226.5,1248.5,79168,263752,11/26/2010,340.5,336.8,335.5,342.9,16560,19596,11/29/2010,542.5,538.25,535.25,545,173312,56245
,11/26/2010,1257.25,1238.5,1235.75,1262.25,45484,268543,11/24/2010,340.2,340.2,338.8,343.5,24350,27690,11/26/2010,540,538.25,530.75,543.5,91560,129339
,11/24/2010,1241.25,1255,1237,1258.25,73060,272357,11/23/2010,334.5,340.7,328.4,340.9,35171,29348,11/24/2010,528.5,538.75,528.5,539.5,145624,188656
,11/23/2010,1225,1239,1201.5,1246.5,109152,276573,11/22/2010,325,333.6,322.8,334.2,31063,38492,11/23/2010,518.5,528.5,506.25,531.5,216145,215886
,11/22/2010,1196,1221.5,1190,1223,90552,280770,11/19/2010,335.8,325.8,324.6,338.9,31416,45367,11/22/2010,515.25,515.25,511.75,532.25,215864,252828
,11/19/2010,1244,1201.5,1200,1256,109606,283046,11/18/2010,328.5,335,325.2,337.9,29485,51016,11/19/2010,542.75,520.75,518.5,548.25,197574,279007
,11/18/2010,1208.75,1242,1193.75,1245.5,92815,286508,11/17/2010,331,328,320,335.8,35062,55366,11/18/2010,527,541.75,526,546.5,152125,290336
,11/17/2010,1221.25,1205,1175.25,1232.5,130907,287652,11/16/2010,347.1,329.8,328.1,348.4,48830,58846,11/17/2010,527.5,525.75,509,536,239339,301506
,11/16/2010,1286.25,1219.75,1216.5,1289.75,154393,294970,11/15/2010,339.6,348.1,335.7,352.3,32150,68468,11/16/2010,555,526.5,525.5,556.25,265132,314796
,11/15/2010,1266,1286.5,1252.25,1307.5,122807,307596,11/12/2010,359.2,339.7,338.3,360.7,56614,71415,11/15/2010,541.75,555.5,539,567,209834,335373
,11/12/2010,1335,1263,1259,1337.75,,,11/11/2010,355.4,358.1,355,360.4,31529,82801,11/12/2010,564,534,534,566.5,270071,348657
,11/11/2010,1311.75,1330.25,1309,1332.5,1540,1039,11/10/2010,361.3,355.4,354.4,362,33607,84233,11/11/2010,567,564,557.5,574.25,240557,368968
,11/10/2010,1315.25,1309.5,1305,1319.5,4055,1890,11/9/2010,344.7,362.3,343.2,364.9,42162,89098,11/10/2010,575,566.75,565,580.25,234149,386295
,11/9/2010,1263.5,1319.25,1262,1335,5980,3339,11/8/2010,347.5,344.9,343.2,348.2,27924,88999,11/9/2010,585.5,576.25,571,605,368624,423939
,11/8/2010,1273.75,1264.5,1263.75,1278.5,3870,5382,11/5/2010,348.4,348,345.3,350,29652,91084,11/8/2010,587.5,585.25,584.5,592,181957,449756
,11/5/2010,1264.75,1273.5,1261,1277,6964,6970,11/4/2010,338.7,348.2,337.8,349.3,33158,96511,11/5/2010,590,587.75,583,591.75,188473,482260
,11/4/2010,1230.5,1264.75,1229,1268,6964,6990,11/3/2010,337.6,338.9,333.3,339,25590,97790,11/4/2010,581,590,580.5,595.75,193299,504502
,11/3/2010,1225.25,1227.5,1212.5,1230,7493,9514,11/2/2010,336.8,337.7,335.7,339.6,19308,98909,11/3/2010,576.25,581,568.75,582.25,203281,514599
,11/2/2010,1225.25,1223.75,1220.75,1232.5,14956,11811,11/1/2010,338.8,337.8,334.2,340,23786,100480,11/2/2010,577.75,575.75,572.25,583,178280,540634
,11/1/2010,1230.25,1225.25,1218.5,1236.5,18885,15141,10/29/2010,336.3,337.7,334.6,338.5,20333,101391,11/1/2010,585,577.25,572,590.75,163197,556464
,10/29/2010,1224.25,1226,1214.25,1227,33951,20521,10/28/2010,335.9,336.3,334.3,340.5,28165,101740,10/29/2010,579,582,571,583,130063,567214
,10/28/2010,1222.75,1225,1218,1236.75,87273,29594,10/27/2010,334.8,335.9,330.1,336.7,24645,102195,10/28/2010,576,579,575.25,585.25,187624,575424
,10/27/2010,1221.75,1223.75,1199,1229,98133,45157,10/26/2010,334.2,335.5,331.6,336.9,22278,103974,10/27/2010,571.75,577.25,561.5,579,176337,591872
,10/26/2010,1217,1219,1208.5,1224,97376,64967,10/25/2010,331.6,334.6,330.4,335.4,27760,104005,10/26/2010,567,571,562,577.25,173453,602815
,10/25/2010,1202.5,1217.75,1199,1223.5,123174,87242,10/22/2010,333,330.9,330.5,335.7,18873,104342,10/25/2010,561,568.75,560.5,575.5,149493,616681
,10/22/2010,1203,1199.5,1197,1212.5,109086,104203,10/21/2010,337.4,333.4,332.9,340.2,24678,107004,10/22/2010,564,560,559.5,571,142067,618041
,10/21/2010,1212,1201.5,1201.5,1223.5,118179,139748,10/20/2010,328.4,337.8,327.3,338,29002,109559,10/21/2010,573,564.25,561.75,579.5,187133,641460
,10/20/2010,1178,1212,1173.75,1214,129209,147233,10/19/2010,328.3,328.2,323,333.7,37474,110266,10/20/2010,546,573.5,544,576,222193,649542
,10/19/2010,1184.25,1180,1165.5,1195,122594,160790,10/18/2010,328.1,328.3,325.4,330.5,29813,108085,10/19/2010,557.25,546,542.75,562,232701,649353
,10/18/2010,1182,1184,1175,1188,109140,169505,10/15/2010,331.7,328.2,327,336.2,26682,109574,10/18/2010,561.5,557.25,553,563,146179,651162
,10/15/2010,1189,1185,1180,1204.25,98889,179329,10/14/2010,327.9,325.5,327.9,329.7,187,57,10/15/2010,568,563,561,575,160433,655078
,10/14/2010,1176.5,1188.5,1176,1194.5,115964,186132,10/13/2010,333.1,325.2,324.7,333.1,430,120,10/14/2010,569,567.25,565.75,579.75,189203,657297
,10/13/2010,1177.5,1176.5,1172,1194.5,153311,195353,10/12/2010,323.1,329.4,322.8,329.4,696,457,10/13/2010,578,569.25,565.5,588,247192,660508
,10/12/2010,1154,1178.5,1154,1185.75,140947,209133,10/11/2010,322.8,323.1,322,330,870,747,10/12/2010,555,579,554.5,584.25,284555,674525
,10/11/2010,1155,1152.5,1150.75,1188.75,205354,224493,10/8/2010,292.4,317,291.5,327,3221,1105,10/11/2010,573.25,555.75,555,573.25,275238,671340
,10/8/2010,1064,1135,1062,1135,51463,242930,10/7/2010,291.3,292,291,294.7,2413,1440,10/8/2010,497.75,528.25,496,528.25,85717,674017
,10/7/2010,1061.75,1065,1061,1074.5,106692,250564,10/6/2010,293.3,291.6,291.3,294.5,2993,1871,10/7/2010,488.25,498.25,487.75,502.5,205680,681406
,10/6/2010,1070,1062,1061.5,1075.25,68872,265081,10/5/2010,288,294.9,287,296.3,3585,2175,10/6/2010,491,488.5,487.25,496,136692,685990
,10/5/2010,1053.75,1071.75,1049.75,1077.75,96028,270986,10/4/2010,286.8,288,282.7,289.4,3917,2964,10/5/2010,471.25,491,464.75,493.5,213718,696738
,10/4/2010,1055,1054,1042,1061.5,114014,280335,10/1/2010,301.5,285.7,286,301.6,5948,3544,10/4/2010,460.5,471.5,454.25,473.75,217559,703606
,10/1/2010,1105.5,1057,1053.5,1106.5,157685,288270,9/30/2010,302.3,302.1,296,305.4,9952,5501,10/1/2010,494.75,465.75,465.75,494.75,304420,712977
,9/30/2010,1098.75,1106.75,1082.25,1109.75,105038,298604,9/29/2010,303.7,302.5,298,304,14642,7369,9/30/2010,505,495.75,478.25,508.25,307752,730114
,9/29/2010,1108,1099,1083.5,1110.25,104151,300679,9/28/2010,311,303.5,302.8,312.2,14811,11279,9/29/2010,500,505,486,506,209526,739447
,9/28/2010,1127,1110,1105.5,1135.5,81866,300827,9/27/2010,313.3,311.4,310.2,318,13890,12933,9/28/2010,512,500,499.5,513.5,151856,745503
,9/27/2010,1126,1128.5,1122,1144,99884,298435,9/24/2010,305.5,313.2,304.1,313.5,11464,14156,9/27/2010,522,512.75,511,528.75,176759,755835
,9/24/2010,1093,1126,1090,1128.25,114040,301415,9/23/2010,306.4,305.5,301.4,306.9,9329,17286,9/24/2010,498.75,521.75,496.5,523.5,201964,764137
,9/23/2010,1091,1093.5,1079.5,1098.25,77455,302406,9/22/2010,303.3,306.2,302.9,307.9,10416,17803,9/23/2010,506.25,499.25,495.25,507,192998,776547
,9/22/2010,1080,1088.5,1079.5,1092.75,68667,297721,9/21/2010,306,303.5,303,308.7,10782,20905,9/22/2010,504.5,505,500.25,512,187576,784016
,9/21/2010,1083.75,1080,1079,1093.75,81117,299556,9/20/2010,303.6,306.1,303.3,313.1,8701,22176,9/21/2010,507.5,505.25,503.5,517.25,187400,789286
,9/20/2010,1069,1084.5,1068.25,1099.5,110019,297797,9/17/2010,293.1,304.7,293.1,304.5,10053,23428,9/20/2010,513.25,508.25,507.5,523.75,228169,784279
,9/17/2010,1036.75,1069,1036.75,1072,108643,302912,9/16/2010,294.3,293.1,291.2,295.2,7549,23450,9/17/2010,497,513.25,496.5,517.25,263306,785800
,9/16/2010,1043,1036.25,1033,1046.5,53363,295286,9/15/2010,292.9,294.5,292.6,295.7,8955,24279,9/16/2010,495,496,489.5,497.5,161285,783859
,9/15/2010,1035,1042.5,1034.25,1045,57340,297046,9/14/2010,294.8,290,290,298,205,97,9/15/2010,494,495.25,491.75,498.5,154188,785189
,9/14/2010,1026.75,1025,1018.25,1030.5,311,451,9/13/2010,296.7,296.8,293,298.3,482,162,9/14/2010,470,478,466.5,482,3532,269
,9/13/2010,1021,1025.25,1018.75,1031,699,570,9/10/2010,305.5,297.2,294,305.5,1355,548,9/13/2010,463.25,469.25,462.25,471.75,7972,1913
,9/10/2010,1025,1023.5,1022.25,1032,396,967,9/9/2010,308.1,305.5,304.6,308.9,884,1366,9/10/2010,456,464,448.25,465.5,9982,4407
,9/9/2010,1036.25,1037.75,1030.75,1040,354,1164,9/8/2010,308.9,307.3,305.6,310.5,1028,1802,9/9/2010,447.75,456.25,445,457,10735,6101
,9/8/2010,1041,1041.25,1040.25,1049,412,1281,9/7/2010,308,308.7,303.2,308.3,2067,2416,9/8/2010,450.75,447.5,447,453,12495,7239
,9/7/2010,1031.25,1043.75,1024.75,1040.75,823,1574,9/3/2010,302.2,308.2,301.9,308.4,2310,3077,9/7/2010,449.75,451.5,442.25,459,16446,9375
,9/3/2010,1008.5,1029.75,1008,1031.25,798,2021,9/2/2010,302.9,302.2,299.6,303.7,2924,3544,9/3/2010,432.5,449.75,430.75,452,22227,12211
,9/2/2010,1005.75,1007.5,999.5,1008.5,611,2436,9/1/2010,305.3,301.9,301.9,306,2703,4466,9/2/2010,432.25,433,428.5,433.25,22155,15612
,9/1/2010,1008.75,1004.5,1003.5,1015.25,1029,2945,8/31/2010,307.4,304.2,303.2,311.3,7820,6161,9/1/2010,424.75,432.25,423.25,433,23058,19553
,8/31/2010,1015,1008,1005,1024.25,4596,3233,8/30/2010,308.2,307.6,307.2,311.2,11699,8665,8/31/2010,424.75,424.5,416.25,429.5,52358,25838
,8/30/2010,1024.25,1018,1016,1029,7947,5091,8/27/2010,306.3,307.8,304.6,308.9,15170,13360,8/30/2010,423.25,425.5,422.75,429.25,104483,35844
,8/27/2010,1013.25,1022,1013.25,1024.75,12416,9013,8/26/2010,300,306.3,299.8,306.5,16917,17579,8/27/2010,416,421,416,425,79140,62472
,8/26/2010,1000.5,1013,1000.5,1015.5,13174,13852,8/25/2010,297.6,299.7,295.6,300.1,13006,19125,8/26/2010,405,416.5,405,419.75,78744,114859
,8/25/2010,999.25,1000,994.25,1005.75,8004,13761,8/24/2010,301.4,296.4,296,301.6,12206,20396,8/25/2010,404.75,404.75,400.25,408.75,48914,121562
,8/24/2010,1007,999.5,995,1009.75,8683,14516,8/23/2010,301.2,301.4,299.2,302.5,9770,23365,8/24/2010,416,405.25,399.75,416,90835,127790
,8/23/2010,1009,1007,1003,1016.5,7370,15928,8/20/2010,302.8,300.8,300.1,302.8,10022,23763,8/23/2010,420,417.25,415,422.25,57138,146014
,8/20/2010,1017,1009.25,1005.75,1019.25,4686,17161,8/19/2010,307.2,302.5,301.3,309.6,12142,26597,8/20/2010,414,421.25,409,422,57238,157994
,8/19/2010,1035,1016.75,1012.5,1043.75,9681,17892,8/18/2010,306.7,307.4,303.5,311,8719,27989,8/19/2010,417.5,414.25,411.25,423,62710,167129
,8/18/2010,1044.75,1035.25,1026.25,1049,7520,18171,8/17/2010,301.9,306.5,301.7,307.5,10380,28239,8/18/2010,414,418.5,409,419.75,72344,177510
,8/17/2010,1029.5,1045.25,1029.5,1047.75,8048,18517,8/16/2010,301.7,302.2,300.5,306.8,10709,27958,8/17/2010,407,414.75,406.25,416.5,87596,181221
,8/16/2010,1042.25,1034,1031.25,1050.25,5877,18143,8/13/2010,315.4,321.5,313,329,214,206,8/16/2010,409,407.25,405.75,417.5,51487,188715
,8/13/2010,1075,1052,1052.75,1081,336,22,8/12/2010,312,315.4,309.1,318.9,434,206,8/13/2010,406,411.75,406,413.75,59859,193060
,8/12/2010,1049.5,1057,1038,1063.5,604,198,8/11/2010,310,310.5,308.5,312.3,986,542,8/12/2010,394.75,406.25,394.75,414,135452,208926
,8/11/2010,1038,1044.5,1035,1053,794,534,8/10/2010,311.1,309.3,308,311.8,1205,1269,8/11/2010,393.5,395.5,390.5,400.5,115740,233263
,8/10/2010,1047,1036.25,1033.75,1047,1669,1094,8/9/2010,313.6,311.1,311,314.6,1220,2126,8/10/2010,402.5,393.5,392.75,402.75,92894,263044
,8/9/2010,1057.75,1048.5,1045.5,1067,1337,2256,8/6/2010,313.6,313.6,310.5,315,1086,2827,8/9/2010,402.75,403,401,411,97009,293716
,8/6/2010,1052.25,1059,1046.5,1061.25,754,3022,8/5/2010,311.5,313.6,309,319,1022,3370,8/6/2010,401.25,405,392,408.25,99928,320896
,8/5/2010,1054,1055,1045.5,1080,1490,3268,8/4/2010,309.9,311.5,308,312.9,1582,4011,8/5/2010,398.75,403.5,395.5,425.25,136368,350613
,8/4/2010,1048,1053,1048,1065.75,2210,4058,8/3/2010,311,308.3,305.9,311,2389,4588,8/4/2010,388.75,400.25,387.5,402,69440,353148
,8/3/2010,1051,1053.5,1037.5,1054,3978,4623,8/2/2010,311,310.9,311,317.6,3653,5658,8/3/2010,390,389.5,385,394.5,58900,353203
,8/2/2010,1051.75,1053.25,1049,1073,4855,5622,7/30/2010,305.4,310.9,305,314,7009,7170,8/2/2010,391.5,390.5,389.25,404.25,96441,361612
,7/30/2010,1026.25,1052.5,1026.25,1054.75,10588,7237,7/29/2010,301.9,305.4,301.7,306,13885,9399,7/30/2010,378.5,392.75,378.25,393.25,91621,369602
,7/29/2010,1012.5,1026.75,1011.5,1028.5,24245,12110,7/28/2010,295.6,301.7,295.3,302.7,13513,12482,7/29/2010,376,379.25,375.5,385.5,76118,370513
,7/28/2010,998,1010.5,997.75,1015,26787,19386,7/27/2010,292.5,294.5,292.4,296.5,16454,16678,7/28/2010,362.75,376.25,362.25,379.5,75851,376395
,7/27/2010,997.5,998,994.5,1005,24867,27473,7/26/2010,299.6,293.2,291.8,299.6,16246,20657,7/27/2010,363.5,362.75,362,369.5,48460,381417
,7/26/2010,1014,998.25,994.25,1015.5,23565,36025,7/23/2010,299.6,299.9,298.9,301.8,16270,22845,7/26/2010,369,364,361.75,371.75,75192,390507
,7/23/2010,1015.25,1017,1012,1022,16530,39503,7/22/2010,302.8,300.2,298.5,305.6,17162,26232,7/23/2010,375.25,371.25,369.75,379.5,58696,394563
,7/22/2010,1013.5,1016,1008.75,1026,24284,47467,7/21/2010,302.6,303.3,301,305.3,12323,26569,7/22/2010,379,376.5,374,387,68229,401677
,7/21/2010,1012,1015.25,1007.5,1020,19617,51222,7/20/2010,304.3,301.5,300,305,14655,29869,7/21/2010,374,379.75,373.25,381.5,47803,398630
,7/20/2010,1006.75,1011.75,998.5,1014.25,20147,54397,7/19/2010,305.8,305,302,310.3,12004,30821,7/20/2010,379.75,374,373.25,380.25,64362,398501
,7/19/2010,1007.25,1008,1003.5,1022.25,26417,56289,7/16/2010,307,307.8,304.8,309.5,8361,32317,7/19/2010,386.25,381.5,376.75,391.25,72718,398630
,7/16/2010,1018,1019.5,1013,1027,22257,63245,7/15/2010,298.3,307.6,297.4,307.7,17750,32200,7/16/2010,391.25,394.75,387.5,395.75,69731,401677
,7/15/2010,995.75,1019,989,1021.75,36600,65864,7/14/2010,314,313,312.9,318.4,385,127,7/15/2010,383.5,392.5,383,397.75,87390,400595
,7/14/2010,1030.5,1036,1025.75,1038.5,183,25,7/13/2010,315.4,312.9,311,317.9,1250,1084,7/14/2010,366,375.25,365.75,377,2415,895
,7/13/2010,1034,1030.5,1026.5,1041,1519,184,7/12/2010,311.7,314.8,311.5,319.8,1852,1687,7/13/2010,369.5,366.75,366,374.25,4930,1843
,7/12/2010,1024.75,1031.75,1017.5,1043,1476,1192,7/9/2010,311.9,314.1,311.2,316.3,1675,2507,7/12/2010,375,371.25,369.75,376.5,6507,3233
,7/9/2010,1012.5,1025.5,1010.75,1030,2387,1726,7/8/2010,304.1,310.4,302.7,316.7,2585,3509,7/9/2010,375.75,375.25,373.25,378,7015,4675
,7/8/2010,989.5,1012.5,987.75,1023,2660,2796,7/7/2010,297,304,297,305,2109,4929,7/8/2010,370.75,377.5,370,378.5,7471,5603
,7/7/2010,964,993,964,995,4037,4120,7/6/2010,294.8,297.2,292,299.4,2860,6062,7/7/2010,360,370.75,359.75,371.25,8953,8142
,7/6/2010,962.5,964.25,959.5,976.25,2499,5875,7/2/2010,292,294.9,290.9,296,3288,7214,7/6/2010,362.25,360,359.25,371.25,17886,13159
,7/2/2010,951,962.75,950.5,967.25,5497,7045,7/1/2010,291.5,291.5,289.4,293.5,4996,7942,7/2/2010,363.5,364,361.25,366.25,19278,15331
,7/1/2010,948.5,953.5,943.25,954.25,7003,9463,6/30/2010,290.7,289.4,289,299,8819,9088,7/1/2010,354,365.5,351.5,367.25,17351,20723
,6/30/2010,948.5,948.5,945,973,12654,11740,6/29/2010,292.8,289.8,288.8,294.8,17400,11647,6/30/2010,325.25,354.25,325,358,65209,25416
,6/29/2010,957.5,947.25,946,961,36315,15239,6/28/2010,289.5,292.3,287.1,294,22179,17606,6/29/2010,333.5,325,324.5,334.5,116715,36572
,6/28/2010,958.25,955,953.25,961,48179,27030,6/25/2010,289.9,289.6,288.5,290.7,20809,22740,6/28/2010,339.5,333.75,332,339.75,123243,67229
,6/25/2010,956,957,955,960.75,33554,49822,6/24/2010,289.6,290.1,289,293,24615,31335,6/25/2010,344.75,340.5,339.5,346.25,102191,98354
,6/24/2010,958,955.5,955.25,965,36751,69574,6/23/2010,290.5,289.3,287.9,291,22313,36529,6/24/2010,346.5,344.75,342.25,348.75,125609,159949
,6/23/2010,964.25,958,956.5,966.25,44664,75659,6/22/2010,289.3,290.7,287.7,292.8,24338,40110,6/23/2010,351.25,346.5,345.75,351.75,100134,188457
,6/22/2010,963.25,965.5,961.75,970,37116,80091,6/21/2010,289.4,288.9,286.2,292.8,38186,44183,6/22/2010,355,351.5,348.25,356.25,106443,203775
,6/21/2010,965.25,963.25,958.75,972,48323,88723,6/18/2010,286,289.4,285.9,289.5,20147,50777,6/21/2010,363,355,351.25,367.25,149983,221220
,6/18/2010,953.5,961,952.5,961.25,48574,97395,6/17/2010,286.8,286,285,288.9,23276,56435,6/18/2010,356.75,360.75,355.75,364.25,116128,238711
,6/17/2010,957,952,951,964,53904,105437,6/16/2010,286.1,287,285.9,288.3,20985,60745,6/17/2010,356.25,357.5,354.25,360,101835,262392
,6/16/2010,949.5,957.75,949,961.75,47071,110869,6/15/2010,290.1,285.7,285.5,292.4,22892,63601,6/16/2010,353.5,356.25,352.75,360.5,117993,280092
,6/15/2010,949.75,949.5,947.25,961.75,58688,115854,6/14/2010,288.8,290,288.4,292.9,30437,66244,6/15/2010,352,353.75,350.75,355,99101,295369
,6/14/2010,945,951.5,944.75,958.75,69139,124118,6/11/2010,282.9,289.7,281.7,290,23407,69988,6/14/2010,349,353.75,348.5,354.5,112712,312211
,6/11/2010,935,946.25,930.5,947,65189,137601,6/10/2010,284.8,282.3,280.6,288.7,33831,70093,6/11/2010,343.25,349.5,342.75,349.75,106329,327600
,6/10/2010,942.75,935,930.5,952,93353,148126,6/9/2010,277,285.5,276.2,287.6,49293,71958,6/10/2010,338,343.25,336,348,161773,353285
,6/9/2010,929.75,943.5,926.25,951.75,108439,162034,6/8/2010,278.3,276.8,276,279.7,29510,70331,6/9/2010,338,338.25,336.5,341.25,144352,370273
,6/8/2010,934,931,926,937.5,77801,180828,6/7/2010,277.1,278.7,274.8,280.9,24315,73358,6/8/2010,336.5,337.25,335,340.25,171038,407568
,6/7/2010,934,935,928.25,939,71789,189486,6/4/2010,282,277.2,275.3,282.9,31045,77675,6/7/2010,340.75,335.75,335.5,341,140946,431066
,6/4/2010,955,935,931.5,958.25,78812,200117,6/3/2010,271.4,284,271.4,284,42618,79698,6/4/2010,350,340,339.75,350.75,139239,455246
,6/3/2010,934,955,933.5,958,87817,202117,6/2/2010,269.6,271.4,269.5,272.2,21130,74788,6/3/2010,349,349.5,344.5,351.5,141195,457466
,6/2/2010,931.5,932.5,930.5,936.75,47760,209165,6/1/2010,274,269.4,269,275.2,27057,76740,6/2/2010,354.25,348.5,347.75,357.5,127867,458688
,6/1/2010,939.25,932,930.5,943.75,57229,210708,5/28/2010,276,273.5,272.3,277.6,32713,79291,6/1/2010,358.75,354,353,361,137372,462091
,5/28/2010,951.75,937.75,936.5,956,68360,215408,5/27/2010,271,276,271,276.5,30928,81567,5/28/2010,372,359,358.25,373,150749,468579
,5/27/2010,936.75,951.75,936,953.75,65148,211687,5/26/2010,272,271.3,270.5,274.3,28120,85010,5/27/2010,369.5,373.25,368.25,373.75,97272,478609
,5/26/2010,934.25,938,933,940,51696,216503,5/25/2010,273.4,271.1,270,274.4,27165,85622,5/26/2010,367.25,371.5,366.25,372,97015,483156
,5/25/2010,939,930.5,927.5,941,59077,220712,5/24/2010,276,273.7,273.3,279.9,21280,85006,5/25/2010,369,364.25,362.5,370.25,122528,491587
,5/24/2010,941,940.5,939,952.5,60987,219993,5/21/2010,276.2,275.6,275,278.8,27780,84846,5/24/2010,368.5,371,367.75,372.75,96250,503785
,5/21/2010,944.75,941,938,950.5,64210,221247,5/20/2010,273.4,276.2,270.8,276.5,33599,88310,5/21/2010,362,369,359,372.5,147199,506941
,5/20/2010,941.5,944,931,947.75,80994,228433,5/19/2010,273,273.4,272.5,278.3,30814,91398,5/20/2010,360,362,354.25,363,112279,514332
,5/19/2010,938.5,938.5,935.75,948.5,77434,228320,5/18/2010,275,273.6,272.8,276.7,23256,92748,5/19/2010,359.75,359.25,353.5,363.25,115468,517214
,5/18/2010,943,939.5,936,949.5,59875,233900,5/17/2010,278,273.9,272.9,278.4,27583,95291,5/18/2010,358,359.75,357,362.75,104868,517454
,5/17/2010,954,941,937.5,955,62149,228055,5/14/2010,282.1,282.2,281.5,282.7,68,148,5/17/2010,364,356,355.5,364.5,112705,523957
,5/14/2010,960.5,948,946.75,960.5,,,5/13/2010,279.3,284.4,277.9,285.4,453,148,5/14/2010,366.5,356.75,356,366.5,,
,5/13/2010,958.25,960.5,956,965.75,839,320,5/12/2010,283.5,281.3,280,284,622,602,5/13/2010,370.25,366.5,365.25,373.75,1326,419
,5/12/2010,958.75,959.5,955,968,1034,831,5/11/2010,278.1,282.3,276.5,282,999,1036,5/12/2010,369.5,371.75,367.75,379,3604,1387
,5/11/2010,953,958.25,946.5,961,1532,1511,5/10/2010,277.7,278.2,276.4,279.9,1328,1550,5/11/2010,362,369.75,358,370,1923,3020
,5/10/2010,954.25,952.75,951,960.25,2194,1890,5/7/2010,275,276.4,273.3,278.8,677,3055,5/10/2010,363.75,363,361.75,369.75,4549,4217
,5/7/2010,945.75,951.25,940,955.5,3834,3217,5/6/2010,281,276.2,273.3,282.7,1222,3437,5/7/2010,362.25,364.75,360.75,367.75,5188,6283
,5/6/2010,969,945.5,941.5,973,7481,3797,5/5/2010,285.8,279.7,279.5,286.4,2735,4178,5/6/2010,365,364,361,372.75,10329,7665
,5/5/2010,978.5,968.25,967.25,983,9530,4504,5/4/2010,283.2,285.5,280.5,287.7,1905,5214,5/5/2010,360,364.75,354.5,365,14167,9703
,5/4/2010,975.25,977,963.75,980.5,11422,5497,5/3/2010,297.8,282.7,283.5,297.8,2511,5809,5/4/2010,362.25,360,353.5,362.75,16371,13167
,5/3/2010,988.25,975.75,973.25,992,15217,8840,4/30/2010,287.3,291.3,286,292,5587,6839,5/3/2010,366,362.75,360.25,369,17483,17892
,4/30/2010,985,989.5,983,992.25,13964,12381,4/29/2010,288,287.4,286.3,290.2,16653,7622,4/30/2010,361,366.25,360.25,367.5,26530,20422
,4/29/2010,983,985.75,982.75,995.25,35022,15630,4/28/2010,287.1,288.6,285.9,291,18711,12894,4/29/2010,356.75,360.5,356.75,370,78456,26000
,4/28/2010,982,982.75,977.5,992,43069,25191,4/27/2010,294.5,287,285.8,294.5,11561,18247,4/28/2010,348.5,357,348.25,361.75,71517,42460
,4/27/2010,997.75,982.75,981.5,1001,37245,34362,4/26/2010,292.3,294.6,291.4,296.4,15794,21844,4/27/2010,352.25,347.5,345,353.5,85029,57538
,4/26/2010,996,998.75,995.25,1009.5,42125,39939,4/23/2010,295.9,292.3,290.9,296,23330,24601,4/26/2010,353,352.25,352,359.5,92137,80118
,4/23/2010,1002.25,1000,996,1006.5,32219,47599,4/22/2010,292.3,295.6,290.9,296.7,23415,31772,4/23/2010,360.75,353,352,362.5,98676,102485
,4/22/2010,995,1004.25,991,1005,34834,57358,4/21/2010,287.5,293,286.3,295.3,21715,36401,4/22/2010,358.75,362.25,356,363,73359,132724
,4/21/2010,985,995.5,983,1005,48564,61247,4/20/2010,283,287.5,283,287.8,15467,40222,4/21/2010,355.25,359.25,355.25,363.25,104079,146436
,4/20/2010,977.5,984,977.5,987.75,39834,68584,4/19/2010,280.9,283.9,279.6,284.1,20513,41049,4/20/2010,349.25,355.5,349.25,356.5,96888,155277
,4/19/2010,981.5,976.75,972.25,985.25,52032,75486,4/16/2010,281,280.9,279.6,284.3,27000,44434,4/19/2010,362.5,347.75,347.75,363,107934,171116
,4/16/2010,983,985.25,978.25,989.75,67874,82302,4/15/2010,274.3,281.9,273.3,282,31506,49363,4/16/2010,362,364,358.5,365,109384,189480
,4/15/2010,968.5,984,964.25,985.5,91261,90936,4/14/2010,274.2,274.3,273.1,277,28692,50634,4/15/2010,357.5,363.25,356,363.75,115369,202890
,4/14/2010,968,969,965,976,92109,91320,4/13/2010,270.4,275.2,268.4,276,28757,52888,4/14/2010,352,358,351.5,363.75,223855,216526
,4/13/2010,958.25,968,954.25,972.25,123181,102629,4/12/2010,266,271.4,265.5,271.8,28155,57324,4/13/2010,347.75,352.5,345.25,353.5,183842,249782
,4/12/2010,954.5,960,952.75,965.5,107406,117479,4/9/2010,262.7,265.3,261.5,267.7,27893,61662,4/12/2010,346.5,348.25,345.5,351.25,138115,283715
,4/9/2010,946,952.25,943.25,964,89029,135943,4/8/2010,265.2,262.6,262.1,266.5,20338,65117,4/9/2010,348.25,345.75,344,352,112702,318627
,4/8/2010,950.25,946.5,945.25,953.75,64665,149627,4/7/2010,262.5,265.6,261.6,266.7,17829,67639,4/8/2010,355,348.25,346.25,355.75,146831,332728
,4/7/2010,942.5,952.5,938.75,957,74371,156886,4/6/2010,261.8,263.1,260.5,263.8,18243,69146,4/7/2010,346.75,356.5,343.75,359,186180,342019
,4/6/2010,936,944.5,934,945,53024,159067,4/5/2010,265.5,261.2,260.5,266.7,19834,68824,4/6/2010,345.75,346.5,344.25,349.75,89924,360471
,4/5/2010,942,936,932.75,946,47924,161441,4/1/2010,266.4,265.9,264,270.5,25699,71852,4/5/2010,344.75,345.75,343.75,347.25,79432,371952
,4/1/2010,940,942,932.5,947,74880,165407,3/31/2010,282.5,265.8,263.6,282.8,55000,75783,4/1/2010,345.25,344.5,343.5,349,92918,380950
,3/31/2010,972,941,930.5,977,131018,171923,3/30/2010,275.9,283.1,274.2,283.5,34941,79315,3/31/2010,345.25,345,343.5,349,126262,383724
,3/30/2010,967.5,974,960.25,974.25,76370,177399,3/29/2010,270.5,276.9,270,278.2,31911,80532,3/30/2010,356.5,354.5,351.75,359,134295,396050
,3/29/2010,952.5,967.5,951.5,977.5,96574,178213,3/26/2010,266,270.9,265.7,271.5,38681,81996,3/29/2010,356,357,354.75,360,89062,408163
,3/26/2010,942.75,952,941.75,955,62101,175665,3/25/2010,270.9,265.9,265.5,274,38632,83711,3/26/2010,355.25,356.25,355,358,67136,416263
,3/25/2010,958,942.5,942,966.5,79415,177472,3/24/2010,272.3,270.9,267.5,272.5,22726,85664,3/25/2010,364.5,355,354,366.5,102042,423171
,3/24/2010,967.75,960,953.25,967.75,60563,178785,3/23/2010,270.8,271.9,269.9,274.4,25763,86215,3/24/2010,363.25,365,359,366.5,77811,429470
,3/23/2010,966.75,968,964.75,976.5,62583,180842,3/22/2010,269.8,271.4,268.1,273.7,22726,88287,3/23/2010,371,362.75,362.5,372.25,104624,433088
,3/22/2010,959.75,968.5,956.5,975,67630,183360,3/19/2010,269.8,270.2,266.2,270.6,24747,89678,3/22/2010,373.5,370.75,370.5,376.25,73826,431160
,3/19/2010,959.5,961.75,952.25,964,45955,181470,3/18/2010,266.8,269.9,263.9,271.2,30708,90722,3/19/2010,375.25,374.5,371.5,376.25,58909,437627
,3/18/2010,957.5,959.5,947.25,962.5,64849,183802,3/17/2010,261.4,267.4,260.1,267.9,33037,92761,3/18/2010,373,376,369,376.5,83044,440033
,3/17/2010,944,959,942,962.25,69677,184053,3/16/2010,257.5,261.5,257.1,263.6,28005,95967,3/17/2010,367.75,374,365,374.5,87013,445422
,3/16/2010,930.5,945,930.5,948,71579,190317,3/15/2010,252.1,257.6,251,258.1,31207,97354,3/16/2010,363.75,366.75,363,369,75425,448485
,3/15/2010,926.25,930,921.75,933.25,55498,195141,3/12/2010,250.6,251.2,250.6,251.2,196,204,3/15/2010,365,363.25,362,366.25,74189,447554
,3/12/2010,931.5,926,924,936,181,1,3/11/2010,257.5,249.6,249.2,257.5,326,211,3/12/2010,356.25,354,353.25,357.25,1408,276
,3/11/2010,956,925.5,924.75,956,409,132,3/10/2010,258.5,258.7,258,262.5,1062,431,3/11/2010,356.75,355.5,351.75,357.75,4818,1339
,3/10/2010,941.25,952,936,957,572,375,3/9/2010,259.5,259,252.6,259.5,1976,846,3/10/2010,359,355.5,352.5,360.5,6883,2741
,3/9/2010,941,941.5,929,942,865,599,3/8/2010,258,259.5,258,261.9,1268,1569,3/9/2010,364.5,358.75,358,364.5,11569,5039
,3/8/2010,938,940.5,932,944.75,1461,1068,3/5/2010,261.5,257.9,255.5,261.5,2251,1979,3/8/2010,367,364.5,362.25,367.75,11798,8337
,3/5/2010,934.75,934.75,929.75,939.75,3818,1833,3/4/2010,266.8,257.9,258,266.8,3273,2842,3/5/2010,373,364.75,364.25,377,16347,10084
,3/4/2010,952,932.5,928,952,6843,2744,3/3/2010,270.5,266.5,266.1,271,5787,4059,3/4/2010,375,372,369.25,375,20347,13116
,3/3/2010,954.75,954.5,953.5,962.5,8676,4044,3/2/2010,270.9,270.5,269,273.1,3675,6755,3/3/2010,370,375.75,366.75,377.75,24319,14631
,3/2/2010,952,954.25,948.5,959.5,9441,5623,3/1/2010,273.8,271,268.5,273.9,3420,8087,3/2/2010,371,370.5,365.25,373.5,28409,16085
,3/1/2010,954.25,952.5,944,959,12750,6739,2/26/2010,271.7,273.2,270.5,274,7305,9278,3/1/2010,378,370.75,369.25,381,32859,20427
,2/26/2010,940.5,951,937.75,953.5,22885,9468,2/25/2010,276.8,272.1,271.3,276.9,14642,11961,2/26/2010,372,378,372,380,47785,27145
,2/25/2010,954.75,941.5,934.75,957,37834,13418,2/24/2010,280.2,276.9,275.2,283,16828,16378,2/25/2010,374.75,372.25,369.25,375,77961,40312
,2/24/2010,952.5,955.5,945.25,963,62137,21397,2/23/2010,281.3,279.6,279.5,289.6,19104,22268,2/24/2010,367.75,375.25,367.5,376,73542,58700
,2/23/2010,960,952.5,952,978.75,90583,40283,2/22/2010,276.4,281.7,276.4,282.5,18238,26150,2/23/2010,370,367.75,367.25,373,113231,80636
,2/22/2010,946.25,961.5,944.25,962.5,78385,56040,2/19/2010,274.9,276.4,272.3,277.2,21223,31216,2/22/2010,360,371.5,360,376.75,192526,104841
,2/19/2010,939.5,945,931.75,948.5,50516,73569,2/18/2010,278.6,275.6,274,280.8,22380,39655,2/19/2010,355,360,353.25,360.5,97358,159291
,2/18/2010,952,948,942,957.75,60035,86644,2/17/2010,283.9,279.4,277.7,284.4,24306,42041,2/18/2010,360.5,357.25,355.5,361.5,98889,188867
,2/17/2010,963.5,951.5,948,964,71599,95826,2/16/2010,282,283.9,280.6,284.5,22219,46524,2/17/2010,367,360,359.5,368,86665,205540
,2/16/2010,948,965.5,945.25,966,82989,103556,2/12/2010,277.3,280,273,280.3,21343,48273,2/16/2010,362.25,367.25,362,368.75,126169,215380
,2/12/2010,942,945,926,948,80635,110038,2/11/2010,276.3,277.4,274.8,280.2,29325,51888,2/12/2010,363.5,361.5,357.5,364.25,101557,229895
,2/11/2010,938,943,936,950.5,108012,116777,2/10/2010,270.7,276.4,270,276.5,25479,57966,2/11/2010,361.75,363.25,359.5,365,134275,243914
,2/10/2010,924,937.5,918.75,939.75,116039,132353,2/9/2010,274,270.6,270.2,278.2,32189,60516,2/10/2010,358.75,361.75,355.25,365.5,169470,267068
,2/9/2010,929.5,924.5,920,944,120623,151129,2/8/2010,272.8,274.4,272.7,276,20314,63099,2/9/2010,355.75,358.5,354.75,363.5,196600,296803
,2/8/2010,919.75,929.5,913,939.75,95026,167105,2/5/2010,271.1,271,270.1,274.7,24339,63744,2/8/2010,354,356,347.25,362,148576,337391
,2/5/2010,914,913.5,909,921.5,104735,177036,2/4/2010,270,271.2,265.5,271.8,27773,64859,2/5/2010,354.25,351.5,347.5,355.5,164659,363427
,2/4/2010,911.25,914,900,916,92907,186848,2/3/2010,273.6,268.9,268,276.9,26745,67146,2/4/2010,355.75,354,349,359,163425,384929
,2/3/2010,926.5,908,908,934,81861,197823,2/2/2010,272,273.6,270.7,275.3,22559,67200,2/3/2010,365,353,352.5,368.25,171750,403871
,2/2/2010,911.25,925.5,905.25,930,91665,203292,2/1/2010,274.3,271.8,271.3,278,28392,66178,2/2/2010,359,365,358.75,367.25,146992,417990
,2/1/2010,915.25,909.75,908.25,924.75,84217,211616,1/29/2010,281.4,273.8,273,282.3,31288,68837,2/1/2010,356.25,359,355.5,360.75,112634,431826
,1/29/2010,931.5,914,913,936.75,85062,214916,1/28/2010,282,281.6,278.2,282.9,28634,70835,1/29/2010,361.75,356.5,355.25,363.5,131890,443575
,1/28/2010,931.25,931.75,921,937.5,82360,216931,1/27/2010,286.7,281.3,280.5,286.9,27294,73265,1/28/2010,359,361.75,357.75,363,104224,445738
,1/27/2010,945.75,929,928.5,946.5,73154,216589,1/26/2010,283.2,287.4,281.2,287.5,27363,74439,1/27/2010,362.25,358.25,358.25,363.5,86413,458055
,1/26/2010,941,947.5,932,949.5,81769,220120,1/25/2010,286.8,283,282,287.8,23362,73490,1/26/2010,367.75,362.25,360.25,369,106613,466458
,1/25/2010,955,940.5,935.25,956,72563,225881,1/22/2010,288.2,286.4,285.8,289.4,23884,73839,1/25/2010,366.75,367.75,365.25,369.25,83425,469149
,1/22/2010,956,951.5,945.5,957,54161,225381,1/21/2010,287,287.5,286.4,290.8,27846,74385,1/22/2010,372.5,364.75,363.5,372.75,116246,475031
,1/21/2010,950,954,948.5,959.5,63882,227819,1/20/2010,290.4,286.2,285.5,292,31014,74239,1/21/2010,369,372,364,372,117638,479716
,1/20/2010,963.75,950,940.75,971,91082,228624,1/19/2010,292,290.9,289.6,294.2,30096,74953,1/20/2010,369.25,368,362.25,370.5,117028,482904
,1/19/2010,974,963.5,962.75,984,77967,227489,1/15/2010,290.1,291.7,288.8,293.5,28168,75886,1/19/2010,371.5,369.25,367.75,375.25,125418,492821
,1/15/2010,983.5,974,971.75,988.75,76864,226066,1/14/2010,300,299,297.8,301.9,357,53,1/15/2010,379,371.5,369.5,379.75,164273,501453
,1/14/2010,983.75,968.5,967.5,986,1314,1066,1/13/2010,295,300.5,294.4,302,739,214,1/14/2010,382.25,381,376.5,382.75,150818,497738
,1/13/2010,965.5,983.5,964,983.75,1939,1355,1/12/2010,304.4,295.4,293.5,305.8,1537,673,1/13/2010,384.5,384,368,385.25,301566,508682
,1/12/2010,999.5,969.5,961.75,1001.25,4953,2747,1/11/2010,308.5,304.7,303.7,311,1305,1492,1/12/2010,419,392.5,392.5,419,93351,520834
,1/11/2010,1014,1001.75,997.5,1022,7286,4585,1/8/2010,307.8,306.8,305.2,308,1141,2077,1/11/2010,421.75,422.5,418,425,135979,528876
,1/8/2010,1018.25,1013,1005,1018.25,7820,5889,1/7/2010,317.9,307,307.7,318,3298,2829,1/8/2010,417.5,423,415,423.75,135002,516225
,1/7/2010,1050.5,1017.75,1016.5,1052,11750,7338,1/6/2010,319,317.9,315.7,325.2,2183,3951,1/7/2010,421,417.5,414.5,424,137395,505870
,1/6/2010,1050,1050.5,1042.75,1058.5,17567,8179,1/5/2010,316,319.4,314.3,320,3162,4684,1/6/2010,418,421.75,416,422,96453,499672
,1/5/2010,1047,1052.25,1042,1056,21073,10277,1/4/2010,318.6,316,312.5,322.9,3802,5502,1/5/2010,417.25,418.75,415.25,420,80967,499122
,1/4/2010,1043,1049.5,1041.25,1065.5,25947,12149,,,,,,,,1/4/2010,415.75,418.5,413.25,426.25,140553,500022
